,data_name,stage,model,score,data_f1_mean,data_f1_stde,kb_f1_mean,kb_f1_stde,bal_f1_mean,bal_f1_stde
0,norman,init,GNN,neural,0.2228717022276072,0.004638198420355399,0.2873413365302892,0.01061893069805897,0.2497915508196027,0.0025979912936858335
1,norman,data_only,GNN,neural,0.5833603477316379,0.0014503015302019806,0.3023277627543599,0.008892728328202482,0.3795185546505341,0.008853569050938537
2,norman,ABL1_refl,GNN,neural,0.5400594234736256,0.001372225841019259,0.3454896146050649,0.005730426336013922,0.4112556016545319,0.004846829408526043
3,norman,ABL1_refine,GNN,neural,0.5400594234736256,0.001372225841019259,0.63806474799656,0.01160417148763665,0.5823842830215751,0.004134032044818048
4,norman,ABL2_refl,GNN,neural,0.5358343156845866,0.0038584331648869874,0.63806474799656,0.01160417148763665,0.5823842830215751,0.004134032044818048
5,norman,ABL2_refine,GNN,neural,0.5358343156845866,0.0038584331648869874,0.6423378075183745,0.01163674744608234,0.5840005598460276,0.004092540416339718
6,norman,init,GNN,integrated,0.227387814660982,0.005366481547789986,0.32591650174701786,0.013075948842393492,0.264665337434838,0.0036698536063779763
7,norman,data_only,GNN,integrated,0.5385814241105955,0.0016726969327521823,0.38202463103935347,0.010869164809642257,0.44009526389853193,0.008325152244653078
8,norman,ABL1_refl,GNN,integrated,0.5153529142473424,0.01625836817465523,0.41327532870732714,0.03664189634348969,0.45360794463709986,0.018989670066561493
9,norman,ABL1_refine,GNN,integrated,0.5269877589500874,0.002348605058150488,0.6555222708923873,0.0020582748713432464,0.5809261777419853,0.0021526925728010404
10,norman,ABL2_refl,GNN,integrated,0.5261415562530501,0.0031948077551877674,0.6559092956144617,0.002445299593417549,0.5809261777419853,0.0021526925728010404
11,norman,ABL2_refine,GNN,integrated,0.5260732485352781,0.003321090422470696,0.6595661982308263,0.0019009562576950967,0.5820468891116084,0.0024762474054730865
12,norman,init,MLP,neural,0.22242346730425328,0.006765736978873199,0.2876420364204164,0.009492043050053828,0.2502259692738704,0.0064203704467119815
13,norman,data_only,MLP,neural,0.5804186019065727,0.003401601042851088,0.2983330558751257,0.0049753249963082335,0.3754388307128643,0.00520064710183421
14,norman,ABL1_refl,MLP,neural,0.5381779298172883,0.001405220429097076,0.34128912022700714,0.005246235604313809,0.4074432221447987,0.004449058965643127
15,norman,ABL1_refine,MLP,neural,0.5381779298172883,0.001405220429097076,0.6432319553955335,0.006143106090165218,0.5833277166558439,0.0020672848743602534
16,norman,ABL2_refl,MLP,neural,0.5303534657105605,0.004377343048572846,0.6444255289423029,0.006752566790913239,0.5796333748616651,0.001765852064795237
17,norman,ABL2_refine,MLP,neural,0.5303534657105605,0.004377343048572846,0.6508064295452387,0.005541342557394191,0.581096054370593,0.0021298100212081006
18,norman,init,MLP,integrated,0.22813730804317406,0.006878046350615813,0.3271849752360301,0.01068946253197775,0.2664812424714029,0.006024312661133874
19,norman,data_only,MLP,integrated,0.536021140854411,0.0019030648162388086,0.3767328619902752,0.006299692222738934,0.4358651245459254,0.005390734849073625
20,norman,ABL1_refl,MLP,integrated,0.5039705503107728,0.010558856396074706,0.43068717983377897,0.019748579850597192,0.46191443901578133,0.009746992025605694
21,norman,ABL1_refine,MLP,integrated,0.5252338100193457,0.004153490823341099,0.6548510560352163,0.004392363917186393,0.5796588079381255,0.0015305592846688865
22,norman,ABL2_refl,MLP,integrated,0.5246208969442216,0.004708253592463352,0.6528407454787195,0.00643632635697422,0.5781139033195155,0.001059616255932594
23,norman,ABL2_refine,MLP,integrated,0.5247852083867101,0.004623575256190948,0.6572751778500224,0.0045141054849719975,0.5799226786327762,0.001569739075318266
24,dixit,init,GNN,neural,0.2772453257114645,0.0022210695036675165,0.2650231650075807,0.005019309962642243,0.2708879260635632,0.003228229487208467
25,dixit,data_only,GNN,neural,0.5006590376749981,0.008473508383811529,0.27622523445787683,0.006110066398523378,0.3420346055923026,0.007151186796704595
26,dixit,ABL1_refl,GNN,neural,0.4692036188813065,0.003463451669303952,0.3759573420064526,0.006501623210444035,0.4148004012112475,0.0032006139235951914
27,dixit,ABL1_refine,GNN,neural,0.4692036188813065,0.003463451669303952,0.6318917461968011,0.01184275100423604,0.5315965974479613,0.003564037304113643
28,dixit,ABL2_refl,GNN,neural,0.46835826978821193,0.004308800762398507,0.6325259545108317,0.012476959318266645,0.5315965974479613,0.003564037304113643
29,dixit,ABL2_refine,GNN,neural,0.46835826978821193,0.004308800762398507,0.6518357769011832,0.0019427439846813055,0.5376278569244879,0.003540895912035269
30,dixit,init,GNN,integrated,0.2805308693351489,0.00237161513163911,0.33672433029945714,0.004431545739337156,0.30467839847513034,0.0030362959572140247
31,dixit,data_only,GNN,integrated,0.45085994241308347,0.006767297446893361,0.3807960013079209,0.0032560078078315846,0.41096982000868665,0.004181204313110337
32,dixit,ABL1_refl,GNN,integrated,0.4533522198443692,0.010216208144606886,0.4146858300874951,0.02511289036347253,0.43096284647460403,0.010495059031658871
33,dixit,ABL1_refine,GNN,integrated,0.4585212655433343,0.004800593730869107,0.6366787721374584,0.012158625518099986,0.5249213414282577,0.004794033959143573
34,dixit,ABL2_refl,GNN,integrated,0.4588221573266701,0.004499701947533324,0.6375507915823115,0.013030644962953142,0.5249213414282577,0.004794033959143573
35,dixit,ABL2_refine,GNN,integrated,0.458920264894163,0.00470703824523977,0.6555322205939959,0.0023044239976155456,0.531528236488642,0.004138084571113587
36,dixit,init,MLP,neural,0.2782482978538823,0.0025199146177748155,0.27241853446965114,0.007935629118273974,0.27524553814043984,0.0053154207462565994
37,dixit,data_only,MLP,neural,0.43408527178235856,0.0236606598420456,0.21620560744591447,0.01829969704897072,0.27363210166695223,0.021529296515782892
38,dixit,ABL1_refl,MLP,neural,0.42994646698233474,0.0017915186321355303,0.35338300607245304,0.024424443714118227,0.3853470014225797,0.015755704613538174
39,dixit,ABL1_refine,MLP,neural,0.42994646698233474,0.0017915186321355303,0.6508090141035958,0.00736884667754939,0.5078736241937674,0.002318951614509346
40,dixit,ABL2_refl,MLP,neural,0.4196933479172581,0.0034888729089207204,0.6537760701204129,0.006953881472833323,0.5003811041525319,0.003583958079030225
41,dixit,ABL2_refine,MLP,neural,0.4196933479172581,0.0034888729089207204,0.6593028486882456,0.004114923002932924,0.501229512793251,0.003282919394502065
42,dixit,init,MLP,integrated,0.2819970049401743,0.0022902120455729758,0.35147439774578415,0.013314692106287912,0.31112825112831005,0.0059880915780779476
43,dixit,data_only,MLP,integrated,0.4206918312772754,0.0027734171060493917,0.3929873897597994,0.018424858674198574,0.4062451496477702,0.010365519738010698
44,dixit,ABL1_refl,MLP,integrated,0.41256212930252945,0.0021844140510109966,0.4244990461382986,0.016843158805098207,0.4177077322024564,0.007308586865993505
45,dixit,ABL1_refine,MLP,integrated,0.41883470916405885,0.003926249166351148,0.6591452004638205,0.0035678927314208297,0.5003286036999864,0.0035564733216151556
46,dixit,ABL2_refl,MLP,integrated,0.4181111221503353,0.0036346973494503776,0.6579011529204364,0.004153373301605534,0.4995533536975565,0.0034529066289761545
47,dixit,ABL2_refine,MLP,integrated,0.4179592607917585,0.0035595218214541924,0.6629974283567972,0.0014201223965645826,0.5001711624833921,0.003193279866308879
48,adamson,init,GNN,neural,0.27957198748327317,0.003981682135903913,0.29190448851585593,0.01722845909143314,0.2866185650324643,0.0086321168243918
49,adamson,data_only,GNN,neural,0.5708187045108377,0.0035633314382547687,0.3577034889402393,0.011233492545332596,0.42920405618508006,0.009641843863481242
50,adamson,ABL1_refl,GNN,neural,0.5501525235951175,0.004036633607864104,0.398141077455912,0.009330643167548197,0.45705398578551537,0.0072121675135278784
51,adamson,ABL1_refine,GNN,neural,0.5501525235951175,0.004036633607864104,0.6115482088677051,0.01661114897963356,0.5802770894375671,0.006796874274280995
52,adamson,ABL2_refl,GNN,neural,0.5496069213977862,0.004474397872039182,0.6124857009842689,0.017394634784357876,0.5782126742375541,0.004723282491355785
53,adamson,ABL2_refine,GNN,neural,0.5496069213977862,0.004474397872039182,0.6347203527176635,0.01072173840674101,0.5876753282629317,0.0021420656656213066
54,adamson,init,GNN,integrated,0.29043628145843325,0.003973836004360437,0.3600282386597764,0.024686774784958343,0.3198814268746909,0.009392141249421199
55,adamson,data_only,GNN,integrated,0.5435604063935872,0.00587815025657612,0.43192001533260516,0.031664736656529746,0.4787255367503819,0.02235176612509901
56,adamson,ABL1_refl,GNN,integrated,0.49248200626501015,0.04497168988243358,0.5588531628206883,0.10794114708349514,0.5143298872247697,0.0306037436549699
57,adamson,ABL1_refine,GNN,integrated,0.5225485353293097,0.017665025425432468,0.6320898679532623,0.009738025937280292,0.5726515933004799,0.011845747241396642
58,adamson,ABL2_refl,GNN,integrated,0.520507722769378,0.016764260264495623,0.632818673269976,0.010466831253993947,0.5697685571370638,0.010848905706634104
59,adamson,ABL2_refine,GNN,integrated,0.5234716395752825,0.017879729937096633,0.6504029195094672,0.0025537318672415044,0.5757486945022827,0.011731849088473745
60,adamson,init,MLP,neural,0.2809704872779305,0.00235149037288232,0.28634093331290766,0.021321712845859403,0.28301296138400583,0.01119325626125628
61,adamson,data_only,MLP,neural,0.47355525018063194,0.022778292286328383,0.2680193784233267,0.014826711613223187,0.3292706135245134,0.017077616411152574
62,adamson,ABL1_refl,MLP,neural,0.4827404871046954,0.008118488206182939,0.33510437707784,0.010353899846282738,0.3902495470828527,0.007440126596999108
63,adamson,ABL1_refine,MLP,neural,0.4827404871046954,0.008118488206182939,0.6310733238437818,0.012885034152858299,0.5399443102614189,0.0048042468298723495
64,adamson,ABL2_refl,MLP,neural,0.4761960985823043,0.008405637845456088,0.631065379218813,0.012618135595157454,0.5367090993455217,0.006247703222839296
65,adamson,ABL2_refine,MLP,neural,0.4761960985823043,0.008405637845456088,0.6429770548349294,0.008066710620829809,0.5398856457594262,0.005670982279859738
66,adamson,init,MLP,integrated,0.2888429714737579,0.003019902071767111,0.35539087640833533,0.029329002523246633,0.31772733377801965,0.011109474623028665
67,adamson,data_only,MLP,integrated,0.47669095856420995,0.010812215882908566,0.37248480845457627,0.0315145558949278,0.41576455260235223,0.024150408772047993
68,adamson,ABL1_refl,MLP,integrated,0.46821376820638727,0.010221244072153746,0.41106055276582454,0.02606293303396573,0.43619435415319174,0.016107703499160658
69,adamson,ABL1_refine,MLP,integrated,0.46719946115654826,0.008606315494696926,0.6466900971499588,0.005579652716055206,0.536264437726593,0.006691041578578971
70,adamson,ABL2_refl,MLP,integrated,0.4673948273839308,0.0078042279430583505,0.6418059232111557,0.008259980201895278,0.5355549041597609,0.0069785345190033765
71,adamson,ABL2_refine,MLP,integrated,0.4677819843530382,0.007792846328816161,0.6529591365846477,0.0034228832937684417,0.5382909351814371,0.006343316803468557
72,ecoli,init,GNN,neural,0.2936605141749308,0.0034421242795775187,0.20852461641345016,0.001513336485111455,0.24044357257864143,0.0021048113441929084
73,ecoli,data_only,GNN,neural,0.377307695102967,0.0026377351087343015,0.3605307864460894,0.0023858220559400956,0.3692951814961273,0.0011439473256570076
74,ecoli,ABL1_refl,GNN,neural,0.3875977980369355,0.005977778947866913,0.3713559926971932,0.026857654505473477,0.381154115586404,0.014720120568765788
75,ecoli,ABL1_refine,GNN,neural,0.3875977980369355,0.005977778947866913,0.4519594930473685,0.006999442048917698,0.4166921414666027,0.005827128526802311
76,ecoli,ABL2_refl,GNN,neural,0.38777240871898266,0.006443771785842739,0.46680369039768754,0.02347244506589402,0.41868475312080283,0.006996054633105098
77,ecoli,ABL2_refine,GNN,neural,0.38777240871898266,0.006443771785842739,0.5348496274629655,0.006931991992504827,0.4427081583464517,0.005546494331298474
78,ecoli,init,GNN,integrated,0.31512105692810377,0.0006107271718597818,0.3048014539550979,0.00782714525373518,0.30968545970908057,0.004320130248998827
79,ecoli,data_only,GNN,integrated,0.3720842534117945,0.003534856309553913,0.49304081829811586,0.005511995636781508,0.4198774285187018,0.0009197834121184578
80,ecoli,ABL1_refl,GNN,integrated,0.3765841976149291,0.01394567694559698,0.46675523881930403,0.03001006468953546,0.4141115653781276,0.002406870197025901
81,ecoli,ABL1_refine,GNN,integrated,0.36300908045472324,0.021355775057582627,0.5455635022366934,0.034127283271825626,0.4253961349455274,0.00914160463922381
82,ecoli,ABL2_refl,GNN,integrated,0.3649832150463147,0.020578995355243268,0.5466597976425402,0.03733828696724595,0.42714286551361225,0.007603482737799566
83,ecoli,ABL2_refine,GNN,integrated,0.3645888600204573,0.019172895224756653,0.6190310737735208,0.02624316379053826,0.4415153337967199,0.014069385390660244
84,ecoli,init,MLP,neural,0.2921397930252485,0.009570822148259356,0.21507207668166653,0.006660057092197802,0.24493936436255576,0.007739454420374756
85,ecoli,data_only,MLP,neural,0.3311779881690532,0.00041032138679056307,0.33710111477489424,0.0008958234286083611,0.3341483400437715,0.0005982833526309017
86,ecoli,ABL1_refl,MLP,neural,0.38719114375619607,0.0008564773836174933,0.3707540947770517,0.0005840420945043279,0.378622886934159,0.00018183964876464231
87,ecoli,ABL1_refine,MLP,neural,0.38719114375619607,0.0008564773836174933,0.3836353027346908,0.006744317937298544,0.3851199629770847,0.003221381882120289
88,ecoli,ABL2_refl,MLP,neural,0.3812174662171872,0.0028807589870975536,0.40254645433156344,0.0019688818930065355,0.3907794229279779,0.0017873016394923114
89,ecoli,ABL2_refine,MLP,neural,0.3812174662171872,0.0028807589870975536,0.4045106069211998,0.0037746697038806287,0.3916863413296087,0.0011615581546858267
90,ecoli,init,MLP,integrated,0.30381148538895814,0.0077685483378129305,0.26875007653632355,0.006211774722913593,0.2846733911867104,0.006886865349425619
91,ecoli,data_only,MLP,integrated,0.36100326088082113,0.00041477660804511984,0.5257490856760083,0.001396475511546147,0.42067023392847713,0.00038425173017409
92,ecoli,ABL1_refl,MLP,integrated,0.36157666299567476,0.0008613101265367851,0.527366864339271,0.00312720313580811,0.4215893335504366,0.0008808748111753528
93,ecoli,ABL1_refine,MLP,integrated,0.3511123724881038,0.003905192674029029,0.5973994646445768,0.007544874707263394,0.4272338776224751,0.004075887798304589
94,ecoli,ABL2_refl,MLP,integrated,0.3510881369354367,0.00420756628629787,0.5973638877259559,0.007717407834248513,0.4279429959232772,0.004240444117394909
95,ecoli,ABL2_refine,MLP,integrated,0.3499712097773221,0.0036962836415147804,0.6007576960417731,0.004653847702841718,0.42769878000188477,0.0038309521013489833
