,tf,class
1,TFAP2A,activators
2,TFAP2B,activators
3,TFAP2C,activators
4,TFAP2D,activators
5,TFAP2E,activators
6,ARID3A,
7,ARID3B,
8,ARID3C,
9,ARID5A,repressors
10,ARID5B,activators
11,KDM5B,dual
12,ARID2,dual
13,AHCTF1,
14,AHDC1,
15,AKNA,
16,ASH1L,
17,CBX2,
18,DNTTIP1,
19,DOT1L,
20,GLYR1,
21,HMGA1,
22,HMGA2,
23,PHF20,
24,PHF21A,
25,PRR12,
26,SCML4,
27,SETBP1,
28,SRCAP,
29,C11orf95,
30,FAM200B,
31,SGSM2,
32,ZBED1,activators
33,ZBED2,
34,ZBED3,
35,ZBED4,
36,ZBED5,
37,ZBED6,repressors
38,ZBED9,
39,AHR,activators
40,AHRR,repressors
41,ARNT,activators
42,ARNT2,
43,ARNTL,activators
44,ARNTL2,dual
45,ASCL1,activators
46,ASCL2,
47,ASCL3,repressors
48,ASCL4,
49,ASCL5,
50,ATOH1,activators
51,ATOH7,
52,ATOH8,activators
53,BHLHA15,
54,BHLHA9,
55,BHLHE22,repressors
56,BHLHE23,
57,BHLHE40,repressors
58,BHLHE41,repressors
59,CCDC169-SOHLH2,
60,CLOCK,activators
61,EPAS1,activators
62,FERD3L,repressors
63,FIGLA,
64,HAND1,
65,HAND2,
66,HELT,repressors
67,HES1,repressors
68,HES2,repressors
69,HES3,repressors
70,HES4,repressors
71,HES5,repressors
72,HES6,
73,HES7,repressors
74,HEY1,dual
75,HEY2,dual
76,HEYL,dual
77,HIF1A,activators
78,HIF3A,
79,LYL1,
80,MAX,dual
81,MESP1,
82,MESP2,
83,MITF,activators
84,MLX,dual
85,MLXIP,activators
86,MLXIPL,repressors
87,MNT,repressors
88,MSC,repressors
89,MSGN1,
90,MXD1,repressors
91,MXD3,repressors
92,MXD4,
93,MXI1,repressors
94,MYC,activators
95,MYCL,
96,MYCN,
97,MYF5,activators
98,MYF6,
99,MYOD1,activators
100,MYOG,activators
101,NCOA1,
102,NCOA2,
103,NCOA3,
104,NEUROD1,activators
105,NEUROD2,
106,NEUROD4,activators
107,NEUROD6,activators
108,NEUROG1,activators
109,NEUROG2,activators
110,NEUROG3,activators
111,NHLH1,
112,NHLH2,
113,NPAS1,
114,NPAS2,activators
115,NPAS3,
116,NPAS4,activators
117,OLIG1,
118,OLIG2,
119,OLIG3,
120,PTF1A,
121,SCX,
122,SIM1,
123,SIM2,
124,SOHLH1,
125,SOHLH2,
126,SREBF1,activators
127,SREBF2,activators
128,TAL1,
129,TAL2,
130,TCF12,activators
131,TCF15,
132,TCF21,
133,TCF23,repressors
134,TCF24,
135,TCF3,
136,TCF4,activators
137,TCFL5,
138,TFAP4,activators
139,TFE3,activators
140,TFEB,activators
141,TFEC,dual
142,TWIST1,dual
143,TWIST2,
144,USF1,
145,USF2,
146,USF3,
147,POGK,
148,AC023509.3,
149,ATF1,
150,ATF2,activators
151,ATF3,repressors
152,ATF4,activators
153,ATF5,dual
154,ATF6,activators
155,ATF6B,activators
156,ATF7,
157,BACH1,dual
158,BACH2,dual
159,BATF,activators
160,BATF2,
161,BATF3,
162,CEBPA,activators
163,CEBPB,
164,CEBPD,activators
165,CEBPE,activators
166,CEBPG,
167,CREB1,
168,CREB3,activators
169,CREB3L1,activators
170,CREB3L2,activators
171,CREB3L3,activators
172,CREB3L4,activators
173,CREB5,activators
174,CREBL2,
175,CREBZF,activators
176,CREM,dual
177,DBP,
178,DDIT3,dual
179,FOS,
180,FOSB,
181,FOSL1,
182,FOSL2,
183,HLF,
184,JDP2,
185,JUN,activators
186,JUNB,
187,JUND,
188,MAF,dual
189,MAFA,activators
190,MAFB,dual
191,MAFF,dual
192,MAFG,dual
193,MAFK,dual
194,NFE2,
195,NFE2L1,activators
196,NFE2L2,activators
197,NFE2L3,activators
198,NFIL3,dual
199,NRL,activators
200,TEF,activators
201,XBP1,dual
202,AC008770.3,
203,AC092835.1,
204,AC138696.1,
205,AEBP2,
206,AKAP8,
207,AKAP8L,
208,ANKZF1,
209,ATMIN,
210,BCL11A,
211,BCL11B,
212,BCL6,repressors
213,BCL6B,
214,BNC1,activators
215,BNC2,
216,CASZ1,
217,CCDC17,
218,CHAMP1,
219,CPXCR1,
220,CTCF,dual
221,CTCFL,
222,DPF1,
223,DPF3,
224,DZIP1,
225,E4F1,dual
226,EEA1,
227,EGR1,activators
228,EGR2,
229,EGR3,
230,EGR4,activators
231,FAM170A,
232,FEZF1,
233,FEZF2,
234,FIZ1,repressors
235,GFI1,repressors
236,GFI1B,dual
237,GLI1,activators
238,GLI2,dual
239,GLI3,dual
240,GLI4,
241,GLIS1,
242,GLIS2,dual
243,GLIS3,
244,GTF3A,
245,GZF1,repressors
246,HIC1,repressors
247,HIC2,repressors
248,HINFP,dual
249,HIVEP1,
250,HIVEP2,
251,HIVEP3,
252,HKR1,
253,IKZF1,
254,IKZF2,
255,IKZF3,
256,IKZF4,repressors
257,IKZF5,
258,INSM1,repressors
259,INSM2,
260,JAZF1,
261,KAT7,
262,KCMF1,
263,KIN,
264,KLF1,dual
265,KLF10,repressors
266,KLF11,dual
267,KLF12,repressors
268,KLF13,repressors
269,KLF14,
270,KLF15,
271,KLF16,
272,KLF17,repressors
273,KLF2,activators
274,KLF3,
275,KLF4,dual
276,KLF5,activators
277,KLF6,activators
278,KLF7,activators
279,KLF8,dual
280,KLF9,dual
281,L3MBTL1,
282,L3MBTL3,
283,L3MBTL4,
284,MAZ,
285,MECOM,
286,MTF1,activators
287,MYNN,
288,MYT1,
289,MYT1L,repressors
290,MZF1,
291,OSR1,
292,OSR2,
293,OVOL1,
294,OVOL2,repressors
295,OVOL3,
296,PEG3,
297,PLAG1,
298,PLAGL1,
299,PLAGL2,
300,PRDM1,
301,PRDM10,
302,PRDM12,
303,PRDM13,
304,PRDM14,dual
305,PRDM15,
306,PRDM16,
307,PRDM2,activators
308,PRDM4,
309,PRDM5,repressors
310,PRDM6,
311,PRDM8,
312,PRDM9,activators
313,PRMT3,
314,RBAK,
315,RBSN,
316,REPIN1,
317,REST,repressors
318,RLF,
319,RREB1,
320,SALL1,repressors
321,SALL2,
322,SALL3,
323,SALL4,
324,SCRT1,repressors
325,SCRT2,
326,SLC2A4RG,
327,SNAI1,repressors
328,SNAI2,repressors
329,SNAI3,repressors
330,SP1,dual
331,SP2,
332,SP3,
333,SP4,activators
334,SP5,activators
335,SP6,
336,SP7,activators
337,SP8,
338,SP9,
339,ST18,repressors
340,TRAFD1,
341,TSHZ1,
342,TSHZ2,
343,TSHZ3,
344,VEZF1,
345,WIZ,
346,WT1,
347,YY1,dual
348,YY2,dual
349,ZBTB1,repressors
350,ZBTB10,
351,ZBTB11,
352,ZBTB12,
353,ZBTB14,dual
354,ZBTB16,
355,ZBTB17,dual
356,ZBTB18,repressors
357,ZBTB2,
358,ZBTB20,
359,ZBTB21,
360,ZBTB22,
361,ZBTB25,
362,ZBTB26,
363,ZBTB3,
364,ZBTB32,dual
365,ZBTB33,dual
366,ZBTB34,
367,ZBTB37,
368,ZBTB38,dual
369,ZBTB39,
370,ZBTB4,repressors
371,ZBTB40,
372,ZBTB41,
373,ZBTB42,
374,ZBTB43,
375,ZBTB44,
376,ZBTB45,
377,ZBTB46,
378,ZBTB47,
379,ZBTB48,
380,ZBTB49,
381,ZBTB5,
382,ZBTB6,
383,ZBTB7A,repressors
384,ZBTB7B,repressors
385,ZBTB7C,
386,ZBTB8A,
387,ZBTB8B,
388,ZBTB9,
389,ZFAT,
390,ZFP1,
391,ZFP14,
392,ZFP2,
393,ZFP28,
394,ZFP3,
395,ZFP30,
396,ZFP37,
397,ZFP41,
398,ZFP42,
399,ZFP57,
400,ZFP62,
401,ZFP64,
402,ZFP69,
403,ZFP69B,
404,ZFP82,
405,ZFP90,
406,ZFP91,
407,ZFP92,
408,ZFPM1,dual
409,ZFPM2,dual
410,ZFX,
411,ZFY,activators
412,ZIC1,activators
413,ZIC2,dual
414,ZIC3,activators
415,ZIC4,
416,ZIC5,
417,ZIK1,
418,ZIM2,
419,ZIM3,
420,ZKSCAN1,
421,ZKSCAN2,
422,ZKSCAN3,dual
423,ZKSCAN4,activators
424,ZKSCAN5,
425,ZKSCAN7,
426,ZKSCAN8,
427,ZMAT1,
428,ZMAT4,
429,ZNF10,
430,ZNF100,
431,ZNF101,
432,ZNF107,
433,ZNF112,
434,ZNF114,
435,ZNF117,
436,ZNF12,
437,ZNF121,
438,ZNF124,
439,ZNF131,
440,ZNF132,
441,ZNF133,
442,ZNF134,
443,ZNF135,
444,ZNF136,
445,ZNF138,
446,ZNF14,
447,ZNF140,
448,ZNF141,
449,ZNF142,
450,ZNF143,activators
451,ZNF146,
452,ZNF148,repressors
453,ZNF154,
454,ZNF155,
455,ZNF157,
456,ZNF16,activators
457,ZNF160,
458,ZNF165,
459,ZNF169,
460,ZNF17,
461,ZNF174,repressors
462,ZNF175,
463,ZNF177,
464,ZNF18,
465,ZNF180,
466,ZNF181,
467,ZNF182,
468,ZNF184,
469,ZNF189,
470,ZNF19,
471,ZNF195,
472,ZNF197,
473,ZNF2,
474,ZNF20,
475,ZNF200,
476,ZNF202,repressors
477,ZNF205,
478,ZNF207,
479,ZNF208,
480,ZNF211,
481,ZNF212,
482,ZNF213,
483,ZNF214,
484,ZNF215,
485,ZNF217,
486,ZNF219,dual
487,ZNF22,
488,ZNF221,
489,ZNF222,
490,ZNF223,
491,ZNF224,repressors
492,ZNF225,
493,ZNF226,
494,ZNF227,
495,ZNF229,
496,ZNF23,
497,ZNF230,
498,ZNF232,
499,ZNF233,
500,ZNF234,
501,ZNF235,
502,ZNF236,
503,ZNF239,
504,ZNF24,repressors
505,ZNF248,
506,ZNF25,
507,ZNF250,
508,ZNF251,
509,ZNF253,
510,ZNF254,
511,ZNF256,repressors
512,ZNF257,
513,ZNF26,
514,ZNF260,activators
515,ZNF263,repressors
516,ZNF264,
517,ZNF266,
518,ZNF267,
519,ZNF268,repressors
520,ZNF273,
521,ZNF274,repressors
522,ZNF275,
523,ZNF276,
524,ZNF28,
525,ZNF280A,
526,ZNF280B,
527,ZNF280C,
528,ZNF280D,
529,ZNF281,repressors
530,ZNF282,
531,ZNF283,
532,ZNF284,
533,ZNF285,
534,ZNF286A,
535,ZNF286B,
536,ZNF287,
537,ZNF292,
538,ZNF296,
539,ZNF3,
540,ZNF30,
541,ZNF300,repressors
542,ZNF302,
543,ZNF304,repressors
544,ZNF311,
545,ZNF316,
546,ZNF317,
547,ZNF318,
548,ZNF319,
549,ZNF32,
550,ZNF320,
551,ZNF322,
552,ZNF324,
553,ZNF324B,
554,ZNF326,
555,ZNF329,
556,ZNF331,
557,ZNF333,
558,ZNF334,
559,ZNF335,activators
560,ZNF337,
561,ZNF33A,
562,ZNF33B,
563,ZNF34,
564,ZNF341,
565,ZNF343,
566,ZNF345,
567,ZNF346,
568,ZNF347,
569,ZNF35,
570,ZNF350,
571,ZNF354A,
572,ZNF354B,
573,ZNF354C,repressors
574,ZNF358,
575,ZNF362,
576,ZNF365,
577,ZNF366,
578,ZNF367,
579,ZNF37A,
580,ZNF382,repressors
581,ZNF383,repressors
582,ZNF384,
583,ZNF385A,
584,ZNF385B,
585,ZNF385C,
586,ZNF385D,
587,ZNF391,
588,ZNF394,
589,ZNF395,
590,ZNF396,repressors
591,ZNF397,repressors
592,ZNF398,activators
593,ZNF404,
594,ZNF407,
595,ZNF408,
596,ZNF41,
597,ZNF410,activators
598,ZNF414,
599,ZNF415,
600,ZNF416,
601,ZNF417,
602,ZNF418,
603,ZNF419,
604,ZNF420,
605,ZNF423,dual
606,ZNF425,
607,ZNF426,
608,ZNF428,
609,ZNF429,
610,ZNF43,
611,ZNF430,
612,ZNF431,repressors
613,ZNF432,
614,ZNF433,
615,ZNF436,repressors
616,ZNF438,repressors
617,ZNF439,
618,ZNF44,
619,ZNF440,
620,ZNF441,
621,ZNF442,
622,ZNF443,
623,ZNF444,
624,ZNF445,
625,ZNF446,
626,ZNF449,
627,ZNF45,
628,ZNF451,activators
629,ZNF454,
630,ZNF460,
631,ZNF461,
632,ZNF462,
633,ZNF467,
634,ZNF468,
635,ZNF469,
636,ZNF470,
637,ZNF471,
638,ZNF473,
639,ZNF474,
640,ZNF479,
641,ZNF48,
642,ZNF480,
643,ZNF483,
644,ZNF484,
645,ZNF485,
646,ZNF486,
647,ZNF487,
648,ZNF488,
649,ZNF490,
650,ZNF491,
651,ZNF492,
652,ZNF493,
653,ZNF496,
654,ZNF497,
655,ZNF500,
656,ZNF501,
657,ZNF502,
658,ZNF503,
659,ZNF506,
660,ZNF507,
661,ZNF510,
662,ZNF511,
663,ZNF512B,
664,ZNF513,
665,ZNF514,
666,ZNF516,activators
667,ZNF517,
668,ZNF518A,
669,ZNF518B,
670,ZNF519,
671,ZNF521,dual
672,ZNF525,
673,ZNF526,
674,ZNF527,
675,ZNF528,
676,ZNF529,
677,ZNF530,
678,ZNF532,
679,ZNF534,
680,ZNF536,
681,ZNF540,repressors
682,ZNF543,
683,ZNF544,
684,ZNF546,
685,ZNF547,
686,ZNF548,
687,ZNF549,
688,ZNF550,
689,ZNF551,
690,ZNF552,
691,ZNF554,
692,ZNF555,
693,ZNF556,
694,ZNF557,
695,ZNF558,
696,ZNF559,
697,ZNF560,
698,ZNF561,
699,ZNF562,
700,ZNF563,
701,ZNF564,
702,ZNF565,
703,ZNF566,
704,ZNF567,
705,ZNF568,repressors
706,ZNF569,
707,ZNF57,
708,ZNF570,
709,ZNF571,
710,ZNF572,
711,ZNF573,
712,ZNF574,
713,ZNF575,
714,ZNF576,
715,ZNF577,
716,ZNF578,
717,ZNF579,
718,ZNF580,
719,ZNF581,
720,ZNF582,
721,ZNF583,
722,ZNF584,
723,ZNF585A,
724,ZNF585B,
725,ZNF586,
726,ZNF587,
727,ZNF587B,
728,ZNF589,
729,ZNF592,
730,ZNF594,
731,ZNF595,
732,ZNF596,
733,ZNF597,
734,ZNF598,
735,ZNF599,
736,ZNF600,
737,ZNF605,
738,ZNF606,repressors
739,ZNF607,
740,ZNF608,
741,ZNF609,
742,ZNF610,
743,ZNF611,
744,ZNF613,
745,ZNF614,
746,ZNF615,
747,ZNF616,
748,ZNF618,
749,ZNF619,
750,ZNF620,
751,ZNF621,
752,ZNF623,
753,ZNF624,
754,ZNF625,
755,ZNF626,
756,ZNF627,
757,ZNF628,activators
758,ZNF629,
759,ZNF630,
760,ZNF639,repressors
761,ZNF641,activators
762,ZNF644,
763,ZNF645,
764,ZNF646,
765,ZNF648,
766,ZNF649,repressors
767,ZNF652,
768,ZNF654,
769,ZNF655,
770,ZNF658,repressors
771,ZNF66,
772,ZNF660,
773,ZNF662,
774,ZNF664,
775,ZNF665,
776,ZNF667,
777,ZNF668,
778,ZNF669,
779,ZNF670,
780,ZNF671,
781,ZNF672,
782,ZNF674,
783,ZNF675,
784,ZNF676,
785,ZNF677,
786,ZNF678,
787,ZNF679,
788,ZNF680,
789,ZNF681,
790,ZNF682,
791,ZNF683,repressors
792,ZNF684,
793,ZNF687,
794,ZNF688,
795,ZNF689,
796,ZNF69,
797,ZNF691,
798,ZNF692,
799,ZNF695,
800,ZNF696,
801,ZNF697,
802,ZNF699,
803,ZNF7,
804,ZNF70,
805,ZNF700,
806,ZNF701,
807,ZNF703,
808,ZNF704,
809,ZNF705A,
810,ZNF705B,
811,ZNF705D,
812,ZNF705E,
813,ZNF705G,
814,ZNF706,
815,ZNF707,
816,ZNF708,
817,ZNF709,
818,ZNF71,
819,ZNF710,
820,ZNF711,activators
821,ZNF713,
822,ZNF714,
823,ZNF716,
824,ZNF717,
825,ZNF718,
826,ZNF721,
827,ZNF724,
828,ZNF726,
829,ZNF727,
830,ZNF728,
831,ZNF729,
832,ZNF730,
833,ZNF732,
834,ZNF735,
835,ZNF736,
836,ZNF737,
837,ZNF74,
838,ZNF740,
839,ZNF746,repressors
840,ZNF747,
841,ZNF749,
842,ZNF750,
843,ZNF75A,
844,ZNF75D,
845,ZNF76,
846,ZNF761,
847,ZNF763,
848,ZNF764,
849,ZNF765,
850,ZNF766,
851,ZNF768,
852,ZNF77,
853,ZNF770,
854,ZNF771,
855,ZNF772,
856,ZNF773,
857,ZNF774,
858,ZNF775,
859,ZNF776,
860,ZNF777,
861,ZNF778,
862,ZNF780A,
863,ZNF780B,
864,ZNF781,
865,ZNF782,
866,ZNF783,
867,ZNF784,
868,ZNF785,
869,ZNF786,
870,ZNF787,
871,ZNF788,
872,ZNF789,
873,ZNF79,
874,ZNF790,
875,ZNF791,
876,ZNF792,
877,ZNF793,
878,ZNF799,
879,ZNF8,
880,ZNF80,
881,ZNF800,
882,ZNF804A,
883,ZNF804B,
884,ZNF805,
885,ZNF808,
886,ZNF81,
887,ZNF813,
888,ZNF814,
889,ZNF816,
890,ZNF821,
891,ZNF823,
892,ZNF827,
893,ZNF829,
894,ZNF83,
895,ZNF830,
896,ZNF831,
897,ZNF835,
898,ZNF836,
899,ZNF837,
900,ZNF84,
901,ZNF841,
902,ZNF843,
903,ZNF844,
904,ZNF845,
905,ZNF846,
906,ZNF85,repressors
907,ZNF850,
908,ZNF852,
909,ZNF853,
910,ZNF860,
911,ZNF865,
912,ZNF878,
913,ZNF879,
914,ZNF880,
915,ZNF883,
916,ZNF888,
917,ZNF891,
918,ZNF90,
919,ZNF91,repressors
920,ZNF92,
921,ZNF93,repressors
922,ZNF98,
923,ZNF99,
924,ZSCAN1,
925,ZSCAN10,repressors
926,ZSCAN12,
927,ZSCAN16,
928,ZSCAN18,
929,ZSCAN2,
930,ZSCAN20,
931,ZSCAN21,
932,ZSCAN22,
933,ZSCAN23,
934,ZSCAN25,
935,ZSCAN26,
936,ZSCAN29,
937,ZSCAN30,
938,ZSCAN31,
939,ZSCAN32,
940,ZSCAN4,
941,ZSCAN5A,
942,ZSCAN5B,
943,ZSCAN5C,
944,ZSCAN9,
945,ZUFSP,
946,ZXDA,
947,ZXDB,
948,ZXDC,
949,PATZ1,repressors
950,ZBTB24,
951,ZNF524,
952,ZNF653,repressors
953,ZNF277,
954,ZNF512,
955,ZEB1,repressors
956,ZEB2,repressors
957,ZFHX3,dual
958,ZFHX4,
959,TRERF1,activators
960,ZNF541,
961,NFYA,dual
962,MBNL2,
963,ZC3H8,repressors
964,ZGPAT,repressors
965,CENPB,
966,CENPBD1,
967,JRK,
968,JRKL,
969,TIGD1,
970,TIGD2,
971,TIGD3,
972,TIGD4,
973,TIGD5,
974,TIGD6,
975,TIGD7,
976,CAMTA1,
977,CAMTA2,
978,LIN28A,
979,LIN28B,
980,YBX1,
981,YBX2,
982,YBX3,repressors
983,RBPJ,dual
984,RBPJL,activators
985,CUX1,
986,CUX2,
987,ONECUT1,activators
988,ONECUT2,activators
989,ONECUT3,activators
990,SATB1,repressors
991,SATB2,
992,CXXC1,
993,CXXC4,
994,CXXC5,
995,DNMT1,
996,FBXL19,
997,KDM2A,
998,KDM2B,
999,TET1,
1000,TET3,
1001,KMT2A,
1002,KMT2B,
1003,DMRT1,dual
1004,DMRT2,activators
1005,DMRT3,
1006,DMRTA1,
1007,DMRTA2,
1008,DMRTB1,
1009,DMRTC2,
1010,E2F1,activators
1011,E2F2,activators
1012,E2F3,activators
1013,E2F4,activators
1014,E2F5,activators
1015,E2F6,repressors
1016,E2F7,dual
1017,E2F8,dual
1018,TFDP1,
1019,TFDP2,
1020,TFDP3,
1021,EBF1,activators
1022,EBF2,
1023,EBF3,activators
1024,EBF4,
1025,EHF,dual
1026,ELF1,activators
1027,ELF2,activators
1028,ELF4,activators
1029,ELF5,activators
1030,ELK1,activators
1031,ELK3,repressors
1032,ELK4,dual
1033,ERF,repressors
1034,ERG,
1035,ETS1,activators
1036,ETS2,activators
1037,ETV1,activators
1038,ETV2,
1039,ETV3,repressors
1040,ETV3L,
1041,ETV4,activators
1042,ETV5,
1043,ETV6,repressors
1044,ETV7,repressors
1045,FEV,repressors
1046,FLI1,activators
1047,GABPA,
1048,SPDEF,activators
1049,SPI1,activators
1050,SPIB,activators
1051,SPIC,
1052,ELF3,activators
1053,FLYWCH1,
1054,FOXA1,
1055,FOXA2,
1056,FOXA3,
1057,FOXB1,
1058,FOXB2,
1059,FOXC1,dual
1060,FOXC2,activators
1061,FOXD1,activators
1062,FOXD2,
1063,FOXD3,dual
1064,FOXD4,
1065,FOXD4L1,
1066,FOXD4L3,
1067,FOXD4L4,
1068,FOXD4L5,
1069,FOXD4L6,
1070,FOXE1,
1071,FOXE3,
1072,FOXF1,activators
1073,FOXF2,activators
1074,FOXG1,
1075,FOXH1,activators
1076,FOXI1,activators
1077,FOXI2,activators
1078,FOXI3,
1079,FOXJ1,activators
1080,FOXJ2,activators
1081,FOXJ3,activators
1082,FOXK1,
1083,FOXK2,
1084,FOXL1,
1085,FOXL2,dual
1086,FOXM1,dual
1087,FOXN1,
1088,FOXN2,
1089,FOXN3,repressors
1090,FOXN4,
1091,FOXO1,activators
1092,FOXO3,activators
1093,FOXO4,activators
1094,FOXO6,activators
1095,FOXP1,repressors
1096,FOXP2,repressors
1097,FOXP3,dual
1098,FOXP4,repressors
1099,FOXQ1,
1100,FOXR1,
1101,FOXR2,
1102,FOXS1,repressors
1103,GATA1,dual
1104,GATA2,activators
1105,GATA3,activators
1106,GATA4,activators
1107,GATA5,
1108,GATA6,activators
1109,GATAD2A,repressors
1110,GATAD2B,repressors
1111,TRPS1,repressors
1112,ZGLP1,repressors
1113,GCM1,
1114,GCM2,
1115,GRHL1,dual
1116,GRHL2,dual
1117,GRHL3,dual
1118,TFCP2,
1119,TFCP2L1,repressors
1120,UBP1,dual
1121,GTF2I,
1122,GTF2IRD1,
1123,GTF2IRD2,
1124,GTF2IRD2B,
1125,BBX,
1126,CIC,
1127,HBP1,repressors
1128,HMG20A,
1129,HMG20B,
1130,HMGN3,
1131,LEF1,activators
1132,SOX1,activators
1133,SOX10,activators
1134,SOX11,
1135,SOX12,
1136,SOX13,
1137,SOX14,repressors
1138,SOX15,
1139,SOX17,activators
1140,SOX18,activators
1141,SOX2,activators
1142,SOX21,activators
1143,SOX3,
1144,SOX30,activators
1145,SOX4,activators
1146,SOX5,activators
1147,SOX6,activators
1148,SOX7,activators
1149,SOX8,
1150,SOX9,activators
1151,SRY,dual
1152,TCF7,activators
1153,TCF7L1,dual
1154,TCF7L2,dual
1155,ADNP,
1156,ADNP2,
1157,ALX1,dual
1158,ALX3,
1159,ALX4,
1160,ANHX,
1161,ARGFX,
1162,ARX,
1163,BARHL1,
1164,BARHL2,
1165,BARX1,
1166,BARX2,
1167,BSX,activators
1168,CDX1,
1169,CDX2,
1170,CDX4,
1171,CRX,activators
1172,DBX1,
1173,DBX2,
1174,DLX1,dual
1175,DLX2,activators
1176,DLX3,
1177,DLX4,repressors
1178,DLX5,activators
1179,DLX6,
1180,DMBX1,repressors
1181,DPRX,
1182,DRGX,
1183,DUX1,
1184,DUX3,
1185,DUX4,
1186,DUXA,
1187,EMX1,
1188,EMX2,
1189,EN1,
1190,EN2,
1191,ESX1,
1192,EVX1,
1193,EVX2,
1194,GBX1,
1195,GBX2,
1196,GSC,
1197,GSC2,
1198,GSX1,activators
1199,GSX2,
1200,HDX,
1201,HESX1,
1202,HHEX,repressors
1203,HLX,
1204,HMBOX1,repressors
1205,HMX1,
1206,HMX2,
1207,HMX3,
1208,HNF1A,activators
1209,HNF1B,
1210,HOMEZ,
1211,HOXA1,
1212,HOXA10,
1213,HOXA11,
1214,HOXA13,
1215,HOXA2,
1216,HOXA3,
1217,HOXA4,
1218,HOXA5,
1219,HOXA6,
1220,HOXA7,
1221,HOXA9,
1222,HOXB1,
1223,HOXB13,
1224,HOXB2,
1225,HOXB3,
1226,HOXB4,
1227,HOXB5,
1228,HOXB6,
1229,HOXB7,
1230,HOXB8,
1231,HOXB9,
1232,HOXC10,
1233,HOXC11,
1234,HOXC12,
1235,HOXC13,
1236,HOXC4,
1237,HOXC5,
1238,HOXC6,
1239,HOXC8,
1240,HOXC9,
1241,HOXD1,
1242,HOXD10,
1243,HOXD11,
1244,HOXD12,
1245,HOXD13,
1246,HOXD3,
1247,HOXD4,
1248,HOXD8,
1249,HOXD9,
1250,IRX1,
1251,IRX2,
1252,IRX3,
1253,IRX4,
1254,IRX5,
1255,IRX6,
1256,ISL1,activators
1257,ISL2,
1258,ISX,
1259,LBX1,
1260,LBX2,
1261,LEUTX,
1262,LHX1,
1263,LHX2,activators
1264,LHX3,activators
1265,LHX4,
1266,LHX5,
1267,LHX6,
1268,LHX8,
1269,LHX9,
1270,LMX1A,activators
1271,LMX1B,
1272,MEIS1,activators
1273,MEIS2,
1274,MEIS3,
1275,MEOX1,activators
1276,MEOX2,activators
1277,MIXL1,activators
1278,MKX,
1279,MNX1,
1280,MSX1,repressors
1281,MSX2,
1282,NANOG,dual
1283,NANOGNB,
1284,NANOGP8,
1285,NKX1-1,
1286,NKX1-2,
1287,NKX2-1,dual
1288,NKX2-2,activators
1289,NKX2-3,
1290,NKX2-4,
1291,NKX2-5,dual
1292,NKX2-6,activators
1293,NKX2-8,
1294,NKX3-1,repressors
1295,NKX3-2,
1296,NKX6-1,
1297,NKX6-2,repressors
1298,NKX6-3,
1299,NOBOX,
1300,NOTO,
1301,OTP,
1302,OTX1,
1303,OTX2,
1304,PBX1,dual
1305,PBX2,activators
1306,PBX3,activators
1307,PBX4,
1308,PDX1,
1309,PHOX2A,activators
1310,PHOX2B,
1311,PITX1,
1312,PITX2,
1313,PITX3,
1314,PKNOX1,
1315,PKNOX2,
1316,PROP1,
1317,PRRX1,
1318,PRRX2,
1319,RAX,
1320,RAX2,
1321,RHOXF1,
1322,RHOXF2,
1323,RHOXF2B,
1324,SEBOX,
1325,SHOX,
1326,SHOX2,
1327,SIX1,dual
1328,SIX2,activators
1329,SIX3,dual
1330,SIX4,dual
1331,SIX5,
1332,SIX6,
1333,TGIF1,
1334,TGIF2,repressors
1335,TGIF2LX,
1336,TGIF2LY,
1337,TLX1,
1338,TLX2,
1339,TLX3,
1340,TPRX1,
1341,UNCX,
1342,VAX1,
1343,VAX2,
1344,VENTX,
1345,VSX1,
1346,VSX2,
1347,ZFHX2,
1348,ZHX1,repressors
1349,ZHX2,repressors
1350,ZHX3,repressors
1351,PAX2,
1352,PAX3,activators
1353,PAX4,
1354,PAX6,
1355,PAX7,
1356,POU1F1,
1357,POU2F1,
1358,POU2F2,
1359,POU2F3,
1360,POU3F1,
1361,POU3F2,
1362,POU3F3,
1363,POU3F4,
1364,POU4F1,
1365,POU4F2,dual
1366,POU4F3,activators
1367,POU5F1,
1368,POU5F1B,activators
1369,POU5F2,
1370,POU6F1,
1371,POU6F2,
1372,HSF1,activators
1373,HSF2,activators
1374,HSF4,dual
1375,HSF5,
1376,HSFX1,
1377,HSFX2,
1378,HSFY1,
1379,HSFY2,
1380,IRF1,dual
1381,IRF2,activators
1382,IRF3,activators
1383,IRF4,activators
1384,IRF5,
1385,IRF6,activators
1386,IRF7,activators
1387,IRF8,dual
1388,IRF9,activators
1389,MSANTD1,
1390,MSANTD3,
1391,NAIF1,
1392,BORCS8-MEF2B,
1393,MEF2A,activators
1394,MEF2B,activators
1395,MEF2C,activators
1396,MEF2D,activators
1397,SRF,
1398,BAZ2B,
1399,MBD2,
1400,MBD3,
1401,MBD4,
1402,MBD6,
1403,PIN1,
1404,SETDB1,
1405,SETDB2,
1406,BAZ2A,
1407,MECP2,
1408,MBD1,repressors
1409,MTERF1,
1410,MTERF2,
1411,MTERF3,
1412,MTERF4,
1413,CDC5L,activators
1414,DMTF1,activators
1415,MSANTD4,
1416,MYB,activators
1417,MYBL1,activators
1418,MYBL2,activators
1419,MYPOP,
1420,MYSM1,
1421,SNAPC4,
1422,TERB1,
1423,TERF1,
1424,TERF2,
1425,TTF1,
1426,ZZZ3,
1427,MYRF,activators
1428,MYRFL,
1429,NFX1,dual
1430,NFXL1,
1431,AR,activators
1432,ESR1,activators
1433,ESR2,activators
1434,ESRRA,
1435,ESRRB,dual
1436,ESRRG,
1437,HNF4A,
1438,HNF4G,
1439,NR0B1,
1440,NR1D1,
1441,NR1D2,
1442,NR1H2,activators
1443,NR1H3,activators
1444,NR1H4,activators
1445,NR1I2,activators
1446,NR1I3,activators
1447,NR2C1,repressors
1448,NR2C2,activators
1449,NR2E1,
1450,NR2E3,dual
1451,NR2F1,activators
1452,NR2F2,
1453,NR2F6,repressors
1454,NR3C1,dual
1455,NR3C2,activators
1456,NR4A1,
1457,NR4A2,
1458,NR4A3,activators
1459,NR5A1,activators
1460,NR5A2,
1461,NR6A1,
1462,PGR,dual
1463,PPARA,activators
1464,PPARD,activators
1465,PPARG,activators
1466,RARA,dual
1467,RARB,
1468,RARG,
1469,RORA,
1470,RORB,
1471,RORC,
1472,RXRA,dual
1473,RXRB,
1474,RXRG,
1475,THRA,dual
1476,THRB,dual
1477,VDR,activators
1478,AEBP1,
1479,ARHGAP35,
1480,BPTF,
1481,BRF2,
1482,CARF,
1483,CC2D1A,
1484,CEBPZ,
1485,CENPA,
1486,CENPS,
1487,CENPT,
1488,CENPX,
1489,CGGBP1,
1490,CHCHD3,
1491,CPEB1,
1492,CSRNP1,activators
1493,CSRNP2,activators
1494,CSRNP3,activators
1495,DACH1,
1496,DACH2,
1497,DR1,
1498,DRAP1,
1499,GLMP,
1500,GPBP1,
1501,GPBP1L1,
1502,GTF2B,
1503,KCNIP3,
1504,LTF,
1505,MTF2,
1506,NACC2,
1507,NFE4,
1508,NFYB,dual
1509,NFYC,dual
1510,NKRF,
1511,NME2,
1512,NRF1,activators
1513,PA2G4,
1514,PCGF2,
1515,PCGF6,
1516,PHF1,
1517,PHF19,
1518,PLSCR1,
1519,POU2AF1,
1520,PREB,
1521,PURA,activators
1522,PURB,
1523,PURG,
1524,RAG1,
1525,RBCK1,
1526,REXO4,
1527,SAFB,
1528,SAFB2,
1529,SCMH1,
1530,SKI,
1531,SKIL,
1532,SKOR1,
1533,SMYD3,
1534,SNAPC2,
1535,SNAPC5,
1536,SON,
1537,SPEN,
1538,SPZ1,
1539,TCF20,
1540,TET2,
1541,THYN1,
1542,TMF1,
1543,TOPORS,
1544,TSC22D1,repressors
1545,XPA,
1546,TP53,activators
1547,TP63,dual
1548,TP73,
1549,PAX1,
1550,PAX5,
1551,PAX8,
1552,PAX9,
1553,LCOR,
1554,LCORL,
1555,PROX1,dual
1556,PROX2,
1557,NFAT5,activators
1558,NFATC1,activators
1559,NFATC2,activators
1560,NFATC3,activators
1561,NFATC4,
1562,NFKB1,activators
1563,NFKB2,repressors
1564,REL,activators
1565,RELA,activators
1566,RELB,
1567,RFX1,
1568,RFX2,activators
1569,RFX3,repressors
1570,RFX4,activators
1571,RFX5,activators
1572,RFX6,activators
1573,RFX7,
1574,RFX8,
1575,RUNX1,activators
1576,RUNX2,activators
1577,RUNX3,
1578,AIRE,activators
1579,DEAF1,dual
1580,GMEB1,
1581,GMEB2,
1582,SKOR2,
1583,SP100,
1584,SP110,
1585,SP140,
1586,SP140L,
1587,NFIA,activators
1588,NFIB,activators
1589,NFIC,activators
1590,NFIX,activators
1591,SMAD1,
1592,SMAD3,activators
1593,SMAD4,activators
1594,SMAD5,
1595,SMAD9,
1596,STAT1,activators
1597,STAT2,activators
1598,STAT3,activators
1599,STAT4,activators
1600,STAT5A,activators
1601,STAT5B,activators
1602,STAT6,activators
1603,EOMES,activators
1604,MGA,dual
1605,T,activators
1606,TBR1,
1607,TBX1,
1608,TBX10,
1609,TBX15,
1610,TBX18,repressors
1611,TBX19,
1612,TBX2,
1613,TBX20,dual
1614,TBX21,activators
1615,TBX22,
1616,TBX3,repressors
1617,TBX4,
1618,TBX5,
1619,TBX6,
1620,TBP,
1621,TBPL1,
1622,TBPL2,
1623,LIN54,
1624,TEAD1,activators
1625,TEAD2,
1626,TEAD3,
1627,TEAD4,activators
1628,THAP1,
1629,THAP10,
1630,THAP11,repressors
1631,THAP12,
1632,THAP2,
1633,THAP3,
1634,THAP4,
1635,THAP5,
1636,THAP6,
1637,THAP7,
1638,THAP8,
1639,THAP9,
