gene_name,vector_idx
A1BG-AS1,0
AAK1,1
AAMDC,2
AARS,3
AASDHPPT,4
ABCA2,5
ABCA5,6
ABCA7,7
ABCA8,8
ABCB6,9
ABCB7,10
ABCB8,11
ABCC10,12
ABCC4,13
ABCD4,14
ABHD13,15
ABHD15,16
ABHD2,17
ABHD3,18
ABHD5,19
ABI1,20
ABTB1,21
AC000068.10,22
AC000068.5,23
AC002117.1,24
AC002480.2,25
AC002480.3,26
AC002539.1,27
AC004069.2,28
AC004158.2,29
AC004447.2,30
AC004463.6,31
AC004466.1,32
AC004510.3,33
AC004540.5,34
AC004837.5,35
AC004854.4,36
AC005019.3,37
AC005076.5,38
AC005253.2,39
AC005256.1,40
AC005306.3,41
AC005534.8,42
AC005592.2,43
AC005618.6,44
AC006116.17,45
AC006116.20,46
AC006262.5,47
AC006369.2,48
AC006486.1,49
AC006547.15,50
AC006547.8,51
AC007038.7,52
AC007204.2,53
AC007246.3,54
AC007308.6,55
AC007382.1,56
AC007383.3,57
AC007383.4,58
AC007405.4,59
AC007405.6,60
AC007551.3,61
AC008174.3,62
AC008271.1,63
AC008443.1,64
AC008746.12,65
AC009120.6,66
AC009892.10,67
AC010525.7,68
AC010883.5,69
AC010894.3,70
AC011551.3,71
AC011891.5,72
AC012487.2,73
AC015849.2,74
AC016629.8,75
AC016723.4,76
AC016831.7,77
AC016885.1,78
AC016995.3,79
AC020571.3,80
AC022007.5,81
AC022400.2,82
AC023347.1,83
AC023490.1,84
AC026202.3,85
AC026740.1,86
AC062017.1,87
AC062029.1,88
AC063976.3,89
AC064834.1,90
AC068039.4,91
AC068499.10,92
AC072062.1,93
AC074212.3,94
AC074212.5,95
AC074391.1,96
AC079466.1,97
AC079807.2,98
AC083843.1,99
AC084018.1,100
AC084219.4,101
AC084809.3,102
AC090186.1,103
AC090587.5,104
AC093157.1,105
AC093375.1,106
AC093388.3,107
AC093627.9,108
AC096559.1,109
AC098820.4,110
AC098973.2,111
AC100830.4,112
AC105760.2,113
AC112721.1,114
AC115618.1,115
AC132872.2,116
AC137932.1,117
AC139100.2,118
ACAA2,119
ACAD10,120
ACADM,121
ACADVL,122
ACAP2,123
ACAP3,124
ACAT1,125
ACAT2,126
ACBD3,127
ACBD4,128
ACCS,129
ACER3,130
ACKR2,131
ACN9,132
ACO2,133
ACOX1,134
ACP2,135
ACP5,136
ACP6,137
ACPP,138
ACRBP,139
ACRC,140
ACSBG1,141
ACSF2,142
ACSL3,143
ACSL5,144
ACSL6,145
ACSM1,146
ACSM2B,147
ACSM3,148
ACSS1,149
ACTC1,150
ACTG1,151
ACTL6A,152
ACTL8,153
ACTR10,154
ACTR1A,155
ACTR3C,156
ACTR6,157
ACVR1,158
ACVR1B,159
ACVR1C,160
ACVR2A,161
ACVR2B,162
ACVRL1,163
ADAM10,164
ADAM15,165
ADAM17,166
ADAM32,167
ADAM8,168
ADAM9,169
ADAMTS10,170
ADAMTS14,171
ADAMTS6,172
ADAMTSL4,173
ADCK2,174
ADCK3,175
ADCK5,176
ADCY10,177
ADCY7,178
ADD3,179
ADM2,180
ADPGK,181
ADPRHL1,182
ADRM1,183
ADSSL1,184
ADTRP,185
AE000662.93,186
AF001548.5,187
AF127936.3,188
AF129408.17,189
AFF4,190
AGA,191
AGBL3,192
AGER,193
AGGF1,194
AGMAT,195
AGMO,196
AGO3,197
AGO4,198
AGPAT4,199
AGPAT5,200
AGPAT6,201
AGPAT9,202
AGRN,203
AGTRAP,204
AHNAK,205
AHSP,206
AIF1,207
AIFM1,208
AIG1,209
AIM2,210
AIMP1,211
AK9,212
AKAP10,213
AKAP11,214
AKAP12,215
AKAP5,216
AKAP9,217
AKIRIN2,218
AKNA,219
AKR1B1,220
AKR1C1,221
AKR1C2,222
AKR1C3,223
AKTIP,224
AL133245.2,225
AL161915.1,226
AL359091.2,227
AL590452.1,228
AL592183.1,229
AL627309.1,230
AL773604.8,231
ALAS1,232
ALAS2,233
ALB,234
ALDH18A1,235
ALDH1A1,236
ALDH1A2,237
ALDH1L2,238
ALDH2,239
ALDH5A1,240
ALDH6A1,241
ALDH9A1,242
ALDOC,243
ALG1,244
ALG10,245
ALG1L,246
ALG5,247
ALG6,248
ALG8,249
ALG9,250
ALOX12,251
ALOX5,252
AMFR,253
AMHR2,254
AMIGO2,255
AMMECR1,256
AMOTL1,257
AMT,258
ANAPC16,259
ANAPC4,260
ANAPC7,261
ANGEL2,262
ANGPT1,263
ANGPT2,264
ANGPTL6,265
ANK3,266
ANKAR,267
ANKDD1B,268
ANKHD1-EIF4EBP3,269
ANKLE2,270
ANKMY1,271
ANKRA2,272
ANKRD11,273
ANKRD12,274
ANKRD18B,275
ANKRD23,276
ANKRD26,277
ANKRD28,278
ANKRD33,279
ANKRD36C,280
ANKRD45,281
ANKRD49,282
ANKRD55,283
ANKS3,284
ANKZF1,285
ANO10,286
ANO6,287
ANO8,288
ANTXR2,289
ANXA1,290
ANXA2,291
ANXA2R,292
ANXA3,293
ANXA5,294
ANXA6,295
ANXA7,296
ANXA9,297
AP000253.1,298
AP000442.4,299
AP000688.8,300
AP000692.10,301
AP000705.7,302
AP000769.7,303
AP001171.1,304
AP001372.2,305
AP001412.1,306
AP001462.6,307
AP003733.1,308
AP003900.6,309
AP004550.1,310
AP006216.10,311
AP1M2,312
AP1S2,313
AP3M2,314
APBB2,315
APBB3,316
APH1B,317
APLF,318
APLNR,319
APLP1,320
APLP2,321
APMAP,322
APOA2,323
APOBEC3B,324
APOBEC3G,325
APOBR,326
APOC1,327
APOE,328
APOL1,329
APOL3,330
APOL6,331
APOLD1,332
APOM,333
APPL2,334
AQP1,335
AQP10,336
AQP3,337
AREG,338
ARF4,339
ARG2,340
ARGLU1,341
ARHGAP15,342
ARHGAP18,343
ARHGAP27,344
ARHGAP33,345
ARHGAP42,346
ARHGAP44,347
ARHGAP5,348
ARHGAP6,349
ARHGAP9,350
ARHGEF12,351
ARHGEF2,352
ARHGEF37,353
ARHGEF40,354
ARHGEF6,355
ARID2,356
ARID4A,357
ARID5B,358
ARIH2OS,359
ARL14EP,360
ARL4A,361
ARL4D,362
ARL6IP1,363
ARL6IP5,364
ARL6IP6,365
ARMC12,366
ARMC3,367
ARMCX1,368
ARMCX3,369
ARMCX5,370
ARMCX6,371
ARPC5,372
ARRDC3,373
ARRDC4,374
ARSA,375
ARSB,376
ARV1,377
ASAH1,378
ASAP3,379
ASCC1,380
ASCC3,381
ASGR1,382
ASH1L,383
ASIC1,384
ASIC3,385
ASIC4,386
ASNS,387
ASPH,388
ASPM,389
ASS1,390
ASTE1,391
ASTN2,392
ATAD1,393
ATAD2,394
ATAD3C,395
ATAD5,396
ATF3,397
ATF4,398
ATF5,399
ATF6,400
ATF6B,401
ATF7IP,402
ATF7IP2,403
ATG16L2,404
ATG2A,405
ATG2B,406
ATG9A,407
ATG9B,408
ATHL1,409
ATIC,410
ATM,411
ATP11A,412
ATP11B,413
ATP11C,414
ATP13A1,415
ATP13A2,416
ATP13A3,417
ATP1A1,418
ATP1B1,419
ATP1B3,420
ATP2A1,421
ATP2A2,422
ATP2A3,423
ATP2B1,424
ATP2C1,425
ATP6AP1,426
ATP6AP1L,427
ATP6AP2,428
ATP6V0A1,429
ATP6V0A2,430
ATP6V0B,431
ATP6V0E1,432
ATP6V0E2-AS1,433
ATP6V1D,434
ATP6V1H,435
ATP9B,436
ATRAID,437
ATRN,438
ATRX,439
ATXN10,440
ATXN3,441
AUP1,442
AURKA,443
AURKB,444
AURKC,445
AVIL,446
AZI1,447
AZU1,448
B2M,449
B3GALT1,450
B3GALT4,451
B3GALTL,452
B3GAT3,453
B3GNT1,454
B3GNT5,455
B3GNT8,456
B3GNTL1,457
B4GALNT1,458
B4GALNT4,459
B4GALT1,460
B4GALT3,461
B4GALT4,462
BAAT,463
BACH1,464
BACH1-IT2,465
BAG2,466
BAI3,467
BAIAP3,468
BAMBI,469
BAZ2B,470
BBC3,471
BBS12,472
BBS2,473
BBS4,474
BBX,475
BCAP31,476
BCAS3,477
BCAS4,478
BCDIN3D-AS1,479
BCKDHA,480
BCKDHB,481
BCL10,482
BCL2L13,483
BCL2L15,484
BCL3,485
BCL6,486
BDH2,487
BEND7,488
BEX1,489
BEX2,490
BEX4,491
BEX5,492
BFSP1,493
BHLHE40,494
BIK,495
BLM,496
BLVRA,497
BLVRB,498
BLZF1,499
BMF,500
BMP1,501
BMP10,502
BMP2K,503
BMPR1A,504
BMPR2,505
BMX,506
BNIP3L,507
BNIPL,508
BOD1L1,509
BOK-AS1,510
BOLA3,511
BOLL,512
BOP1,513
BRAT1,514
BRCA1,515
BRCA2,516
BRD3,517
BRD8,518
BRIP1,519
BRIX1,520
BRSK1,521
BSDC1,522
BSG,523
BSN-AS2,524
BST2,525
BTBD10,526
BTBD19,527
BTBD8,528
BTD,529
BTG1,530
BTG2,531
BTN2A2,532
BTN3A1,533
BTNL9,534
BUB1,535
BUB1B,536
BUB3,537
BYSL,538
BZRAP1,539
C10orf128,540
C10orf54,541
C10orf71-AS1,542
C11orf54,543
C11orf65,544
C11orf85,545
C12orf10,546
C12orf5,547
C12orf56,548
C12orf57,549
C12orf60,550
C12orf61,551
C12orf76,552
C12orf79,553
C14orf182,554
C14orf2,555
C14orf37,556
C14orf39,557
C15orf52,558
C15orf60,559
C16orf86,560
C16orf98,561
C17orf103,562
C17orf104,563
C17orf51,564
C17orf75,565
C17orf99,566
C18orf56,567
C18orf8,568
C19orf38,569
C19orf57,570
C19orf66,571
C19orf67,572
C19orf73,573
C19orf77,574
C1GALT1,575
C1GALT1C1,576
C1QL4,577
C1RL,578
C1orf100,579
C1orf112,580
C1orf116,581
C1orf213,582
C1orf226,583
C1orf229,584
C1orf27,585
C1orf35,586
C1orf54,587
C1orf56,588
C1orf61,589
C1orf63,590
C1orf85,591
C2,592
C20orf194,593
C20orf203,594
C21orf119,595
C21orf49,596
C21orf58,597
C22orf46,598
C2CD2L,599
C2ORF15,600
C2orf82,601
C3,602
C3AR1,603
C3orf33,604
C3orf58,605
C4orf21,606
C4orf27,607
C4orf32,608
C5AR1,609
C5orf15,610
C5orf28,611
C5orf34,612
C5orf54,613
C5orf55,614
C5orf56,615
C5orf66,616
C6orf1,617
C6orf100,618
C6orf163,619
C6orf211,620
C6orf48,621
C6orf89,622
C7orf61,623
C7orf63,624
C8G,625
C8orf22,626
C8orf37,627
C8orf44,628
C9orf135,629
C9orf163,630
C9orf37,631
C9orf47,632
C9orf66,633
C9orf9,634
CA1,635
CA13,636
CA8,637
CACFD1,638
CACNA1I,639
CACYBP,640
CALB1,641
CALCOCO1,642
CALCOCO2,643
CALM2,644
CALR,645
CALU,646
CAMLG,647
CAMSAP3,648
CAND1,649
CANX,650
CAPG,651
CAPN10-AS1,652
CAPNS2,653
CAPS,654
CARD9,655
CARF,656
CARS,657
CASC11,658
CASC5,659
CASP7,660
CASP9,661
CATSPER1,662
CAV1,663
CBL,664
CBLB,665
CBLN3,666
CBR4,667
CBS,668
CBWD3,669
CCBL2,670
CCDC101,671
CCDC113,672
CCDC114,673
CCDC121,674
CCDC127,675
CCDC130,676
CCDC134,677
CCDC14,678
CCDC142,679
CCDC144NL,680
CCDC15,681
CCDC152,682
CCDC154,683
CCDC155,684
CCDC159,685
CCDC163P,686
CCDC17,687
CCDC173,688
CCDC174,689
CCDC18,690
CCDC180,691
CCDC19,692
CCDC26,693
CCDC28A,694
CCDC30,695
CCDC47,696
CCDC66,697
CCDC67,698
CCDC7,699
CCDC71L,700
CCDC73,701
CCDC77,702
CCDC80,703
CCDC85B,704
CCDC92,705
CCDC96,706
CCER2,707
CCHCR1,708
CCL26,709
CCL5,710
CCNA2,711
CCNB1,712
CCNB1IP1,713
CCNB2,714
CCND1,715
CCNDBP1,716
CCNG2,717
CCNH,718
CCNL1,719
CCNT2,720
CCP110,721
CCPG1,722
CCR10,723
CCR7,724
CCRL2,725
CCSER2,726
CCT2,727
CCT5,728
CCT6B,729
CCT8,730
CD151,731
CD164,732
CD164L2,733
CD19,734
CD226,735
CD320,736
CD33,737
CD37,738
CD3D,739
CD40,740
CD44,741
CD46,742
CD47,743
CD52,744
CD53,745
CD55,746
CD58,747
CD59,748
CD63,749
CD68,750
CD69,751
CD70,752
CD74,753
CD79A,754
CD80,755
CD81,756
CD82,757
CD84,758
CD9,759
CD93,760
CD96,761
CD97,762
CD99,763
CD99L2,764
CDA,765
CDC16,766
CDC20,767
CDC25C,768
CDC40,769
CDC42BPA,770
CDC42EP3,771
CDC45,772
CDC6,773
CDCA2,774
CDCA3,775
CDCA7,776
CDCA8,777
CDCP1,778
CDH23,779
CDK1,780
CDK10,781
CDK11B,782
CDK5RAP1,783
CDK5RAP2,784
CDK5RAP3,785
CDK7,786
CDK9,787
CDKN2C,788
CDKN3,789
CDNF,790
CDRT4,791
CDS2,792
CEBPA,793
CEBPB,794
CEBPE,795
CEBPG,796
CEBPZ,797
CECR5,798
CELSR3,799
CENPA,800
CENPC,801
CENPE,802
CENPF,803
CENPK,804
CENPL,805
CENPQ,806
CENPU,807
CEP152,808
CEP350,809
CEP41,810
CEP44,811
CEP55,812
CEP57,813
CEP68,814
CEPT1,815
CERS2,816
CERS4,817
CERS5,818
CES3,819
CES5A,820
CETN2,821
CETN3,822
CFH,823
CFHR3,824
CFP,825
CHAC1,826
CHD1L,827
CHD2,828
CHD6,829
CHD9,830
CHEK2,831
CHID1,832
CHML,833
CHMP1B,834
CHMP4C,835
CHPF,836
CHPF2,837
CHRNA10,838
CHRNA5,839
CHST11,840
CHST12,841
CHST2,842
CHST3,843
CIR1,844
CIRBP,845
CISD3,846
CIT,847
CITED2,848
CITED4,849
CITF22-1A6.3,850
CITF22-92A6.1,851
CKAP2,852
CKAP2L,853
CKAP5,854
CKM,855
CKMT1A,856
CKS2,857
CLASP2,858
CLC,859
CLCC1,860
CLCN3,861
CLCN4,862
CLCN7,863
CLDN12,864
CLDN6,865
CLDN7,866
CLDND1,867
CLDND2,868
CLEC11A,869
CLEC18B,870
CLEC2B,871
CLEC2D,872
CLEC2L,873
CLGN,874
CLHC1,875
CLIC2,876
CLIC3,877
CLIC4,878
CLIP1,879
CLIP2,880
CLK1,881
CLK4,882
CLN3,883
CLN5,884
CLN8,885
CLPB,886
CLPTM1L,887
CLPX,888
CLSPN,889
CLSTN1,890
CLU,891
CLUAP1,892
CLUL1,893
CLVS2,894
CLYBL,895
CMKLR1,896
CMPK2,897
CMTM3,898
CMTM6,899
CMTM7,900
CMTR1,901
CMTR2,902
CMYA5,903
CNBP,904
CNEP1R1,905
CNIH1,906
CNIH3,907
CNKSR1,908
CNNM2,909
CNNM4,910
CNOT4,911
CNOT6,912
CNPY4,913
CNRIP1,914
CNTNAP2,915
CNTRL,916
COCH,917
COG1,918
COG4,919
COG5,920
COL14A1,921
COL15A1,922
COL18A1,923
COL6A3,924
COL6A5,925
COL9A1,926
COL9A2,927
COL9A3,928
COLEC11,929
COLGALT1,930
COLGALT2,931
COMMD3,932
COMT,933
COPB1,934
COPG1,935
COQ6,936
COQ7,937
CORO1A,938
CORO1B,939
CORO6,940
CORO7,941
COTL1,942
COX15,943
COX16,944
COX6A1,945
COX6A1P2,946
CPAMD8,947
CPB2-AS1,948
CPD,949
CPEB4,950
CPED1,951
CPNE1,952
CPNE3,953
CPNE8,954
CPOX,955
CPQ,956
CPSF3,957
CPT2,958
CR1,959
CR1L,960
CR2,961
CRABP2,962
CRADD,963
CREB1,964
CREB3L1,965
CREB3L2,966
CREB3L4,967
CREB5,968
CREBRF,969
CREBZF,970
CREG1,971
CRELD1,972
CRELD2,973
CREM,974
CRISP3,975
CROCC,976
CRTAP,977
CRY1,978
CRYAB,979
CRYBA4,980
CRYBB1,981
CRYGS,982
CRYL1,983
CRYM,984
CRYZL1,985
CSF3R,986
CSMD1,987
CSPG5,988
CSPP1,989
CSRP2,990
CSRP3,991
CSTA,992
CSTF2T,993
CSTF3,994
CSTF3-AS1,995
CT55,996
CT64,997
CTA-204B4.2,998
CTA-212D2.2,999
CTA-250D10.23,1000
CTA-29F11.1,1001
CTA-363E19.2,1002
CTA-392E5.1,1003
CTA-445C9.14,1004
CTAG2,1005
CTAGE5,1006
CTB-113P19.5,1007
CTB-118N6.3,1008
CTB-129O4.1,1009
CTB-129P6.11,1010
CTB-131K11.1,1011
CTB-138E5.1,1012
CTB-13F3.1,1013
CTB-161K23.1,1014
CTB-25B13.9,1015
CTB-31O20.2,1016
CTB-50L17.16,1017
CTB-55O6.12,1018
CTB-58E17.1,1019
CTBS,1020
CTC-241N9.1,1021
CTC-250I14.6,1022
CTC-251D13.1,1023
CTC-260E6.6,1024
CTC-332L22.1,1025
CTC-338M12.2,1026
CTC-340A15.2,1027
CTC-366B18.2,1028
CTC-425F1.4,1029
CTC-428G20.6,1030
CTC-444N24.11,1031
CTC-444N24.6,1032
CTC-459F4.1,1033
CTC-498J12.3,1034
CTC-499J9.1,1035
CTC-507E2.1,1036
CTC-508F8.1,1037
CTC-550B14.7,1038
CTCFL,1039
CTD-2006H14.2,1040
CTD-2008L17.2,1041
CTD-2012K14.6,1042
CTD-2012K14.7,1043
CTD-2017D11.1,1044
CTD-2020K17.1,1045
CTD-2020K17.3,1046
CTD-2024D23.1,1047
CTD-2031P19.3,1048
CTD-2033C11.1,1049
CTD-2034I4.2,1050
CTD-2035E11.5,1051
CTD-2044J15.2,1052
CTD-2116N20.1,1053
CTD-2134P3.1,1054
CTD-2165H16.4,1055
CTD-2171N6.1,1056
CTD-2199O4.6,1057
CTD-2201E18.5,1058
CTD-2227E11.1,1059
CTD-2235C13.3,1060
CTD-2245F17.3,1061
CTD-2260A17.2,1062
CTD-2287O16.5,1063
CTD-2319I12.2,1064
CTD-2325A15.5,1065
CTD-2349P21.5,1066
CTD-2349P21.9,1067
CTD-2376I4.2,1068
CTD-2532N20.1,1069
CTD-2541M15.1,1070
CTD-2544M6.2,1071
CTD-2555C10.3,1072
CTD-2561B21.11,1073
CTD-2562J17.2,1074
CTD-2576D5.4,1075
CTD-2587H24.10,1076
CTD-2588C8.8,1077
CTD-2589H19.6,1078
CTD-2619J13.19,1079
CTD-2619J13.23,1080
CTD-2623N2.11,1081
CTD-3051D23.4,1082
CTD-3064M3.1,1083
CTD-3065J16.9,1084
CTD-3073N11.9,1085
CTD-3074O7.12,1086
CTD-3088G3.8,1087
CTD-3184A7.4,1088
CTD-3193K9.4,1089
CTD-3194G12.2,1090
CTD-3203P2.2,1091
CTH,1092
CTHRC1,1093
CTNNB1,1094
CTNNBL1,1095
CTNS,1096
CTR9,1097
CTSA,1098
CTSB,1099
CTSC,1100
CTSD,1101
CTSF,1102
CTSH,1103
CTSK,1104
CTSL,1105
CTSS,1106
CTTNBP2NL,1107
CUL7,1108
CUL9,1109
CUX1,1110
CWF19L2,1111
CXCL1,1112
CXCL11,1113
CXCL2,1114
CXCL3,1115
CXCL5,1116
CXorf24,1117
CYB561A3,1118
CYB561D2,1119
CYB5D2,1120
CYB5R1,1121
CYBA,1122
CYFIP2,1123
CYHR1,1124
CYLD,1125
CYP20A1,1126
CYP26A1,1127
CYP27B1,1128
CYP2R1,1129
CYP3A5,1130
CYP4A22-AS1,1131
CYP4V2,1132
CYP51A1,1133
CYR61,1134
CYTH1,1135
CYTH2,1136
D2HGDH,1137
DAAM1,1138
DAB2,1139
DACT1,1140
DAK,1141
DAPP1,1142
DARC,1143
DARS2,1144
DBN1,1145
DBT,1146
DCAF13,1147
DCAF4L1,1148
DCAF5,1149
DCAF6,1150
DCAF8,1151
DCBLD1,1152
DCHS2,1153
DCLRE1A,1154
DCLRE1C,1155
DCP2,1156
DCTPP1,1157
DCUN1D3,1158
DCUN1D5,1159
DDAH2,1160
DDB2,1161
DDIT3,1162
DDIT4,1163
DDOST,1164
DDR1,1165
DDRGK1,1166
DDTL,1167
DDX18,1168
DDX19B,1169
DDX26B-AS1,1170
DDX28,1171
DDX39A,1172
DDX39B,1173
DDX39B-AS1,1174
DDX42,1175
DDX5,1176
DDX6,1177
DECR1,1178
DEF6,1179
DEGS1,1180
DEGS2,1181
DENND1B,1182
DENND2C,1183
DENND4A,1184
DEPDC1,1185
DEPDC4,1186
DERL1,1187
DERL2,1188
DERL3,1189
DES,1190
DET1,1191
DFNA5,1192
DGAT1,1193
DGAT2,1194
DGCR2,1195
DGCR8,1196
DGKA,1197
DGKD,1198
DHCR24,1199
DHCR7,1200
DHDH,1201
DHH,1202
DHPS,1203
DHRS1,1204
DHRS12,1205
DHRS13,1206
DHRS2,1207
DHRS3,1208
DHRS4,1209
DHRS7,1210
DHRS7B,1211
DHRS9,1212
DHTKD1,1213
DHX32,1214
DHX57,1215
DIAPH1,1216
DIAPH3,1217
DICER1-AS1,1218
DIP2B,1219
DIRAS3,1220
DIRC2,1221
DIS3,1222
DKFZP779L1853,1223
DKKL1,1224
DLD,1225
DLG1-AS1,1226
DLG2,1227
DLGAP1,1228
DLGAP1-AS1,1229
DLGAP1-AS2,1230
DLGAP5,1231
DLK1,1232
DLK2,1233
DLX2,1234
DMD,1235
DMGDH,1236
DMTF1,1237
DNA2,1238
DNAH12,1239
DNAH3,1240
DNAJA1,1241
DNAJB11,1242
DNAJB12,1243
DNAJB14,1244
DNAJB2,1245
DNAJB5,1246
DNAJB9,1247
DNAJC1,1248
DNAJC10,1249
DNAJC12,1250
DNAJC15,1251
DNAJC16,1252
DNAJC18,1253
DNAJC3,1254
DNAJC3-AS1,1255
DNAJC4,1256
DNALI1,1257
DNASE1,1258
DNASE1L1,1259
DNASE2,1260
DND1,1261
DNHD1,1262
DNM3,1263
DNMBP,1264
DNTTIP1,1265
DOCK2,1266
DOCK7,1267
DOCK8,1268
DOCK9-AS2,1269
DOLK,1270
DOPEY1,1271
DOPEY2,1272
DPAGT1,1273
DPEP2,1274
DPH5,1275
DPM1,1276
DPY19L1,1277
DPY19L3,1278
DPY19L4,1279
DQX1,1280
DRAM1,1281
DRAM2,1282
DRD4,1283
DSC2,1284
DSC3,1285
DSCR10,1286
DSCR8,1287
DSCR9,1288
DSE,1289
DSG2,1290
DST,1291
DSTYK,1292
DTL,1293
DTNBP1,1294
DTX3L,1295
DUOX1,1296
DUSP1,1297
DUSP10,1298
DUSP11,1299
DUSP21,1300
DUSP8,1301
DUT,1302
DXO,1303
DYNC1H1,1304
DYNC1I2,1305
DYNC1LI2,1306
DYNC2LI1,1307
DYNLL1,1308
DYNLT3,1309
DYRK1B,1310
DYSF,1311
DYX1C1,1312
DZIP3,1313
E2F1,1314
E2F4,1315
EAPP,1316
EBLN1,1317
EBLN2,1318
EBP,1319
EBPL,1320
ECE1,1321
ECH1,1322
ECM1,1323
ECT2,1324
EDARADD,1325
EDEM1,1326
EDEM2,1327
EDEM3,1328
EED,1329
EEF1A2,1330
EEF2,1331
EFCAB10,1332
EFCAB13,1333
EFCAB5,1334
EFCAB7,1335
EFHB,1336
EFHC1,1337
EFHC2,1338
EGFL7,1339
EGFL8,1340
EGR1,1341
EHF,1342
EID1,1343
EID2B,1344
EIF1,1345
EIF1B,1346
EIF2AK1,1347
EIF2AK3,1348
EIF2B3,1349
EIF2S3,1350
EIF3C,1351
EIF3CL,1352
EIF3D,1353
EIF3E,1354
EIF3H,1355
EIF3J-AS1,1356
EIF4A1,1357
EIF4A2,1358
EIF4A3,1359
EIF4EBP1,1360
EIF4G1,1361
EIF4G2,1362
EIF5,1363
ELAC1,1364
ELAC2,1365
ELF1,1366
ELFN1,1367
ELK1,1368
ELK4,1369
ELMOD2,1370
ELOVL5,1371
ELOVL6,1372
ELOVL7,1373
ELP2,1374
ELP3,1375
ELP4,1376
EMC1,1377
EMC10,1378
EMC2,1379
EMC3,1380
EMC7,1381
EME1,1382
EMILIN1,1383
EMILIN2,1384
EML6,1385
EMP2,1386
EMP3,1387
EMR2,1388
ENC1,1389
ENO1-AS1,1390
ENOSF1,1391
ENPP3,1392
ENTHD1,1393
ENTPD3,1394
ENTPD4,1395
ENTPD7,1396
ENTPD8,1397
EOGT,1398
EPAS1,1399
EPB41,1400
EPB41L2,1401
EPB41L4A-AS1,1402
EPB42,1403
EPCAM,1404
EPG5,1405
EPHA1-AS1,1406
EPHB6,1407
EPHX1,1408
EPHX2,1409
EPM2AIP1,1410
EPRS,1411
EPS15,1412
EPS8,1413
EPT1,1414
ERAP1,1415
ERAP2,1416
ERBB2,1417
ERBB3,1418
ERCC3,1419
EREG,1420
ERGIC2,1421
ERI1,1422
ERICH2,1423
ERLIN2,1424
ERMAP,1425
ERMARD,1426
ERMN,1427
ERMP1,1428
ERN1,1429
ERO1L,1430
ERO1LB,1431
ERP29,1432
ERP44,1433
ERRFI1,1434
ERV3-1,1435
ESAM,1436
ESCO2,1437
ESD,1438
ESF1,1439
ESPN,1440
ESR2,1441
ESYT1,1442
ESYT2,1443
ETFDH,1444
ETHE1,1445
ETNK1,1446
ETV1,1447
EVA1B,1448
EVI2B,1449
EVI5L,1450
EXD3,1451
EXO5,1452
EXOC3L4,1453
EXOC6,1454
EXOC7,1455
EXOG,1456
EXOSC5,1457
EXOSC7,1458
EXOSC8,1459
EXPH5,1460
EXT1,1461
EXT2,1462
EXTL2,1463
EXTL3-AS1,1464
EYS,1465
EZH1,1466
EZR,1467
F11R,1468
F2R,1469
F2RL3,1470
F8,1471
FAAH,1472
FADS1,1473
FADS3,1474
FAF2,1475
FAM110D,1476
FAM114A1,1477
FAM122C,1478
FAM127B,1479
FAM129A,1480
FAM129C,1481
FAM132B,1482
FAM134B,1483
FAM138C,1484
FAM157A,1485
FAM161A,1486
FAM174A,1487
FAM175A,1488
FAM178A,1489
FAM178B,1490
FAM179B,1491
FAM19A2,1492
FAM20B,1493
FAM211A,1494
FAM212B,1495
FAM214A,1496
FAM214B,1497
FAM216A,1498
FAM219B,1499
FAM21A,1500
FAM227A,1501
FAM227B,1502
FAM229A,1503
FAM27E3,1504
FAM43A,1505
FAM47E,1506
FAM49A,1507
FAM53C,1508
FAM63A,1509
FAM65C,1510
FAM69A,1511
FAM83A,1512
FAM83H-AS1,1513
FAM89A,1514
FAM92A1,1515
FAM9B,1516
FANCC,1517
FANCL,1518
FARS2,1519
FASTK,1520
FASTKD1,1521
FASTKD2,1522
FAXDC2,1523
FBF1,1524
FBXL13,1525
FBXL2,1526
FBXL20,1527
FBXL8,1528
FBXO11,1529
FBXO24,1530
FBXO28,1531
FBXO3,1532
FBXO32,1533
FBXO34,1534
FBXO4,1535
FBXO42,1536
FBXO5,1537
FBXO8,1538
FBXW4,1539
FCGR1B,1540
FCGR2A,1541
FCGR2B,1542
FCGR3B,1543
FCGRT,1544
FCRLA,1545
FDFT1,1546
FDXR,1547
FECH,1548
FER,1549
FERMT2,1550
FGF21,1551
FGFBP3,1552
FGFR4,1553
FGGY,1554
FH,1555
FHIT,1556
FICD,1557
FIGNL1,1558
FILIP1,1559
FILIP1L,1560
FIP1L1,1561
FKBP10,1562
FKBP14,1563
FKBP7,1564
FKBP9,1565
FKRP,1566
FKTN,1567
FLCN,1568
FLNB,1569
FLNC,1570
FLT1,1571
FLVCR1,1572
FMR1NB,1573
FN1,1574
FNBP1,1575
FNDC3A,1576
FNDC3B,1577
FNDC4,1578
FOCAD,1579
FOLR1,1580
FOS,1581
FOSB,1582
FOXA2,1583
FOXD2-AS1,1584
FOXH1,1585
FOXK1,1586
FOXN3,1587
FOXO3,1588
FPGT,1589
FRA10AC1,1590
FRAT1,1591
FRG1,1592
FRG1B,1593
FRMD1,1594
FRRS1,1595
FRRS1L,1596
FRS3,1597
FSD1L,1598
FTCD,1599
FTX,1600
FUCA1,1601
FUCA2,1602
FURIN,1603
FUT1,1604
FUZ,1605
FXYD4,1606
FYB,1607
FZD4,1608
FZD7,1609
FZD9,1610
G0S2,1611
G6PC3,1612
GAB2,1613
GABBR2,1614
GABPA,1615
GABRA2,1616
GABRE,1617
GABRG1,1618
GAD1,1619
GADD45B,1620
GADD45G,1621
GAGE12D,1622
GAGE12E,1623
GAGE13,1624
GAGE2B,1625
GAGE2C,1626
GAGE2E,1627
GAL,1628
GAL3ST1,1629
GALC,1630
GALK2,1631
GALM,1632
GALNT10,1633
GALNT11,1634
GALNT12,1635
GALNT2,1636
GALNT5,1637
GALNT6,1638
GALNT7,1639
GALR2,1640
GANAB,1641
GARS,1642
GAS2L3,1643
GAS6-AS2,1644
GATA2,1645
GATM,1646
GBA,1647
GBGT1,1648
GCAT,1649
GCC2,1650
GCKR,1651
GCLM,1652
GCNT2,1653
GDA,1654
GDAP1L1,1655
GDF15,1656
GDI2,1657
GDPD1,1658
GDPD3,1659
GDPD4,1660
GDPGP1,1661
GFAP,1662
GFM1,1663
GFM2,1664
GFPT1,1665
GGA1,1666
GGACT,1667
GGH,1668
GGT1,1669
GGT7,1670
GHRLOS,1671
GIN1,1672
GIPR,1673
GIT2,1674
GJC3,1675
GLA,1676
GLB1,1677
GLB1L,1678
GLB1L2,1679
GLCCI1,1680
GLCE,1681
GLG1,1682
GLI1,1683
GLIPR1,1684
GLMN,1685
GLOD4,1686
GLRX,1687
GLT8D1,1688
GLUD1,1689
GLUD2,1690
GLUL,1691
GMDS-AS1,1692
GMFG,1693
GMIP,1694
GMNN,1695
GMPPA,1696
GNAI3,1697
GNB2L1,1698
GNB3,1699
GNB5,1700
GNG11,1701
GNG4,1702
GNL2,1703
GNPTAB,1704
GNRH1,1705
GNS,1706
GOLGA2,1707
GOLGB1,1708
GOLIM4,1709
GOLT1B,1710
GON4L,1711
GOT1,1712
GP6,1713
GPAA1,1714
GPALPP1,1715
GPBP1,1716
GPC1,1717
GPC2,1718
GPCPD1,1719
GPLD1,1720
GPM6B,1721
GPN2,1722
GPNMB,1723
GPR107,1724
GPR108,1725
GPR146,1726
GPR155,1727
GPR162,1728
GPR183,1729
GPR55,1730
GPR68,1731
GPR85,1732
GPR98,1733
GPRASP1,1734
GPRASP2,1735
GPRC5C,1736
GPSM1,1737
GPSM2,1738
GPSM3,1739
GPT,1740
GPT2,1741
GPX4,1742
GRAP2,1743
GRASP,1744
GRB10,1745
GRB7,1746
GRHL1,1747
GRIK1,1748
GRIN1,1749
GRIPAP1,1750
GRN,1751
GRPEL2,1752
GS1-124K5.11,1753
GS1-124K5.3,1754
GS1-179L18.1,1755
GS1-259H13.2,1756
GS1-600G8.3,1757
GS1-600G8.5,1758
GSDMB,1759
GSDMD,1760
GSKIP,1761
GSN,1762
GSTA4,1763
GSTK1,1764
GSTO1,1765
GSTO2,1766
GSTZ1,1767
GTF2F2,1768
GTF2IRD2,1769
GTF3C1,1770
GTPBP2,1771
GTSE1,1772
GUF1,1773
GUK1,1774
GUSB,1775
GXYLT1,1776
GYLTL1B,1777
GYPA,1778
GYPB,1779
GYPC,1780
GZMM,1781
H1FX,1782
H6PD,1783
HABP4,1784
HACL1,1785
HADHB,1786
HAGH,1787
HAMP,1788
HAPLN2,1789
HARS,1790
HAT1,1791
HAUS1,1792
HAUS5,1793
HAUS8,1794
HBA1,1795
HBA2,1796
HBB,1797
HBD,1798
HBE1,1799
HBEGF,1800
HBG1,1801
HBG2,1802
HBP1,1803
HBZ,1804
HCG14,1805
HCG20,1806
HCG27,1807
HCLS1,1808
HCN2,1809
HCN3,1810
HCRT,1811
HCST,1812
HDAC5,1813
HDGFRP3,1814
HEATR1,1815
HECA,1816
HECTD2,1817
HECW2,1818
HELB,1819
HELZ,1820
HELZ2,1821
HEMGN,1822
HEPACAM2,1823
HEPH,1824
HERC4,1825
HERPUD1,1826
HES1,1827
HES6,1828
HEXA,1829
HEXA-AS1,1830
HEXB,1831
HEY1,1832
HFE,1833
HFE2,1834
HFM1,1835
HGSNAT,1836
HHEX,1837
HIAT1,1838
HIBADH,1839
HIBCH,1840
HID1,1841
HINT2,1842
HINT3,1843
HIP1,1844
HIPK2,1845
HIST1H1B,1846
HIST1H1C,1847
HIST1H1D,1848
HIST1H1E,1849
HIST1H2AA,1850
HIST1H2AC,1851
HIST1H2AE,1852
HIST1H2AG,1853
HIST1H2AH,1854
HIST1H2AK,1855
HIST1H2BC,1856
HIST1H2BF,1857
HIST1H2BG,1858
HIST1H2BJ,1859
HIST1H2BK,1860
HIST1H2BN,1861
HIST1H3D,1862
HIST1H4C,1863
HIST1H4D,1864
HIST1H4E,1865
HIST1H4H,1866
HIST1H4I,1867
HIST2H2AA3,1868
HIST2H2AA4,1869
HIST2H2AC,1870
HIST2H2BE,1871
HIST3H2BB,1872
HIVEP1,1873
HIVEP3,1874
HJURP,1875
HLA-DMA,1876
HLA-DOB,1877
HLA-E,1878
HLTF,1879
HM13,1880
HM13-AS1,1881
HMBOX1,1882
HMBS,1883
HMCN1,1884
HMGB2,1885
HMGCL,1886
HMGCR,1887
HMGCS1,1888
HMGN2,1889
HMGN3-AS1,1890
HMGN5,1891
HMMR,1892
HN1,1893
HNMT,1894
HNRNPDL,1895
HNRNPH1,1896
HNRNPH2,1897
HNRNPU-AS1,1898
HOOK2,1899
HOXB-AS1,1900
HOXB-AS3,1901
HOXB5,1902
HOXB7,1903
HP1BP3,1904
HPCAL1,1905
HPD,1906
HPGD,1907
HPS4,1908
HPS5,1909
HRC,1910
HSD17B11,1911
HSD17B12,1912
HSD17B4,1913
HSD17B6,1914
HSDL1,1915
HSF4,1916
HSP90AA1,1917
HSP90AB1,1918
HSP90B1,1919
HSPA13,1920
HSPA1A,1921
HSPA5,1922
HSPA6,1923
HSPA8,1924
HSPBAP1,1925
HSPE1,1926
HSPG2,1927
HTR4,1928
HTT,1929
HYAL1,1930
HYAL2,1931
HYI,1932
HYKK,1933
HYLS1,1934
HYOU1,1935
IAH1,1936
IARS,1937
IBA57,1938
IBTK,1939
ICA1,1940
ICAM1,1941
ICAM2,1942
ICAM4,1943
ICOSLG,1944
ID1,1945
ID2,1946
ID3,1947
IDH1,1948
IDI1,1949
IDS,1950
IER2,1951
IER3,1952
IFI16,1953
IFI27,1954
IFI27L2,1955
IFI35,1956
IFI6,1957
IFIT3,1958
IFITM1,1959
IFITM2,1960
IFITM3,1961
IFNGR1,1962
IFRD1,1963
IFT140,1964
IFT172,1965
IFT80,1966
IFT88,1967
IGBP1,1968
IGF1,1969
IGF1R,1970
IGF2R,1971
IGFBP4,1972
IGFBP6,1973
IGIP,1974
IGSF1,1975
IGSF11,1976
IGSF3,1977
IGSF8,1978
IK,1979
IKBIP,1980
IKBKAP,1981
IKBKB,1982
IKZF2,1983
IL10RA,1984
IL10RB,1985
IL13RA1,1986
IL15RA,1987
IL17RA,1988
IL17RC,1989
IL17RE,1990
IL18,1991
IL18BP,1992
IL18RAP,1993
IL1R1,1994
IL20RB,1995
IL21R,1996
IL23A,1997
IL23R,1998
IL2RG,1999
IL4R,2000
IL6,2001
IL6ST,2002
IL8,2003
ILF2,2004
ILF3-AS1,2005
ILVBL,2006
IMPA1,2007
IMPACT,2008
IMPDH2,2009
ING3,2010
INHA,2011
INHBE,2012
INPP1,2013
INPP5J,2014
INSIG1,2015
INSR,2016
INTS1,2017
INTS4,2018
INTS6-AS1,2019
INTS8,2020
INTS9,2021
IQCB1,2022
IQCD,2023
IQCH,2024
IQGAP1,2025
IQGAP2,2026
IRF1,2027
IRF2,2028
IRF6,2029
IRF7,2030
IRF9,2031
ISG15,2032
ISG20,2033
ISPD,2034
ISPD-AS1,2035
ITFG1,2036
ITFG3,2037
ITGA10,2038
ITGA2B,2039
ITGA5,2040
ITGAV,2041
ITGB1,2042
ITGB1BP2,2043
ITGB5,2044
ITGB7,2045
ITIH5,2046
ITM2A,2047
ITM2B,2048
ITM2C,2049
ITPR1,2050
ITPR1-AS1,2051
ITPR2,2052
ITPRIP,2053
ITPRIPL2,2054
ITSN2,2055
IZUMO1,2056
JAG2,2057
JARID2,2058
JDP2,2059
JKAMP,2060
JMJD1C,2061
JMJD1C-AS1,2062
JUN,2063
JUNB,2064
KANSL1,2065
KANSL1L,2066
KANSL3,2067
KAT6B,2068
KATNA1,2069
KATNAL2,2070
KB-1410C5.5,2071
KB-1460A1.5,2072
KB-1732A1.1,2073
KB-226F1.1,2074
KB-431C1.5,2075
KBTBD7,2076
KCNAB3,2077
KCND1,2078
KCNG1,2079
KCNH2,2080
KCNIP2,2081
KCNJ11,2082
KCNK1,2083
KCNK12,2084
KCNK15,2085
KCNK5,2086
KCNK6,2087
KCNN4,2088
KCNQ1OT1,2089
KCNT2,2090
KCTD21-AS1,2091
KDELC1,2092
KDELR1,2093
KDELR3,2094
KDM4A,2095
KDM4D,2096
KDM5A,2097
KDM5B,2098
KDM6B,2099
KDM7A,2100
KDSR,2101
KEL,2102
KIAA0020,2103
KIAA0101,2104
KIAA0232,2105
KIAA0319L,2106
KIAA0368,2107
KIAA0430,2108
KIAA0907,2109
KIAA0922,2110
KIAA1107,2111
KIAA1109,2112
KIAA1147,2113
KIAA1161,2114
KIAA1279,2115
KIAA1324L,2116
KIAA1407,2117
KIAA1467,2118
KIAA1551,2119
KIAA1586,2120
KIAA1731,2121
KIAA1875,2122
KIAA1919,2123
KIDINS220,2124
KIF13B,2125
KIF14,2126
KIF1B,2127
KIF20B,2128
KIF21A,2129
KIF22,2130
KIF23,2131
KIF27,2132
KIF2A,2133
KIF2C,2134
KIF4A,2135
KIF5A,2136
KIFAP3,2137
KIFC1,2138
KIN,2139
KISS1R,2140
KIT,2141
KLC3,2142
KLC4,2143
KLF1,2144
KLF10,2145
KLF2,2146
KLF6,2147
KLHDC2,2148
KLHL11,2149
KLHL13,2150
KLHL24,2151
KLHL28,2152
KLHL36,2153
KLHL6,2154
KLK1,2155
KLLN,2156
KMT2A,2157
KMT2B,2158
KNOP1,2159
KPNA2,2160
KRBOX1,2161
KRCC1,2162
KREMEN2,2163
KRR1,2164
KRT10,2165
KRT18,2166
KRT19,2167
KRT8,2168
KRTCAP3,2169
KSR1,2170
KYNU,2171
L3MBTL3,2172
LA16c-313D11.9,2173
LA16c-325D7.2,2174
LA16c-358B7.3,2175
LA16c-385E7.1,2176
LACTB,2177
LACTB2,2178
LAMA2,2179
LAMA5,2180
LAMB1,2181
LAMB2,2182
LAMB3,2183
LAMP1,2184
LAMP2,2185
LAMP3,2186
LAMTOR5-AS1,2187
LAPTM4A,2188
LAPTM4B,2189
LAPTM5,2190
LARP7,2191
LARS,2192
LAT2,2193
LATS2,2194
LBH,2195
LBR,2196
LBX2-AS1,2197
LCA5,2198
LCN2,2199
LCOR,2200
LCORL,2201
LCP1,2202
LCTL,2203
LDHB,2204
LDHD,2205
LDLR,2206
LDOC1,2207
LEKR1,2208
LEMD2,2209
LENG8-AS1,2210
LENG9,2211
LEO1,2212
LEPR,2213
LEPRE1,2214
LEPREL4,2215
LEPROT,2216
LETM2,2217
LETMD1,2218
LGALS1,2219
LGALS3BP,2220
LGALS8,2221
LGALS9,2222
LGR4,2223
LHX4,2224
LHX5,2225
LIAS,2226
LIFR,2227
LIG3,2228
LILRB3,2229
LIMA1,2230
LIMS1,2231
LINC-PINT,2232
LINC00152,2233
LINC00174,2234
LINC00176,2235
LINC00205,2236
LINC00240,2237
LINC00261,2238
LINC00271,2239
LINC00339,2240
LINC00341,2241
LINC00412,2242
LINC00431,2243
LINC00482,2244
LINC00505,2245
LINC00511,2246
LINC00528,2247
LINC00568,2248
LINC00638,2249
LINC00649,2250
LINC00656,2251
LINC00659,2252
LINC00662,2253
LINC00663,2254
LINC00668,2255
LINC00685,2256
LINC00694,2257
LINC00853,2258
LINC00858,2259
LINC00881,2260
LINC00882,2261
LINC00893,2262
LINC00896,2263
LINC00910,2264
LINC00923,2265
LINC00958,2266
LINC00969,2267
LINC00998,2268
LINC01003,2269
LINC01004,2270
LINC01021,2271
LINC01023,2272
LINC01094,2273
LINC01125,2274
LINC01132,2275
LINC01134,2276
LIPG,2277
LIPH,2278
LITAF,2279
LL0XNC01-7P3.1,2280
LL22NC03-2H8.5,2281
LL22NC03-86G7.1,2282
LL22NC03-N27C7.1,2283
LMAN1,2284
LMAN2,2285
LMAN2L,2286
LMBR1L,2287
LMBRD1,2288
LMBRD2,2289
LMF1,2290
LMF2,2291
LMLN-AS1,2292
LMNA,2293
LMO2,2294
LMO7,2295
LMOD1,2296
LMOD3,2297
LMTK2,2298
LNPEP,2299
LNX1,2300
LONP1,2301
LPAR5,2302
LPCAT2,2303
LPCAT3,2304
LPGAT1,2305
LPHN1,2306
LPIN1,2307
LPIN3,2308
LPL,2309
LRBA,2310
LRFN4,2311
LRG1,2312
LRIF1,2313
LRIG2,2314
LRMP,2315
LRP10,2316
LRP12,2317
LRP2,2318
LRP5L,2319
LRPAP1,2320
LRRC14,2321
LRRC2,2322
LRRC24,2323
LRRC27,2324
LRRC29,2325
LRRC40,2326
LRRC41,2327
LRRC42,2328
LRRC46,2329
LRRC4B,2330
LRRC56,2331
LRRC7,2332
LRRC73,2333
LRRC8C,2334
LRRC8D,2335
LRRC8E,2336
LRRN3,2337
LSMEM1,2338
LSR,2339
LST1,2340
LTA4H,2341
LTB,2342
LTB4R,2343
LTBP1,2344
LTK,2345
LTN1,2346
LTV1,2347
LY6E,2348
LY86-AS1,2349
LYG1,2350
LYG2,2351
LYPLAL1,2352
LYRM9,2353
LYSMD1,2354
LYSMD2,2355
LYZ,2356
LZTFL1,2357
M6PR,2358
MACC1,2359
MACF1,2360
MAD2L1,2361
MADCAM1,2362
MADD,2363
MAFF,2364
MAGEA1,2365
MAGEA3,2366
MAGEA8,2367
MAGEB2,2368
MAGEC1,2369
MAGEC2,2370
MAGED1,2371
MAGED2,2372
MAGEF1,2373
MAGEH1,2374
MAGI1,2375
MAGIX,2376
MAGT1,2377
MAK,2378
MALAT1,2379
MAMDC4,2380
MAN1A1,2381
MAN1B1,2382
MAN2A1,2383
MAN2A2,2384
MAN2B2,2385
MANBA,2386
MANEA,2387
MANEA-AS1,2388
MANF,2389
MAP1B,2390
MAP1LC3B,2391
MAP3K10,2392
MAP3K12,2393
MAP4K1,2394
MAPK15,2395
MAPKBP1,2396
MAPRE3,2397
MAPT,2398
MARCH1,2399
MARCH2,2400
MARCH5,2401
MARCH6,2402
MARCH7,2403
MARCKS,2404
MARCKSL1,2405
MARS,2406
MASP2,2407
MASTL,2408
MAT2A,2409
MAT2B,2410
MATN1-AS1,2411
MAU2,2412
MB21D1,2413
MBNL2,2414
MBOAT1,2415
MBOAT2,2416
MBOAT7,2417
MBTPS1,2418
MBTPS2,2419
MCAM,2420
MCC,2421
MCF2L2,2422
MCL1,2423
MCM10,2424
MCM4,2425
MCM5,2426
MCM6,2427
MCM7,2428
MCOLN1,2429
MDGA1,2430
MDH1,2431
MDK,2432
MDM4,2433
MDN1,2434
MED13,2435
MED13L,2436
MED17,2437
MED23,2438
MED30,2439
MEF2BNB-MEF2B,2440
MEF2C,2441
MEGF11,2442
MEGF8,2443
MEGF9,2444
MEIS3,2445
MEMO1,2446
MESDC1,2447
MESDC2,2448
MESP1,2449
MET,2450
METTL12,2451
METTL17,2452
METTL20,2453
METTL7A,2454
MFAP1,2455
MFAP3,2456
MFGE8,2457
MFI2-AS1,2458
MFN1,2459
MFSD1,2460
MFSD10,2461
MFSD11,2462
MFSD3,2463
MFSD4,2464
MFSD6,2465
MFSD8,2466
MGARP,2467
MGAT2,2468
MGAT4A,2469
MGAT5,2470
MGAT5B,2471
MGEA5,2472
MGST1,2473
MGST2,2474
MGST3,2475
MIA3,2476
MIB1,2477
MICA,2478
MICAL3,2479
MICU1,2480
MICU2,2481
MIEF2,2482
MILR1,2483
MINPP1,2484
MIOX,2485
MIPEP,2486
MIR142,2487
MIR145,2488
MIR202HG,2489
MIR210HG,2490
MIR29A,2491
MIR3150A,2492
MIR4453,2493
MIR451B,2494
MIR503HG,2495
MIS18A-AS1,2496
MIS18BP1,2497
MKI67,2498
MKLN1,2499
MLEC,2500
MLF1,2501
MLH1,2502
MLLT11,2503
MLXIP,2504
MLXIPL,2505
MLYCD,2506
MMADHC,2507
MMP19,2508
MMS22L,2509
MNAT1,2510
MND1,2511
MNDA,2512
MOAP1,2513
MOB1B,2514
MOCOS,2515
MOCS1,2516
MOGS,2517
MORF4L2,2518
MORF4L2-AS1,2519
MOSPD1,2520
MOSPD2,2521
MOV10,2522
MOV10L1,2523
MPHOSPH10,2524
MPZL1,2525
MR1,2526
MRE11A,2527
MRPL1,2528
MRPL10,2529
MRPL13,2530
MRPL16,2531
MRPL20,2532
MRPL23-AS1,2533
MRPL39,2534
MRPL47,2535
MRPS12,2536
MRPS22,2537
MRPS31,2538
MRPS33,2539
MRPS9,2540
MRVI1-AS1,2541
MS4A3,2542
MS4A4A,2543
MS4A6A,2544
MSH5,2545
MSH6,2546
MSMB,2547
MSMO1,2548
MSR1,2549
MSRB2,2550
MSS51,2551
MST1R,2552
MT-ATP6,2553
MT-ATP8,2554
MT-CO1,2555
MT-CO2,2556
MT-CO3,2557
MT-CYB,2558
MT-ND1,2559
MT-ND2,2560
MT-ND3,2561
MT-ND4,2562
MT-ND4L,2563
MT-ND5,2564
MT-ND6,2565
MT2A,2566
MTBP,2567
MTERFD1,2568
MTERFD3,2569
MTFR2,2570
MTHFD2,2571
MTHFR,2572
MTMR11,2573
MTMR12,2574
MTMR14,2575
MTMR4,2576
MTR,2577
MTRNR2L1,2578
MTRNR2L10,2579
MTRNR2L11,2580
MTRNR2L12,2581
MTRNR2L13,2582
MTRNR2L2,2583
MTRNR2L3,2584
MTRNR2L4,2585
MTRNR2L7,2586
MTRNR2L8,2587
MTSS1,2588
MUC12,2589
MUC5B,2590
MUS81,2591
MUT,2592
MVP,2593
MXD3,2594
MXRA8,2595
MYB,2596
MYBPHL,2597
MYC,2598
MYCL,2599
MYH11,2600
MYH3,2601
MYL12B,2602
MYL4,2603
MYL9,2604
MYLIP,2605
MYLK2,2606
MYO16,2607
MYO18A,2608
MYO18B,2609
MYO1F,2610
MYO5A,2611
MYO6,2612
MYOM1,2613
MYRF,2614
MYT1,2615
MZF1,2616
N4BP2,2617
N4BP2L1,2618
N4BP2L2,2619
N6AMT1,2620
NAA25,2621
NAAA,2622
NABP1,2623
NACA,2624
NAGLU,2625
NAPB,2626
NAPEPLD,2627
NAPG,2628
NAPSA,2629
NARS,2630
NASP,2631
NAT8L,2632
NAT9,2633
NBAS,2634
NBPF10,2635
NBR1,2636
NCAPG,2637
NCEH1,2638
NCF4,2639
NCKAP1L,2640
NCL,2641
NCLN,2642
NCOA3,2643
NCOA7,2644
NCSTN,2645
NDC1,2646
NDC80,2647
NDEL1,2648
NDFIP1,2649
NDFIP2,2650
NDUFA13,2651
NDUFA4L2,2652
NDUFA9,2653
NDUFB6,2654
NDUFB9,2655
NDUFS1,2656
NDUFS2,2657
NEAT1,2658
NEB,2659
NECAB1,2660
NEDD4L,2661
NEIL1,2662
NEK1,2663
NEK2,2664
NEK7,2665
NEK9,2666
NELFCD,2667
NEU1,2668
NEURL2,2669
NF1,2670
NFE2L1,2671
NFE2L2,2672
NFE2L3,2673
NFE4,2674
NFKBIL1,2675
NFKBIZ,2676
NFU1,2677
NFYB,2678
NFYC-AS1,2679
NHLH1,2680
NHLRC3,2681
NHLRC4,2682
NICN1,2683
NIF3L1,2684
NIFK-AS1,2685
NIPAL3,2686
NIPSNAP1,2687
NIPSNAP3B,2688
NIT1,2689
NKAIN1,2690
NKAP,2691
NKIRAS2,2692
NKTR,2693
NLGN2,2694
NLRC5,2695
NLRP1,2696
NLRX1,2697
NMB,2698
NME7,2699
NMI,2700
NMRK1,2701
NMU,2702
NNMT,2703
NOA1,2704
NOC2L,2705
NOC3L,2706
NOD1,2707
NOL11,2708
NOL3,2709
NOL8,2710
NOMO2,2711
NOMO3,2712
NOP16,2713
NOSTRIN,2714
NOTCH1,2715
NOTCH2,2716
NOTCH4,2717
NOXA1,2718
NOXRED1,2719
NPAS3,2720
NPC1,2721
NPC2,2722
NPHP3,2723
NPHP4,2724
NPIPB15,2725
NPIPB4,2726
NPL,2727
NPM1,2728
NPM2,2729
NPPA-AS1,2730
NPRL2,2731
NPRL3,2732
NPTN,2733
NPW,2734
NQO1,2735
NQO2,2736
NR2C2,2737
NR4A1,2738
NR4A2,2739
NRBP2,2740
NRD1,2741
NRM,2742
NSDHL,2743
NSL1,2744
NSMCE1,2745
NSMCE2,2746
NSRP1,2747
NSUN3,2748
NT5C3A,2749
NT5DC1,2750
NTRK1,2751
NUAK2,2752
NUCB1,2753
NUCB2,2754
NUDC,2755
NUDT12,2756
NUDT18,2757
NUDT9,2758
NUF2,2759
NUMB,2760
NUP107,2761
NUP133,2762
NUP210,2763
NUP37,2764
NUP85,2765
NUPR1,2766
NUSAP1,2767
NVL,2768
NXF2B,2769
NXF3,2770
OAT,2771
OCIAD1,2772
OCRL,2773
ODF2L,2774
ODF3L2,2775
OGFOD2,2776
OGG1,2777
OGT,2778
OMA1,2779
OPN3,2780
OPTN,2781
OR51B5,2782
OR52A1,2783
OR8G5,2784
ORAI2,2785
ORAI3,2786
ORC5,2787
ORMDL2,2788
OS9,2789
OSBPL2,2790
OSBPL6,2791
OSBPL8,2792
OSCAR,2793
OSER1,2794
OSER1-AS1,2795
OSGEPL1,2796
OSGIN1,2797
OSTC,2798
OSTF1,2799
OSTM1,2800
OTP,2801
OVGP1,2802
OXA1L,2803
OXCT1,2804
OXLD1,2805
OXSM,2806
P2RX1,2807
P2RX4,2808
P2RX6,2809
P2RY1,2810
P4HA1,2811
P4HA2,2812
P4HA3,2813
P4HB,2814
P4HTM,2815
PABPC1L,2816
PACSIN1,2817
PACSIN2,2818
PADI4,2819
PAGE1,2820
PAGE2,2821
PAGE2B,2822
PAGE4,2823
PAGE5,2824
PAIP2,2825
PAIP2B,2826
PAK1,2827
PAK1IP1,2828
PALM,2829
PALMD,2830
PAM,2831
PAN2,2832
PAN3-AS1,2833
PANX2,2834
PANX3,2835
PAPLN,2836
PAPPA,2837
PAPSS1,2838
PAQR4,2839
PAQR6,2840
PAQR7,2841
PAQR8,2842
PAQR9,2843
PARP11,2844
PARP14,2845
PARP16,2846
PARP2,2847
PASD1,2848
PATL2,2849
PAX6,2850
PAX8,2851
PAXBP1,2852
PAXBP1-AS1,2853
PAXIP1-AS1,2854
PBK,2855
PBX3,2856
PBXIP1,2857
PCCA,2858
PCCB,2859
PCED1A,2860
PCED1B,2861
PCK2,2862
PCMT1,2863
PCMTD1,2864
PCNA,2865
PCNT,2866
PCNX,2867
PCNXL4,2868
PCSK1N,2869
PCSK7,2870
PCSK9,2871
PCYOX1,2872
PCYOX1L,2873
PDCD4,2874
PDCD4-AS1,2875
PDE11A,2876
PDE4DIP,2877
PDE6G,2878
PDGFB,2879
PDHA1,2880
PDIA3,2881
PDIA4,2882
PDIA5,2883
PDIA6,2884
PDIK1L,2885
PDLIM4,2886
PDZD8,2887
PDZK1IP1,2888
PELI2,2889
PEX1,2890
PEX11G,2891
PEX12,2892
PEX14,2893
PEX3,2894
PFDN5,2895
PFN1,2896
PFN4,2897
PGAP3,2898
PGF,2899
PGK1,2900
PGM2L1,2901
PGM3,2902
PGRMC1,2903
PGS1,2904
PHACTR2,2905
PHC3,2906
PHF19,2907
PHF21A,2908
PHF3,2909
PHGDH,2910
PHIP,2911
PHLDA1,2912
PHLDA2,2913
PHLPP1,2914
PHLPP2,2915
PHTF1,2916
PHTF2,2917
PHYHIP,2918
PHYKPL,2919
PICK1,2920
PIEZO1,2921
PIF1,2922
PIGG,2923
PIGK,2924
PIGL,2925
PIGM,2926
PIGN,2927
PIGO,2928
PIGP,2929
PIGT,2930
PIGU,2931
PIGV,2932
PIGW,2933
PIGX,2934
PIGZ,2935
PIK3C3,2936
PIK3CG,2937
PIK3IP1,2938
PIK3R4,2939
PILRA,2940
PILRB,2941
PIM1,2942
PINK1-AS,2943
PIP5KL1,2944
PIR,2945
PKD2L2,2946
PKM,2947
PKMYT1,2948
PLA2G15,2949
PLA2G16,2950
PLA2G2C,2951
PLA2G6,2952
PLAC1,2953
PLAG1,2954
PLAT,2955
PLAU,2956
PLAUR,2957
PLBD1,2958
PLBD2,2959
PLCD1,2960
PLCG2,2961
PLCL1,2962
PLD1,2963
PLD3,2964
PLEKHA5,2965
PLEKHH2,2966
PLEKHH3,2967
PLIN5,2968
PLK1,2969
PLOD3,2970
PLP2,2971
PLRG1,2972
PLSCR1,2973
PLSCR2,2974
PLTP,2975
PLXNA1,2976
PLXNA2,2977
PLXNB1,2978
PLXNB2,2979
PMAIP1,2980
PMEL,2981
PMP22,2982
PMPCA,2983
PMPCB,2984
PMS1,2985
PNCK,2986
PNKP,2987
PNMA3,2988
PNN,2989
PNPLA4,2990
PNPLA8,2991
PNPT1,2992
PNRC1,2993
POC1B,2994
PODXL2,2995
POFUT1,2996
POFUT2,2997
POGZ,2998
POLB,2999
POLD3,3000
POLD4,3001
POLE2,3002
POLG2,3003
POLI,3004
POLK,3005
POLM,3006
POLN,3007
POLR1C,3008
POLR2B,3009
POLR2F,3010
POLR2L,3011
POLR3C,3012
POLRMT,3013
POMGNT1,3014
POMT1,3015
POMZP3,3016
PON2,3017
POP7,3018
POPDC2,3019
POR,3020
PORCN,3021
POT1,3022
POT1-AS1,3023
PP13439,3024
PPAP2C,3025
PPAPDC1B,3026
PPAPDC2,3027
PPCDC,3028
PPFIA4,3029
PPIB,3030
PPIC,3031
PPIG,3032
PPIP5K2,3033
PPOX,3034
PPP1R12A,3035
PPP1R13L,3036
PPP1R14A,3037
PPP1R15A,3038
PPP1R15B,3039
PPP1R16B,3040
PPP1R26,3041
PPP1R26-AS1,3042
PPP1R3B,3043
PPP1R3E,3044
PPP1R7,3045
PPP2CA,3046
PPP2R2A,3047
PPP3CA,3048
PPP5D1,3049
PPP6R2,3050
PPT1,3051
PPT2,3052
PPWD1,3053
PQLC2,3054
PQLC3,3055
PRAF2,3056
PRC1,3057
PRCP,3058
PRDX1,3059
PRDX3,3060
PRDX4,3061
PREPL,3062
PRF1,3063
PRG2,3064
PRICKLE1,3065
PRIM1,3066
PRIM2,3067
PRIMPOL,3068
PRKAA1,3069
PRKAB2,3070
PRKAG1,3071
PRKAG2-AS1,3072
PRKCB,3073
PRKCSH,3074
PRKDC,3075
PRNP,3076
PROCR,3077
PROS1,3078
PRPF38B,3079
PRPH,3080
PRPSAP2,3081
PRR4,3082
PRRC2C,3083
PRRT3-AS1,3084
PRSS1,3085
PRSS21,3086
PRSS27,3087
PRSS57,3088
PRSS8,3089
PRTN3,3090
PRX,3091
PSAP,3092
PSAT1,3093
PSEN1,3094
PSEN2,3095
PSENEN,3096
PSIP1,3097
PSMA1,3098
PSMA4,3099
PSMB2,3100
PSMB3,3101
PSMB8,3102
PSMB9,3103
PSMC1,3104
PSMC2,3105
PSMC3,3106
PSMC5,3107
PSMD10,3108
PSMD12,3109
PSMD5-AS1,3110
PSMD6,3111
PSMD6-AS2,3112
PSME1,3113
PSPH,3114
PSRC1,3115
PTGDR2,3116
PTGDS,3117
PTGER1,3118
PTGES3,3119
PTGFRN,3120
PTGIR,3121
PTGR2,3122
PTGS1,3123
PTHLH,3124
PTP4A3,3125
PTPDC1,3126
PTPLAD1,3127
PTPN21,3128
PTPN22,3129
PTPN4,3130
PTPN7,3131
PTPRB,3132
PTPRC,3133
PTPRCAP,3134
PTPRF,3135
PTPRH,3136
PTPRJ,3137
PTPRR,3138
PTPRS,3139
PTRF,3140
PTRH2,3141
PTTG1,3142
PTTG1IP,3143
PUS3,3144
PVR,3145
PVRL2,3146
PYCARD,3147
PYDC2,3148
PYROXD2,3149
QARS,3150
QPRT,3151
QSOX1,3152
QSOX2,3153
QTRT1,3154
R3HDM2,3155
RAB11FIP1,3156
RAB26,3157
RAB27B,3158
RAB30,3159
RAB38,3160
RAB3B,3161
RAB3D,3162
RAB3GAP1,3163
RAB3IP,3164
RAB6A,3165
RABAC1,3166
RABGAP1,3167
RABGAP1L,3168
RABGEF1,3169
RABGGTB,3170
RABL2A,3171
RABL2B,3172
RAC3,3173
RACGAP1,3174
RAD21,3175
RAD21L1,3176
RAD51,3177
RAD51AP1,3178
RAD51AP2,3179
RAD51B,3180
RADIL,3181
RAG1,3182
RALGAPB,3183
RALGPS2,3184
RANBP2,3185
RAPGEF5,3186
RARS,3187
RASGRP3,3188
RASGRP4,3189
RASIP1,3190
RASSF6,3191
RB1CC1,3192
RBBP7,3193
RBBP8,3194
RBCK1,3195
RBKS,3196
RBL1,3197
RBL2,3198
RBM12B,3199
RBM20,3200
RBM22,3201
RBM26-AS1,3202
RBM4,3203
RBM41,3204
RBM45,3205
RBM47,3206
RBP1,3207
RBP5,3208
RCAN3,3209
RCBTB1,3210
RCCD1,3211
RCE1,3212
RCN1,3213
RCN2,3214
RCN3,3215
RCSD1,3216
RDH10,3217
RDH11,3218
RDH12,3219
RDH14,3220
RDH16,3221
RDM1,3222
REEP1,3223
REEP3,3224
REEP4,3225
REEP5,3226
REEP6,3227
RELL1,3228
RELN,3229
REM2,3230
RENBP,3231
RETSAT,3232
REV3L,3233
RFC1,3234
RFC3,3235
RFC4,3236
RFPL4B,3237
RFT1,3238
RFX3,3239
RFXAP,3240
RGL2,3241
RGP1,3242
RGS10,3243
RGS2,3244
RGS20,3245
RGS3,3246
RHAG,3247
RHBDD2,3248
RHBDD3,3249
RHBDF1,3250
RHBDL1,3251
RHCE,3252
RHD,3253
RHEB,3254
RHEBL1,3255
RHOBTB3,3256
RHOH,3257
RHPN1,3258
RICTOR,3259
RILPL2,3260
RIMS4,3261
RINL,3262
RINT1,3263
RIOK2,3264
RIOK3,3265
RMDN1,3266
RMDN3,3267
RMI1,3268
RMI2,3269
RN7SL832P,3270
RNA,3271
RNASE1,3272
RNASE6,3273
RNASEL,3274
RNASET2,3275
RNF103,3276
RNF121,3277
RNF123,3278
RNF13,3279
RNF130,3280
RNF139-AS1,3281
RNF149,3282
RNF170,3283
RNF181,3284
RNF19A,3285
RNF213,3286
RNF215,3287
RNF219,3288
RNF24,3289
RNF43,3290
RNFT1,3291
RNMT,3292
RNPC3,3293
RNPEP,3294
ROBO2,3295
ROBO3,3296
ROPN1L,3297
RP1-102H19.8,3298
RP1-118J21.25,3299
RP1-118J21.5,3300
RP1-148H17.1,3301
RP1-151F17.1,3302
RP1-151F17.2,3303
RP1-159A19.4,3304
RP1-168L15.5,3305
RP1-197B17.3,3306
RP1-20C7.6,3307
RP1-20N2.6,3308
RP1-234P15.4,3309
RP1-239B22.5,3310
RP1-244F24.1,3311
RP1-257A7.5,3312
RP1-261D10.2,3313
RP1-266L20.2,3314
RP1-286D6.5,3315
RP1-28O10.1,3316
RP1-313L4.3,3317
RP1-317E23.3,3318
RP1-39G22.7,3319
RP1-3J17.3,3320
RP1-43E13.2,3321
RP1-69M21.2,3322
RP1-80N2.3,3323
RP1-90J4.1,3324
RP1-92O14.3,3325
RP11-1000B6.3,3326
RP11-1017G21.6,3327
RP11-1020A11.2,3328
RP11-1055B8.4,3329
RP11-108L7.15,3330
RP11-108M12.3,3331
RP11-1094M14.11,3332
RP11-10A14.5,3333
RP11-10C24.2,3334
RP11-10J5.1,3335
RP11-1101H11.1,3336
RP11-110I1.13,3337
RP11-1112C15.1,3338
RP11-1114A5.4,3339
RP11-111M22.2,3340
RP11-112J3.16,3341
RP11-1143G9.4,3342
RP11-11N5.3,3343
RP11-120D5.1,3344
RP11-121C2.2,3345
RP11-122L4.1,3346
RP11-1246C19.1,3347
RP11-1275H24.2,3348
RP11-1275H24.3,3349
RP11-1277A3.3,3350
RP11-127B20.3,3351
RP11-129K12.4,3352
RP11-130L8.2,3353
RP11-131L12.2,3354
RP11-1348G14.4,3355
RP11-134O21.1,3356
RP11-135A1.2,3357
RP11-138A9.1,3358
RP11-138A9.2,3359
RP11-138P22.1,3360
RP11-1391J7.1,3361
RP11-1398P2.1,3362
RP11-141B14.1,3363
RP11-141C7.4,3364
RP11-142G7.2,3365
RP11-147L13.2,3366
RP11-148E17.1,3367
RP11-151D14.1,3368
RP11-152N13.5,3369
RP11-153K16.2,3370
RP11-154J22.1,3371
RP11-157P1.4,3372
RP11-159D12.2,3373
RP11-15A1.3,3374
RP11-15E18.1,3375
RP11-160O5.1,3376
RP11-162A12.2,3377
RP11-166B2.8,3378
RP11-166O4.5,3379
RP11-166O4.6,3380
RP11-166P13.3,3381
RP11-167J8.3,3382
RP11-169K16.9,3383
RP11-16N11.2,3384
RP11-16P6.1,3385
RP11-171I2.4,3386
RP11-171I2.5,3387
RP11-177G23.2,3388
RP11-178L8.7,3389
RP11-179B2.2,3390
RP11-179K3.2,3391
RP11-181C3.1,3392
RP11-181G12.2,3393
RP11-188D8.1,3394
RP11-18H7.1,3395
RP11-190C22.8,3396
RP11-191G24.1,3397
RP11-192H23.6,3398
RP11-195B17.1,3399
RP11-195F19.9,3400
RP11-195M16.3,3401
RP11-196G18.24,3402
RP11-196O16.1,3403
RP11-197P3.4,3404
RP11-1C1.4,3405
RP11-1C1.6,3406
RP11-1L9.1,3407
RP11-201A3.1,3408
RP11-203B9.4,3409
RP11-206L10.9,3410
RP11-206M11.7,3411
RP11-20B24.4,3412
RP11-211G23.2,3413
RP11-212I21.4,3414
RP11-212P7.2,3415
RP11-214N9.1,3416
RP11-214O1.2,3417
RP11-214O1.3,3418
RP11-215G15.5,3419
RP11-215P8.3,3420
RP11-218F10.3,3421
RP11-219B17.1,3422
RP11-219C20.3,3423
RP11-219G17.4,3424
RP11-221N13.3,3425
RP11-23F23.2,3426
RP11-243M5.1,3427
RP11-244H3.4,3428
RP11-245J9.4,3429
RP11-252A24.7,3430
RP11-253M7.4,3431
RP11-254F7.4,3432
RP11-258F1.1,3433
RP11-260M2.1,3434
RP11-263K19.4,3435
RP11-267M23.4,3436
RP11-268J15.5,3437
RP11-276E15.4,3438
RP11-276E17.2,3439
RP11-277B15.3,3440
RP11-277P12.20,3441
RP11-282O18.3,3442
RP11-284F21.10,3443
RP11-284F21.9,3444
RP11-284M14.1,3445
RP11-285A1.1,3446
RP11-285F7.2,3447
RP11-285J16.1,3448
RP11-286E11.2,3449
RP11-288H12.4,3450
RP11-290F24.6,3451
RP11-290M5.4,3452
RP11-293A21.1,3453
RP11-294J22.6,3454
RP11-295P9.3,3455
RP11-296K13.4,3456
RP11-297C4.1,3457
RP11-297N6.4,3458
RP11-298I3.4,3459
RP11-298J20.3,3460
RP11-29H23.4,3461
RP11-2B6.2,3462
RP11-301G19.1,3463
RP11-304F15.3,3464
RP11-304L19.11,3465
RP11-304L19.12,3466
RP11-304L19.5,3467
RP11-304M2.5,3468
RP11-305E17.6,3469
RP11-305K5.1,3470
RP11-307C12.11,3471
RP11-307P5.1,3472
RP11-308B16.2,3473
RP11-309L24.9,3474
RP11-30K9.6,3475
RP11-313D6.3,3476
RP11-313P13.5,3477
RP11-313P18.2,3478
RP11-313P22.1,3479
RP11-314A20.2,3480
RP11-314N13.3,3481
RP11-314O13.1,3482
RP11-315I20.1,3483
RP11-315O6.1,3484
RP11-316M1.3,3485
RP11-316O14.1,3486
RP11-317L10.1,3487
RP11-318A15.2,3488
RP11-319E16.2,3489
RP11-319G6.1,3490
RP11-31F15.2,3491
RP11-320P7.1,3492
RP11-324I22.4,3493
RP11-326C3.15,3494
RP11-326G21.1,3495
RP11-326I11.3,3496
RP11-327P2.5,3497
RP11-332H14.2,3498
RP11-334C17.5,3499
RP11-336K24.12,3500
RP11-337C18.8,3501
RP11-338I21.1,3502
RP11-339B21.13,3503
RP11-342K6.4,3504
RP11-343H5.6,3505
RP11-344E13.3,3506
RP11-344N10.5,3507
RP11-347H15.4,3508
RP11-347P5.1,3509
RP11-350N15.5,3510
RP11-351D16.3,3511
RP11-352D3.2,3512
RP11-353N14.2,3513
RP11-353N4.1,3514
RP11-354E11.2,3515
RP11-355B11.2,3516
RP11-356C4.3,3517
RP11-356I2.4,3518
RP11-358L4.1,3519
RP11-359E3.4,3520
RP11-35G9.3,3521
RP11-362F19.1,3522
RP11-362K14.7,3523
RP11-364P22.1,3524
RP11-366H4.1,3525
RP11-366L5.1,3526
RP11-372K14.2,3527
RP11-375N15.2,3528
RP11-379F4.4,3529
RP11-37B2.1,3530
RP11-380O24.1,3531
RP11-382J12.1,3532
RP11-383C5.4,3533
RP11-383I23.2,3534
RP11-384J4.2,3535
RP11-387D10.2,3536
RP11-388M20.1,3537
RP11-390B4.5,3538
RP11-390E23.6,3539
RP11-394I13.2,3540
RP11-395B7.4,3541
RP11-399K21.13,3542
RP11-400D2.2,3543
RP11-401F2.3,3544
RP11-410L14.2,3545
RP11-412D9.4,3546
RP11-413H22.2,3547
RP11-417J8.6,3548
RP11-418J17.1,3549
RP11-420A23.1,3550
RP11-420A6.2,3551
RP11-420G6.4,3552
RP11-421L21.2,3553
RP11-425D10.10,3554
RP11-426L16.3,3555
RP11-427H3.3,3556
RP11-429J17.2,3557
RP11-42O15.3,3558
RP11-434H6.7,3559
RP11-435B5.5,3560
RP11-435O5.4,3561
RP11-435O5.5,3562
RP11-438L19.1,3563
RP11-439M11.1,3564
RP11-440L14.4,3565
RP11-441O15.3,3566
RP11-442H21.2,3567
RP11-443B7.1,3568
RP11-448A19.1,3569
RP11-449P15.2,3570
RP11-44D19.1,3571
RP11-451B8.1,3572
RP11-452H21.4,3573
RP11-452L6.1,3574
RP11-452L6.7,3575
RP11-456H18.2,3576
RP11-457M11.5,3577
RP11-458D21.1,3578
RP11-458F8.4,3579
RP11-45P15.4,3580
RP11-460N16.1,3581
RP11-462G2.1,3582
RP11-462G2.2,3583
RP11-462L8.1,3584
RP11-463J17.1,3585
RP11-464F9.22,3586
RP11-465L10.10,3587
RP11-466F5.8,3588
RP11-467P9.1,3589
RP11-468E2.4,3590
RP11-469M7.1,3591
RP11-46A10.5,3592
RP11-46C24.7,3593
RP11-46H11.12,3594
RP11-473I1.5,3595
RP11-473M20.14,3596
RP11-473M20.7,3597
RP11-474G23.3,3598
RP11-474N24.6,3599
RP11-477D19.2,3600
RP11-47J17.2,3601
RP11-47P18.1,3602
RP11-483I13.5,3603
RP11-485G4.2,3604
RP11-485G7.5,3605
RP11-486A14.2,3606
RP11-489E7.4,3607
RP11-490O6.2,3608
RP11-491H19.1,3609
RP11-493L12.3,3610
RP11-495P10.8,3611
RP11-498D10.6,3612
RP11-498E2.7,3613
RP11-499F3.2,3614
RP11-499P20.2,3615
RP11-49I11.1,3616
RP11-503P10.1,3617
RP11-504P24.4,3618
RP11-505E24.2,3619
RP11-506M12.1,3620
RP11-50E11.3,3621
RP11-510H23.1,3622
RP11-510J16.5,3623
RP11-510M2.2,3624
RP11-513I15.6,3625
RP11-513M16.8,3626
RP11-51J9.5,3627
RP11-522I20.3,3628
RP11-531F16.4,3629
RP11-532F12.5,3630
RP11-533E19.7,3631
RP11-536C5.7,3632
RP11-539E17.5,3633
RP11-539G18.2,3634
RP11-539L10.2,3635
RP11-540A21.2,3636
RP11-542F9.1,3637
RP11-544A12.4,3638
RP11-544A12.8,3639
RP11-544I20.2,3640
RP11-548O1.3,3641
RP11-54O7.1,3642
RP11-553K8.2,3643
RP11-554A11.9,3644
RP11-559M23.1,3645
RP11-55K13.1,3646
RP11-563N4.1,3647
RP11-566H8.3,3648
RP11-568N6.1,3649
RP11-571M6.18,3650
RP11-572O17.1,3651
RP11-572O6.1,3652
RP11-573D15.9,3653
RP11-57G10.8,3654
RP11-57H12.3,3655
RP11-58E21.3,3656
RP11-596D21.1,3657
RP11-600F24.7,3658
RP11-611E13.2,3659
RP11-617D20.1,3660
RP11-617F23.1,3661
RP11-620J15.3,3662
RP11-629O1.2,3663
RP11-634H22.1,3664
RP11-635N19.1,3665
RP11-638I8.1,3666
RP11-63D14.1,3667
RP11-640M9.1,3668
RP11-646I6.5,3669
RP11-646I6.6,3670
RP11-650P15.1,3671
RP11-655M14.13,3672
RP11-656D10.3,3673
RP11-658F2.8,3674
RP11-65D17.1,3675
RP11-65L3.2,3676
RP11-661A12.5,3677
RP11-665N17.4,3678
RP11-669N7.2,3679
RP11-66H6.3,3680
RP11-670E13.2,3681
RP11-672L10.6,3682
RP11-676J12.4,3683
RP11-677M14.7,3684
RP11-680G24.5,3685
RP11-682N22.1,3686
RP11-686O6.1,3687
RP11-686O6.2,3688
RP11-689C9.1,3689
RP11-68L18.1,3690
RP11-690G19.3,3691
RP11-692N5.1,3692
RP11-696N14.1,3693
RP11-701P16.5,3694
RP11-702F3.3,3695
RP11-702L6.4,3696
RP11-705C15.4,3697
RP11-705O1.8,3698
RP11-707M3.3,3699
RP11-715J22.2,3700
RP11-723O4.9,3701
RP11-725P16.2,3702
RP11-727A23.11,3703
RP11-727F15.11,3704
RP11-727F15.9,3705
RP11-731C17.2,3706
RP11-734K21.3,3707
RP11-736K20.6,3708
RP11-73K9.2,3709
RP11-73M18.10,3710
RP11-73M18.9,3711
RP11-744K17.1,3712
RP11-74E22.3,3713
RP11-755B10.3,3714
RP11-755F10.1,3715
RP11-757F18.5,3716
RP11-758M4.4,3717
RP11-769O8.1,3718
RP11-770J1.3,3719
RP11-775D22.2,3720
RP11-778D9.13,3721
RP11-77H9.5,3722
RP11-77P16.4,3723
RP11-78J21.4,3724
RP11-796E2.4,3725
RP11-796G6.2,3726
RP11-79O8.1,3727
RP11-79P5.9,3728
RP11-7F18.2,3729
RP11-801F7.1,3730
RP11-802E16.3,3731
RP11-802O23.3,3732
RP11-806H10.4,3733
RP11-809O17.1,3734
RP11-814H16.2,3735
RP11-817O13.6,3736
RP11-817O13.8,3737
RP11-819C21.1,3738
RP11-81A22.5,3739
RP11-82L2.1,3740
RP11-839D17.3,3741
RP11-83N9.5,3742
RP11-841O20.2,3743
RP11-849F2.8,3744
RP11-849H4.2,3745
RP11-84A19.4,3746
RP11-84C13.1,3747
RP11-84G21.1,3748
RP11-85G21.3,3749
RP11-861E21.2,3750
RP11-874J12.4,3751
RP11-883A18.3,3752
RP11-890B15.3,3753
RP11-894P9.1,3754
RP11-909N17.3,3755
RP11-91J19.4,3756
RP11-930P14.2,3757
RP11-932O9.10,3758
RP11-936I5.1,3759
RP11-950C14.3,3760
RP11-950C14.7,3761
RP11-97C16.1,3762
RP11-98D18.9,3763
RP11-98F14.11,3764
RP11-98O2.1,3765
RP11-993B23.3,3766
RP13-131K19.6,3767
RP13-131K19.7,3768
RP13-192B19.2,3769
RP13-216E22.4,3770
RP13-516M14.1,3771
RP13-516M14.2,3772
RP13-516M14.4,3773
RP13-57D9.3,3774
RP13-582O9.5,3775
RP13-753N3.1,3776
RP3-322G13.5,3777
RP3-323P24.3,3778
RP3-329A5.8,3779
RP3-329E20.2,3780
RP3-402G11.26,3781
RP3-467N11.1,3782
RP3-477O4.16,3783
RP3-486I3.7,3784
RP3-496C20.1,3785
RP3-508I15.21,3786
RP3-508I15.22,3787
RP3-508I15.9,3788
RP3-525N10.2,3789
RP4-548D19.3,3790
RP4-564F22.5,3791
RP4-569M23.2,3792
RP4-583P15.10,3793
RP4-593H12.1,3794
RP4-610C12.3,3795
RP4-612B15.3,3796
RP4-613A2.1,3797
RP4-613B23.1,3798
RP4-635E18.8,3799
RP4-736L20.3,3800
RP4-756G23.5,3801
RP4-758J18.2,3802
RP4-789D17.5,3803
RP4-798A10.2,3804
RP4-798A10.7,3805
RP4-800J21.3,3806
RP4-813F11.4,3807
RP5-1007M22.2,3808
RP5-1021I20.1,3809
RP5-1028K7.2,3810
RP5-1042K10.10,3811
RP5-1057J7.6,3812
RP5-1068E13.7,3813
RP5-1073O3.7,3814
RP5-1074L1.4,3815
RP5-1092A3.4,3816
RP5-1112D6.4,3817
RP5-1112D6.7,3818
RP5-1112D6.8,3819
RP5-1148A21.3,3820
RP5-1157M23.2,3821
RP5-1159O4.1,3822
RP5-1180C10.2,3823
RP5-1180E21.5,3824
RP5-1185I7.1,3825
RP5-1198O20.4,3826
RP5-821D11.7,3827
RP5-827C21.4,3828
RP5-855D21.2,3829
RP5-882C2.2,3830
RP5-884M6.1,3831
RP5-921G16.1,3832
RP5-933K21.3,3833
RP6-159A1.3,3834
RPAP3,3835
RPF2,3836
RPL10,3837
RPL13A,3838
RPL18A,3839
RPL26,3840
RPL3,3841
RPL34,3842
RPL36A,3843
RPL6,3844
RPL7A,3845
RPL9,3846
RPN1,3847
RPN2,3848
RPRD1A,3849
RPS10P7,3850
RPS15A,3851
RPS20,3852
RPS27,3853
RPS3A,3854
RPS6KA2,3855
RPS6KA5,3856
RPS6KC1,3857
RPSA,3858
RRAD,3859
RRBP1,3860
RREB1,3861
RRM2,3862
RRNAD1,3863
RSAD2,3864
RSBN1,3865
RSG1,3866
RSL24D1,3867
RTBDN,3868
RTCB,3869
RTKN2,3870
RTN2,3871
RTN3,3872
RTN4,3873
RTN4RL2,3874
RTTN,3875
RUNDC3B,3876
RUNX1,3877
RUNX2,3878
RWDD2A,3879
RWDD2B,3880
RXRB,3881
RYR1,3882
S100A1,3883
S100A10,3884
S100A11,3885
S100A13,3886
S100A14,3887
S100A16,3888
S100A2,3889
S100A4,3890
S100A5,3891
S100P,3892
S100PBP,3893
S1PR3,3894
SAAL1,3895
SAFB,3896
SAMD11,3897
SAMD3,3898
SAMD8,3899
SAMSN1,3900
SAPCD2,3901
SAR1A,3902
SAR1B,3903
SARS,3904
SAT1,3905
SAT2,3906
SC5D,3907
SCAI,3908
SCAMP1,3909
SCAMP3,3910
SCAMP4,3911
SCAND3,3912
SCAP,3913
SCARB1,3914
SCARB2,3915
SCARF1,3916
SCARF2,3917
SCARNA2,3918
SCD,3919
SCG3,3920
SCIN,3921
SCN4A,3922
SCN9A,3923
SCNN1A,3924
SCPEP1,3925
SCRG1,3926
SCRN2,3927
SCRN3,3928
SCYL3,3929
SDC2,3930
SDC3,3931
SDC4,3932
SDCBP,3933
SDCBP2-AS1,3934
SDCCAG8,3935
SDF2L1,3936
SDF4,3937
SDHA,3938
SDPR,3939
SDR42E2,3940
SDSL,3941
SEC11C,3942
SEC14L2,3943
SEC16A,3944
SEC23B,3945
SEC24D,3946
SEC31A,3947
SEC31B,3948
SEC61A1,3949
SEC61A2,3950
SEC62,3951
SEC63,3952
SEL1L,3953
SEL1L3,3954
SELENBP1,3955
SELM,3956
SELPLG,3957
SELV,3958
SEMA4B,3959
SEMA4C,3960
SEMA4D,3961
SEMA4F,3962
SEMA4G,3963
SEMA6C,3964
SEMA7A,3965
SENP7,3966
SEP15,3967
SEPP1,3968
SEPSECS,3969
SEPT6,3970
SEPT7,3971
SEPT8,3972
SERAC1,3973
SERINC1,3974
SERINC3,3975
SERINC5,3976
SERPINB1,3977
SERPINC1,3978
SERPINE1,3979
SERPINF1,3980
SERPINH1,3981
SERPINI1,3982
SERTAD1,3983
SESN2,3984
SESN3,3985
SESTD1,3986
SET,3987
SETBP1,3988
SETD4,3989
SETD5-AS1,3990
SETDB1,3991
SEZ6L2,3992
SF3B1,3993
SFXN3,3994
SGCB,3995
SGCG,3996
SGK1,3997
SGMS1,3998
SGPL1,3999
SGPP1,4000
SGSH,4001
SGSM3,4002
SH3BGR,4003
SH3BGRL,4004
SH3BGRL3,4005
SH3BP2,4006
SH3BP5-AS1,4007
SH3D21,4008
SH3GL3,4009
SH3GLB1,4010
SH3YL1,4011
SHD,4012
SHMT2,4013
SHPRH,4014
SHROOM1,4015
SIAE,4016
SIAH1,4017
SIDT2,4018
SIGLEC12,4019
SIL1,4020
SKAP2,4021
SKIDA1,4022
SKIL,4023
SKP1,4024
SLAMF6,4025
SLBP,4026
SLC10A3,4027
SLC10A5,4028
SLC11A1,4029
SLC11A2,4030
SLC12A2,4031
SLC12A6,4032
SLC12A7,4033
SLC12A9,4034
SLC15A4,4035
SLC16A1,4036
SLC16A1-AS1,4037
SLC16A3,4038
SLC16A4,4039
SLC16A5,4040
SLC18B1,4041
SLC19A1,4042
SLC1A4,4043
SLC1A5,4044
SLC20A1,4045
SLC22A15,4046
SLC22A18,4047
SLC22A23,4048
SLC22A4,4049
SLC22A5,4050
SLC23A2,4051
SLC23A3,4052
SLC25A21,4053
SLC25A21-AS1,4054
SLC25A3,4055
SLC25A37,4056
SLC25A45,4057
SLC25A5,4058
SLC25A6,4059
SLC26A1,4060
SLC26A11,4061
SLC26A2,4062
SLC26A4,4063
SLC26A6,4064
SLC27A2,4065
SLC27A3,4066
SLC29A1,4067
SLC29A3,4068
SLC29A4,4069
SLC2A1,4070
SLC2A1-AS1,4071
SLC2A11,4072
SLC2A3,4073
SLC30A1,4074
SLC30A10,4075
SLC30A6,4076
SLC31A1,4077
SLC33A1,4078
SLC35A1,4079
SLC35A2,4080
SLC35A5,4081
SLC35B2,4082
SLC35B3,4083
SLC35B4,4084
SLC35C2,4085
SLC35D1,4086
SLC35F2,4087
SLC35F3,4088
SLC35F6,4089
SLC35G2,4090
SLC35G5,4091
SLC37A4,4092
SLC38A1,4093
SLC38A10,4094
SLC38A2,4095
SLC38A5,4096
SLC38A6,4097
SLC38A9,4098
SLC39A1,4099
SLC39A10,4100
SLC39A11,4101
SLC39A13,4102
SLC39A14,4103
SLC39A3,4104
SLC39A6,4105
SLC39A7,4106
SLC39A8,4107
SLC3A2,4108
SLC41A3,4109
SLC43A1,4110
SLC43A2,4111
SLC43A3,4112
SLC44A1,4113
SLC44A5,4114
SLC45A3,4115
SLC45A4,4116
SLC46A1,4117
SLC48A1,4118
SLC4A1,4119
SLC4A11,4120
SLC4A2,4121
SLC52A2,4122
SLC5A11,4123
SLC5A6,4124
SLC6A16,4125
SLC6A19,4126
SLC6A6,4127
SLC6A9,4128
SLC7A1,4129
SLC7A11,4130
SLC7A5,4131
SLC7A8,4132
SLC8B1,4133
SLC9A1,4134
SLC9A5,4135
SLC9A6,4136
SLC9A8,4137
SLCO1A2,4138
SLFN14,4139
SLIRP,4140
SLU7,4141
SMAD5-AS1,4142
SMAD7,4143
SMAGP,4144
SMC3,4145
SMC5-AS1,4146
SMCHD1,4147
SMCR5,4148
SMEK1,4149
SMG8,4150
SMG9,4151
SMIM1,4152
SMIM14,4153
SMIM19,4154
SMIM22,4155
SMKR1,4156
SMOC2,4157
SMOX,4158
SMPD1,4159
SMPDL3A,4160
SMPDL3B,4161
SMYD3,4162
SNAP23,4163
SNAPC3,4164
SNCA,4165
SNCG,4166
SNHG12,4167
SNHG15,4168
SNHG8,4169
SNRNP40,4170
SNRPB2,4171
SNRPE,4172
SNX10,4173
SNX13,4174
SNX14,4175
SNX2,4176
SNX21,4177
SNX25,4178
SNX4,4179
SNX6,4180
SOAT1,4181
SOCS1,4182
SOCS2,4183
SOCS3,4184
SOD3,4185
SON,4186
SORT1,4187
SOSTDC1,4188
SOX5,4189
SOX6,4190
SP6,4191
SPACA3,4192
SPAG4,4193
SPAG6,4194
SPARC,4195
SPATA20,4196
SPATA21,4197
SPATA7,4198
SPC25,4199
SPCS2,4200
SPDL1,4201
SPDYC,4202
SPEN,4203
SPG11,4204
SPG7,4205
SPI1,4206
SPIDR,4207
SPIN4,4208
SPINK13,4209
SPINK4,4210
SPINK5,4211
SPINT1,4212
SPN,4213
SPNS1,4214
SPOCD1,4215
SPOCK2,4216
SPPL2A,4217
SPPL3,4218
SPRR2D,4219
SPTA1,4220
SPTAN1,4221
SPTB,4222
SPTBN1,4223
SPTBN4,4224
SPTLC2,4225
SQLE,4226
SQSTM1,4227
SRCRB4D,4228
SRD5A3,4229
SREBF1,4230
SREBF2,4231
SRGAP3,4232
SRGN,4233
SRM,4234
SRP54,4235
SRPR,4236
SRPRB,4237
SRRM2,4238
SRRM5,4239
SRSF2,4240
SRSF4,4241
SRSF5,4242
SRSF7,4243
SSB,4244
SSMEM1,4245
SSR4,4246
ST3GAL2,4247
ST3GAL4,4248
ST3GAL5,4249
ST5,4250
ST6GAL1,4251
ST6GALNAC1,4252
ST7,4253
ST7-AS1,4254
ST7-OT4,4255
ST7L,4256
STAC3,4257
STAG2,4258
STAP1,4259
STAR,4260
STARD3,4261
STARD5,4262
STARD9,4263
STAT5B,4264
STC2,4265
STEAP1,4266
STEAP3,4267
STIL,4268
STIM2,4269
STK11,4270
STK38L,4271
STK39,4272
STK4,4273
STK4-AS1,4274
STOM,4275
STOML1,4276
STON1,4277
STRA13,4278
STRIP1,4279
STRIP2,4280
STRN3,4281
STT3A,4282
STT3B,4283
STX12,4284
STX3,4285
STXBP3,4286
STXBP5-AS1,4287
STXBP6,4288
SUCLA2,4289
SUCO,4290
SUGCT,4291
SUGP2,4292
SULT1A1,4293
SULT1A2,4294
SULT2B1,4295
SUMF1,4296
SUMF2,4297
SUMO4,4298
SUN2,4299
SUPV3L1,4300
SURF1,4301
SVEP1,4302
SWI5,4303
SYCE1L,4304
SYCP2,4305
SYCP2L,4306
SYF2,4307
SYMPK,4308
SYN1,4309
SYNE3,4310
SYNGR1,4311
SYNJ2BP,4312
SYP,4313
SYPL1,4314
SYT10,4315
SYTL1,4316
SYVN1,4317
SZT2,4318
TAC3,4319
TACC1,4320
TADA2A,4321
TAF12,4322
TAF1B,4323
TAF7,4324
TAGLN,4325
TAMM41,4326
TAP1,4327
TAP2,4328
TAPBP,4329
TAPT1-AS1,4330
TARBP1,4331
TARS,4332
TARS2,4333
TAS2R14,4334
TAS2R30,4335
TAS2R31,4336
TATDN3,4337
TAX1BP1,4338
TAX1BP3,4339
TBC1D15,4340
TBC1D19,4341
TBC1D2,4342
TBC1D31,4343
TBC1D32,4344
TBC1D5,4345
TBC1D8,4346
TBCE,4347
TBCEL,4348
TBK1,4349
TBL2,4350
TBPL1,4351
TBRG1,4352
TBXA2R,4353
TCAP,4354
TCEAL7,4355
TCEAL8,4356
TCEANC,4357
TCF19,4358
TCF24,4359
TCHP,4360
TCIRG1,4361
TCN1,4362
TCN2,4363
TCP11L2,4364
TCTEX1D4,4365
TCTN1,4366
TCTN2,4367
TCTN3,4368
TDRD7,4369
TDRG1,4370
TEFM,4371
TELO2,4372
TENC1,4373
TENM1,4374
TEP1,4375
TERT,4376
TES,4377
TESK2,4378
TEX14,4379
TEX15,4380
TEX19,4381
TEX22,4382
TEX9,4383
TF,4384
TFAP2A,4385
TFB2M,4386
TFCP2L1,4387
TFDP2,4388
TFF1,4389
TFPI,4390
TFR2,4391
TFRC,4392
TGDS,4393
TGFB3,4394
TGFBR3,4395
TGIF1,4396
TGM2,4397
THADA,4398
THAP2,4399
THAP8,4400
THAP9-AS1,4401
THBS3,4402
THEMIS2,4403
THG1L,4404
THNSL1,4405
THOC1,4406
THOC2,4407
THOC6,4408
TIAF1,4409
TIAM2,4410
TIGD1,4411
TIMM17A,4412
TIMM21,4413
TIMM23,4414
TIMMDC1,4415
TIMP1,4416
TJP2,4417
TK2,4418
TKT,4419
TLDC1,4420
TLE2,4421
TLE6,4422
TLR5,4423
TLR6,4424
TLR8-AS1,4425
TM2D1,4426
TM2D2,4427
TM2D3,4428
TM4SF19,4429
TM6SF1,4430
TM7SF2,4431
TM7SF3,4432
TM9SF2,4433
TM9SF3,4434
TM9SF4,4435
TMA7,4436
TMBIM1,4437
TMBIM4,4438
TMBIM6,4439
TMC5,4440
TMC6,4441
TMC7,4442
TMCC2,4443
TMCO1,4444
TMCO3,4445
TMCO6,4446
TMED1,4447
TMED10,4448
TMED4,4449
TMED5,4450
TMED9,4451
TMEM100,4452
TMEM101,4453
TMEM102,4454
TMEM104,4455
TMEM106A,4456
TMEM106B,4457
TMEM107,4458
TMEM109,4459
TMEM116,4460
TMEM117,4461
TMEM120B,4462
TMEM123,4463
TMEM128,4464
TMEM129,4465
TMEM131,4466
TMEM139,4467
TMEM140,4468
TMEM143,4469
TMEM14A,4470
TMEM14C,4471
TMEM154,4472
TMEM158,4473
TMEM161A,4474
TMEM161B,4475
TMEM161B-AS1,4476
TMEM164,4477
TMEM165,4478
TMEM17,4479
TMEM173,4480
TMEM175,4481
TMEM180,4482
TMEM185B,4483
TMEM187,4484
TMEM194A,4485
TMEM194B,4486
TMEM2,4487
TMEM205,4488
TMEM206,4489
TMEM209,4490
TMEM217,4491
TMEM218,4492
TMEM231,4493
TMEM233,4494
TMEM237,4495
TMEM238,4496
TMEM242,4497
TMEM243,4498
TMEM245,4499
TMEM247,4500
TMEM248,4501
TMEM25,4502
TMEM254,4503
TMEM259,4504
TMEM260,4505
TMEM27,4506
TMEM30A,4507
TMEM33,4508
TMEM38B,4509
TMEM39A,4510
TMEM39B,4511
TMEM41A,4512
TMEM41B,4513
TMEM42,4514
TMEM43,4515
TMEM45A,4516
TMEM50A,4517
TMEM56,4518
TMEM57,4519
TMEM59,4520
TMEM63A,4521
TMEM63B,4522
TMEM66,4523
TMEM67,4524
TMEM68,4525
TMEM69,4526
TMEM70,4527
TMEM80,4528
TMEM81,4529
TMEM87A,4530
TMEM87B,4531
TMEM88,4532
TMEM8B,4533
TMEM9,4534
TMEM97,4535
TMEM98,4536
TMEM99,4537
TMF1,4538
TMOD2,4539
TMPO,4540
TMPPE,4541
TMPRSS3,4542
TMSB10,4543
TMSB4X,4544
TMTC3,4545
TMUB2,4546
TMX1,4547
TMX2,4548
TMX3,4549
TNFAIP1,4550
TNFAIP3,4551
TNFAIP8,4552
TNFRSF10A,4553
TNFRSF10B,4554
TNFRSF12A,4555
TNFRSF14,4556
TNFRSF1A,4557
TNFRSF8,4558
TNFSF13B,4559
TNFSF9,4560
TNIK,4561
TNKS,4562
TNKS2-AS1,4563
TNNC1,4564
TNNI3,4565
TNRC18,4566
TNRC6B,4567
TNS1,4568
TOM1L2,4569
TOP2A,4570
TOPORS,4571
TOR1AIP1,4572
TOR1B,4573
TOR3A,4574
TOR4A,4575
TOX,4576
TP53I13,4577
TP53INP1,4578
TPCN1,4579
TPCN2,4580
TPM2,4581
TPM4,4582
TPP1,4583
TPR,4584
TPRA1,4585
TPST2,4586
TPT1,4587
TPX2,4588
TRA2A,4589
TRAF5,4590
TRAK2,4591
TRAM1,4592
TRAM1L1,4593
TRANK1,4594
TRAPPC12,4595
TRAPPC13,4596
TRAPPC2P1,4597
TRAPPC6A,4598
TRDN,4599
TREML2,4600
TRIB3,4601
TRIM11,4602
TRIM13,4603
TRIM24,4604
TRIM32,4605
TRIM36,4606
TRIM38,4607
TRIM4,4608
TRIM44,4609
TRIM45,4610
TRIM5,4611
TRIM56,4612
TRIM6,4613
TRIM66,4614
TRIM69,4615
TRIO,4616
TRIP11,4617
TRIQK,4618
TRMT1,4619
TRMT10C,4620
TRMT11,4621
TRMT13,4622
TRMT1L,4623
TRNAU1AP,4624
TRPA1,4625
TRPM7,4626
TRPS1,4627
TRPV2,4628
TSC22D1,4629
TSC22D3,4630
TSG101,4631
TSHZ2,4632
TSIX,4633
TSKS,4634
TSLP,4635
TSPAN13,4636
TSPAN3,4637
TSPAN32,4638
TSPAN4,4639
TSPAN9,4640
TSPYL4,4641
TSSK3,4642
TTC13,4643
TTC14,4644
TTC17,4645
TTC18,4646
TTC19,4647
TTC21A,4648
TTC23,4649
TTC30A,4650
TTC30B,4651
TTC32,4652
TTC33,4653
TTC36,4654
TTC39B,4655
TTK,4656
TTLL1,4657
TTLL3,4658
TTN,4659
TTYH2,4660
TUBA1A,4661
TUBA3C,4662
TUBB1,4663
TUBB2A,4664
TUBB2B,4665
TUBB4B,4666
TUBE1,4667
TUFM,4668
TUFT1,4669
TUSC3,4670
TVP23C,4671
TWF2,4672
TWISTNB,4673
TWSG1,4674
TXNDC11,4675
TXNDC12,4676
TXNDC15,4677
TXNDC16,4678
TXNIP,4679
TXNRD2,4680
TXNRD3,4681
TYK2,4682
TYMS,4683
TYROBP,4684
TYW1,4685
U1,4686
U47924.31,4687
U73166.2,4688
U91328.22,4689
UBA6,4690
UBA7,4691
UBAC2,4692
UBALD2,4693
UBAP1L,4694
UBC,4695
UBE2A,4696
UBE2C,4697
UBE2H,4698
UBE2L6,4699
UBE2S,4700
UBE4A,4701
UBE4B,4702
UBIAD1,4703
UBR2,4704
UBR3,4705
UBXN1,4706
UBXN10,4707
UCN,4708
UFL1,4709
UFSP2,4710
UGCG,4711
UGDH-AS1,4712
UGGT1,4713
UGGT2,4714
UGP2,4715
UGT8,4716
UHRF1BP1,4717
UHRF1BP1L,4718
ULBP1,4719
ULBP2,4720
ULK1,4721
UNC50,4722
UNC5B,4723
UNKL,4724
UPF3B,4725
UPP1,4726
UQCC1,4727
UQCRB,4728
UQCRC2,4729
UROS,4730
USMG5,4731
USO1,4732
USP13,4733
USP15,4734
USP33,4735
USP34,4736
USP45,4737
USP47,4738
UTP6,4739
UVSSA,4740
UXS1,4741
VAMP1,4742
VASN,4743
VAV1,4744
VBP1,4745
VCL,4746
VEGFA,4747
VEZT,4748
VHL,4749
VIL1,4750
VIM,4751
VIMP,4752
VMO1,4753
VMP1,4754
VPS13A,4755
VPS13C,4756
VPS13D,4757
VPS16,4758
VPS26A,4759
VPS28,4760
VPS35,4761
VPS37D,4762
VPS4B,4763
VRK1,4764
VRK2,4765
VSIG4,4766
VWA1,4767
VWA5A,4768
VWA7,4769
VWDE,4770
WAC-AS1,4771
WARS,4772
WBP1,4773
WBP4,4774
WBP5,4775
WBSCR22,4776
WDFY3,4777
WDPCP,4778
WDR11,4779
WDR12,4780
WDR19,4781
WDR27,4782
WDR44,4783
WDR45,4784
WDR46,4785
WDR47,4786
WDR54,4787
WDR5B,4788
WDR60,4789
WDR76,4790
WEE1,4791
WFIKKN1,4792
WHSC1,4793
WNT2B,4794
WRAP73,4795
XAB2,4796
XBP1,4797
XIST,4798
XK,4799
XKR3,4800
XPC,4801
XPO5,4802
XPOT,4803
XRCC2,4804
XRCC4,4805
XRCC5,4806
XRCC6,4807
XRN1,4808
XRN2,4809
XRRA1,4810
XX-FW80269A6.1,4811
XXbac-B135H6.18,4812
XXbac-B444P24.14,4813
XXbac-B476C20.9,4814
XXbac-BPG170G13.32,4815
XXbac-BPG181B23.7,4816
XXbac-BPG299F13.17,4817
XXbac-BPGBPG55C20.2,4818
XYLT2,4819
YAE1D1,4820
YEATS4,4821
YES1,4822
YIPF3,4823
YIPF4,4824
YIPF5,4825
YIPF6,4826
YJEFN3,4827
YPEL1,4828
YPEL2,4829
YPEL3,4830
YPEL4,4831
YPEL5,4832
YTHDF3-AS1,4833
YY1,4834
YY2,4835
Z69720.2,4836
Z83851.3,4837
ZBED1,4838
ZBED4,4839
ZBED6CL,4840
ZBTB16,4841
ZBTB17,4842
ZBTB25,4843
ZBTB34,4844
ZBTB40,4845
ZBTB44,4846
ZBTB8A,4847
ZC2HC1A,4848
ZC3H13,4849
ZC3H6,4850
ZC3H7A,4851
ZC3H8,4852
ZC3HAV1,4853
ZCCHC11,4854
ZCCHC8,4855
ZCWPW1,4856
ZCWPW2,4857
ZDHHC11,4858
ZDHHC12,4859
ZDHHC13,4860
ZDHHC17,4861
ZDHHC21,4862
ZDHHC23,4863
ZDHHC24,4864
ZDHHC5,4865
ZEB2,4866
ZEB2-AS1,4867
ZFAND1,4868
ZFAND3,4869
ZFAS1,4870
ZFC3H1,4871
ZFHX2,4872
ZFHX4,4873
ZFP14,4874
ZFP36L1,4875
ZFP36L2,4876
ZFP41,4877
ZFP69B,4878
ZFP90,4879
ZFX,4880
ZFYVE1,4881
ZFYVE16,4882
ZFYVE27,4883
ZG16B,4884
ZKSCAN4,4885
ZMPSTE24,4886
ZMYM1,4887
ZMYM4,4888
ZNF10,4889
ZNF117,4890
ZNF133,4891
ZNF140,4892
ZNF143,4893
ZNF165,4894
ZNF169,4895
ZNF19,4896
ZNF208,4897
ZNF211,4898
ZNF217,4899
ZNF222,4900
ZNF230,4901
ZNF234,4902
ZNF248,4903
ZNF25,4904
ZNF250,4905
ZNF252P-AS1,4906
ZNF264,4907
ZNF273,4908
ZNF274,4909
ZNF276,4910
ZNF277,4911
ZNF280A,4912
ZNF280C,4913
ZNF292,4914
ZNF300,4915
ZNF311,4916
ZNF326,4917
ZNF333,4918
ZNF33B,4919
ZNF345,4920
ZNF350,4921
ZNF396,4922
ZNF398,4923
ZNF410,4924
ZNF416,4925
ZNF418,4926
ZNF420,4927
ZNF425,4928
ZNF429,4929
ZNF432,4930
ZNF433,4931
ZNF44,4932
ZNF441,4933
ZNF445,4934
ZNF446,4935
ZNF449,4936
ZNF460,4937
ZNF474,4938
ZNF484,4939
ZNF486,4940
ZNF487,4941
ZNF490,4942
ZNF493,4943
ZNF497,4944
ZNF502,4945
ZNF513,4946
ZNF528,4947
ZNF546,4948
ZNF548,4949
ZNF554,4950
ZNF555,4951
ZNF558,4952
ZNF564,4953
ZNF582,4954
ZNF582-AS1,4955
ZNF596,4956
ZNF613,4957
ZNF615,4958
ZNF622,4959
ZNF624,4960
ZNF638,4961
ZNF66,4962
ZNF671,4963
ZNF674,4964
ZNF680,4965
ZNF688,4966
ZNF692,4967
ZNF7,4968
ZNF70,4969
ZNF708,4970
ZNF713,4971
ZNF714,4972
ZNF718,4973
ZNF721,4974
ZNF726,4975
ZNF730,4976
ZNF738,4977
ZNF75A,4978
ZNF76,4979
ZNF776,4980
ZNF782,4981
ZNF785,4982
ZNF786,4983
ZNF788,4984
ZNF789,4985
ZNF790,4986
ZNF799,4987
ZNF800,4988
ZNF805,4989
ZNF812,4990
ZNF83,4991
ZNF836,4992
ZNF837,4993
ZNF839,4994
ZNF841,4995
ZNF862,4996
ZNF91,4997
ZNF93,4998
ZNRD1-AS1,4999
ZRANB1,5000
ZRANB2,5001
ZSCAN20,5002
ZSCAN30,5003
ZSWIM3,5004
ZSWIM4,5005
ZSWIM8,5006
ZUFSP,5007
ZW10,5008
ZXDA,5009
ZXDC,5010
hsa-mir-8072,5011
