,pert,pert_idx,data_start_idx,data_end_idx+1,de_idx
0,"['TSC22D1', 'ctrl']",[8551],0,376,"[93, 166, 953, 1134, 1933, 1990, 2276, 2354, 2424, 2738, 2756, 3385, 3453, 3518, 3791, 4071, 4580, 4633, 4690, 4727]"
1,"['KLF1', 'MAP2K6']","[3948, 4308]",376,598,"[308, 541, 663, 806, 2000, 2589, 2620, 2621, 2761, 3385, 3571, 3667, 3758, 3760, 3894, 4130, 4588, 4700, 4756, 4953]"
2,['ctrl'],[-1],598,7951,"[-1, -1, -1, -1, -1, -1, -1, -1, -1, -1, -1, -1, -1, -1, -1, -1, -1, -1, -1, -1]"
3,"['CEBPE', 'RUNX1T1']","[1277, 6930]",7951,8981,"[214, 663, 1288, 1289, 1483, 1663, 1664, 2345, 2470, 2620, 2621, 2699, 2711, 2892, 3460, 3758, 3772, 3867, 3970, 4953]"
4,"['MAML2', 'ctrl']",[4285],8981,9489,"[95, 244, 489, 663, 1376, 1625, 1978, 2000, 2353, 2391, 2621, 2710, 2761, 2806, 3305, 3335, 3541, 4771, 4907, 5037]"
5,"['ctrl', 'CEBPE']",[1277],9489,10055,"[132, 214, 1288, 1289, 1483, 1663, 1664, 1771, 2353, 2621, 2699, 2892, 3460, 3758, 3772, 3867, 4209, 4565, 4670, 4953]"
6,"['CBL', 'PTPN9']","[1054, 6295]",10055,10289,"[431, 663, 1288, 1464, 2135, 2334, 2353, 2620, 2621, 2740, 3230, 3430, 3758, 4504, 4687, 4700, 4726, 4825, 4842, 5022]"
7,"['TGFBR2', 'ETS2']","[8105, 2493]",10289,10564,"[280, 309, 591, 903, 952, 1126, 1664, 1676, 2084, 2470, 2621, 2761, 3110, 3976, 4229, 4236, 4650, 4687, 4727, 4994]"
8,"['SGK1', 'TBX3']","[7168, 8001]",10564,10807,"[838, 1580, 1723, 1814, 2461, 2480, 2526, 2621, 2653, 2738, 2740, 2761, 3037, 3430, 4281, 4380, 4504, 4624, 4726, 4766]"
9,"['DUSP9', 'ctrl']",[2176],10807,11469,"[719, 842, 1287, 1288, 1289, 1753, 2084, 2135, 2223, 2385, 2621, 2711, 2761, 3758, 4291, 4502, 4504, 4687, 4756, 5022]"
10,"['MAP2K6', 'SPI1']","[4308, 7628]",11469,11711,"[413, 665, 761, 842, 1590, 1625, 1663, 1664, 2157, 2258, 2353, 2386, 2470, 2673, 2682, 3102, 3639, 3957, 4504, 4670]"
11,"['ctrl', 'ELMSAN1']",[2354],11711,12141,"[321, 663, 761, 826, 912, 1423, 1625, 2620, 2621, 2740, 2761, 3544, 3758, 3825, 3894, 4071, 4675, 4726, 4727, 4953]"
12,"['UBASH3B', 'PTPN12']","[8700, 6288]",12141,12401,"[309, 838, 1288, 2135, 2264, 2404, 2620, 2621, 2648, 3430, 3758, 3760, 4291, 4504, 4687, 4700, 4727, 4789, 4927, 5022]"
13,"['ctrl', 'FOXA1']",[2796],12401,12736,"[77, 541, 1287, 1288, 1289, 2058, 2084, 2135, 2666, 2680, 2699, 2707, 2761, 3073, 3243, 3430, 3485, 3806, 3898, 4504]"
14,"['FOXA3', 'FOXA1']","[2798, 2796]",12736,12917,"[541, 838, 1287, 1288, 1289, 1774, 2135, 2334, 2648, 2761, 2952, 3186, 3243, 3430, 3806, 4312, 4504, 4842, 4927, 5033]"
15,"['ETS2', 'IGDCC3']","[2493, 3638]",12917,13282,"[390, 403, 719, 1288, 1676, 1753, 2135, 2470, 2557, 2680, 2699, 2761, 3682, 3758, 3776, 3806, 4150, 4624, 4650, 4994]"
16,"['BCORL1', 'ctrl']",[762],13282,13738,"[562, 838, 953, 1046, 1067, 1694, 2135, 2192, 2761, 3186, 3187, 3898, 4130, 4155, 4199, 4244, 4421, 4504, 4529, 4766]"
17,"['MEIS1', 'ctrl']",[4466],13738,14030,"[93, 505, 540, 719, 739, 969, 1118, 1288, 1607, 1662, 1787, 2621, 2726, 2919, 2952, 3241, 3720, 3853, 4504, 4727]"
18,"['GLB1L2', 'ctrl']",[3019],14030,14408,"[166, 400, 889, 922, 2119, 2502, 2544, 2738, 2740, 2761, 2869, 3852, 4043, 4156, 4261, 4675, 4726, 4842, 4911, 5022]"
19,"['KLF1', 'ctrl']",[3948],14408,15405,"[308, 373, 663, 1664, 2589, 2620, 2621, 2761, 3667, 3758, 3759, 3760, 4130, 4580, 4586, 4588, 4700, 4756, 4907, 5009]"
20,"['MAP2K6', 'IKZF3']","[4308, 3658]",15405,15656,"[838, 1107, 1288, 1289, 2135, 2183, 2353, 2620, 2621, 2711, 2738, 2740, 2756, 3758, 3759, 3760, 4700, 4766, 4789, 4953]"
21,"['BAK1', 'ctrl']",[711],15656,16190,"[162, 463, 1135, 1363, 1690, 1717, 1841, 2540, 3242, 3382, 3453, 3621, 4114, 4115, 4124, 4225, 4455, 4522, 4726, 4841]"
22,"['FEV', 'ctrl']",[2719],16190,16363,"[94, 120, 289, 678, 838, 839, 1201, 1288, 1651, 1716, 1819, 2620, 2621, 2711, 2892, 4504, 4507, 4620, 4766, 4919]"
23,"['MAP2K3', 'SLC38A2']","[4305, 7359]",16363,16660,"[166, 321, 400, 564, 719, 795, 1117, 1545, 2098, 2334, 2470, 2711, 2761, 3142, 4029, 4065, 4580, 4650, 4743, 5041]"
24,"['CBL', 'ctrl']",[1054],16660,17198,"[838, 1288, 1664, 1667, 2079, 2135, 2264, 2404, 2621, 2711, 2842, 2854, 3430, 3758, 3760, 4504, 4687, 4756, 4842, 5022]"
25,"['ctrl', 'ETS2']",[2493],17198,17854,"[94, 95, 309, 663, 678, 1664, 1676, 2084, 2090, 2589, 2620, 2621, 2761, 3102, 3758, 4236, 4650, 4687, 4727, 4994]"
26,"['ctrl', 'FEV']",[2719],17854,18328,"[94, 120, 289, 678, 838, 839, 1288, 1819, 2620, 2621, 2711, 2761, 2854, 2892, 3758, 3776, 4403, 4504, 4727, 4766]"
27,"['ctrl', 'SET']",[7132],18328,18606,"[95, 678, 905, 1289, 1587, 1667, 2084, 2264, 2470, 2544, 3059, 3825, 3835, 4267, 4291, 4700, 4766, 4839, 4842, 4927]"
28,"['TBX3', 'ctrl']",[8001],18606,18895,"[28, 94, 1288, 1289, 1423, 2461, 2604, 2740, 3302, 3430, 3803, 3874, 4132, 4281, 4380, 4504, 4624, 4756, 4766, 4983]"
29,"['LHX1', 'ctrl']",[4092],18895,19237,"[120, 244, 541, 678, 838, 1219, 1664, 1960, 2058, 2138, 2673, 2710, 2738, 2761, 2854, 3758, 4114, 4115, 4403, 4726]"
30,"['KLF1', 'FOXA1']","[3948, 2796]",19237,19560,"[77, 309, 373, 663, 678, 1288, 2058, 2234, 2666, 3758, 3760, 3776, 3806, 4130, 4502, 4588, 4700, 4756, 4766, 4907]"
31,"['TBX3', 'TBX2']","[8001, 7997]",19560,20529,"[124, 308, 663, 1288, 2461, 2470, 2621, 2740, 2756, 3430, 4229, 4291, 4380, 4504, 4624, 4726, 4766, 4953, 4965, 4983]"
32,"['ctrl', 'KLF1']",[3948],20529,21173,"[308, 373, 663, 664, 1664, 2589, 2620, 2621, 2761, 3667, 3758, 3759, 3760, 4130, 4580, 4586, 4588, 4700, 4756, 4907]"
33,"['SLC4A1', 'ctrl']",[7384],21173,22026,"[53, 166, 678, 2470, 2589, 2666, 2734, 2892, 3059, 3430, 3758, 4161, 4173, 4502, 4580, 4675, 4726, 4727, 4743, 4953]"
34,"['RREB1', 'ctrl']",[6884],22026,22307,"[150, 244, 826, 838, 1396, 1664, 2380, 2589, 2740, 3159, 3758, 3760, 3868, 4209, 4472, 4502, 4529, 4541, 4687, 4726]"
35,"['ZNF318', 'ctrl']",[9430],22307,22848,"[188, 449, 663, 838, 1030, 1288, 1718, 1753, 1969, 1970, 2619, 2620, 2621, 2628, 2738, 2740, 3160, 3758, 4155, 4504]"
36,"['DUSP9', 'MAPK1']","[2176, 4328]",22848,23095,"[94, 681, 719, 1423, 2223, 2470, 2761, 3230, 3758, 3776, 4132, 4150, 4502, 4504, 4520, 4650, 4727, 4851, 4994, 5022]"
37,"['COL2A1', 'ctrl']",[1552],23095,23342,"[94, 262, 1120, 1483, 1587, 1625, 1664, 2119, 2621, 2680, 2819, 3149, 3187, 3749, 3758, 4650, 4675, 4727, 4770, 4820]"
38,"['ctrl', 'ZBTB25']",[9164],23342,23589,"[124, 663, 681, 838, 1361, 1554, 2084, 2264, 2526, 2621, 2680, 3758, 4233, 4504, 4700, 4727, 4734, 4839, 4907, 4926]"
39,"['MAP4K5', 'ctrl']",[4325],23589,23889,"[202, 280, 295, 943, 1067, 1118, 1228, 1487, 1600, 1911, 2013, 2052, 2811, 3159, 3447, 3552, 3701, 3921, 4029, 4552]"
40,"['CEBPE', 'KLF1']","[1277, 3948]",23889,24278,"[91, 94, 308, 309, 663, 759, 1861, 2228, 2761, 2892, 3460, 3667, 3758, 3759, 3760, 4130, 4588, 4700, 4727, 4756]"
41,"['UBASH3B', 'ctrl']",[8700],24278,24748,"[160, 166, 431, 541, 842, 1667, 1704, 1960, 2084, 2135, 2264, 2621, 2848, 3758, 3810, 4504, 4700, 4756, 4849, 5022]"
42,"['SLC6A9', 'ctrl']",[7399],24748,25189,"[161, 166, 1489, 2353, 2380, 2470, 2621, 2740, 2850, 3316, 3758, 3760, 4173, 4504, 4675, 4726, 4727, 4842, 4919, 5035]"
43,"['MIDN', 'ctrl']",[4551],25189,25445,"[541, 556, 1107, 1483, 1683, 1704, 1723, 1753, 2084, 2334, 2391, 2404, 2673, 2738, 2740, 2761, 3797, 4229, 4514, 4842]"
44,"['UBASH3B', 'OSR2']","[8700, 5428]",25445,26122,"[94, 309, 389, 541, 663, 994, 1483, 1664, 1704, 1960, 2084, 2355, 2470, 2711, 2848, 4504, 4580, 4650, 4693, 4743]"
45,"['DLX2', 'ctrl']",[2023],26122,26438,"[131, 455, 498, 761, 1219, 1636, 1723, 1845, 2620, 2621, 2761, 2892, 2934, 3305, 3758, 3760, 4173, 4298, 4624, 4766]"
46,"['UBASH3B', 'ZBTB25']","[8700, 9164]",26438,26662,"[431, 663, 838, 1288, 1361, 2084, 2135, 2264, 2620, 2621, 3758, 3760, 4173, 4504, 4687, 4700, 4726, 4789, 4839, 5022]"
47,"['CBFA2T3', 'ctrl']",[1052],26662,26950,"[94, 197, 541, 634, 663, 1288, 1289, 1483, 2470, 2620, 2621, 2711, 2761, 2892, 3305, 3758, 3760, 4519, 4580, 4917]"
48,"['HES7', 'ctrl']",[3326],26950,27072,"[676, 1117, 1387, 1483, 1580, 1683, 1753, 1994, 2386, 2480, 2590, 2626, 2673, 2761, 3040, 3218, 3826, 4035, 4276, 4388]"
49,"['DUSP9', 'ETS2']","[2176, 2493]",27072,27770,"[719, 842, 1287, 1288, 1289, 1753, 2135, 2223, 2385, 2470, 2621, 2711, 2761, 2787, 3265, 3758, 3776, 4502, 4504, 4994]"
50,"['ZNF318', 'FOXL2']","[9430, 2823]",27770,27967,"[253, 498, 838, 1046, 1288, 2000, 2135, 2353, 2470, 2592, 2621, 2738, 2740, 2761, 3115, 3470, 3949, 4504, 4766, 4842]"
51,"['SET', 'CEBPE']","[7132, 1277]",27967,28496,"[95, 1289, 2470, 2544, 2620, 2621, 2699, 2756, 3040, 3059, 3460, 3825, 3835, 4291, 4504, 4766, 4825, 4842, 4927, 4992]"
52,"['UBASH3B', 'PTPN9']","[8700, 6295]",28496,28778,"[749, 842, 1288, 1289, 1464, 2135, 2264, 2621, 2740, 3430, 3700, 3758, 4173, 4209, 4423, 4504, 4700, 4726, 4842, 5022]"
53,"['IGDCC3', 'ZBTB25']","[3638, 9164]",28778,28877,"[510, 838, 1393, 1783, 1928, 2084, 2135, 2499, 2621, 2704, 2824, 3067, 3222, 3397, 3682, 3758, 4150, 4491, 4504, 4687]"
54,"['AHR', 'ctrl']",[190],28877,29356,"[94, 150, 553, 1194, 1288, 1869, 1960, 2000, 2740, 2761, 3305, 4726, 4907, 5032, 5035, 5036, 5037, 5039, 5040, 5042]"
55,"['FOXO4', 'ctrl']",[2831],29356,29545,"[323, 400, 564, 838, 852, 1383, 1667, 2058, 2084, 2144, 2149, 2321, 2504, 2631, 2787, 3512, 3856, 4640, 4919, 5032]"
56,"['ctrl', 'CBFA2T3']",[1052],29545,29788,"[94, 1288, 1289, 1483, 2189, 2380, 2470, 2620, 2621, 2693, 2892, 3176, 3722, 3758, 3828, 3853, 4556, 4580, 4911, 4974]"
57,"['KLF1', 'BAK1']","[3948, 711]",29788,30111,"[308, 663, 1664, 1690, 2351, 2589, 2620, 2621, 2761, 3667, 3732, 3758, 3760, 4130, 4580, 4588, 4700, 4727, 4756, 4853]"
58,"['ctrl', 'RUNX1T1']",[6930],30111,30467,"[220, 237, 758, 1118, 1126, 1288, 1289, 1299, 1640, 1876, 1990, 2345, 2470, 2621, 3232, 3443, 3758, 4051, 4350, 4359]"
59,"['S1PR2', 'ctrl']",[6954],30467,30913,"[77, 663, 826, 842, 1107, 1564, 2058, 2084, 2620, 2621, 3186, 3187, 3430, 3758, 3759, 3760, 3772, 4592, 4743, 4820]"
60,"['POU3F2', 'ctrl']",[5981],30913,31225,"[166, 663, 852, 1288, 1289, 1558, 1723, 1774, 2058, 2108, 2334, 2621, 2711, 2824, 3053, 3230, 3430, 3985, 4504, 4650]"
61,"['ctrl', 'CNN1']",[1509],31225,31625,"[309, 448, 1554, 2084, 2135, 2264, 2621, 2940, 3305, 3529, 3758, 3760, 4504, 4579, 4687, 4700, 4726, 4727, 4756, 5022]"
62,"['IGDCC3', 'MAPK1']","[3638, 4328]",31625,31918,"[309, 390, 495, 761, 1590, 1676, 2084, 2135, 2470, 2680, 2761, 3682, 3806, 3835, 4150, 4236, 4624, 4650, 4851, 4994]"
63,"['CELF2', 'ctrl']",[1281],31918,32306,"[94, 132, 214, 1134, 1288, 1289, 1663, 1664, 1753, 1771, 2138, 2526, 2699, 2756, 4173, 4209, 4287, 4654, 4726, 4766]"
64,"['JUN', 'CEBPA']","[3833, 1274]",32306,32376,"[498, 667, 749, 1133, 1194, 1663, 2391, 2629, 2761, 2854, 2893, 3898, 4115, 4160, 4377, 4569, 4634, 4706, 4994, 5002]"
65,"['MAP2K3', 'ctrl']",[4305],32376,32834,"[127, 166, 244, 321, 400, 719, 975, 1288, 1667, 1845, 2098, 2334, 2711, 2761, 3583, 3711, 4065, 4209, 4727, 4836]"
66,"['MAP4K3', 'ctrl']",[4323],32834,33133,"[116, 220, 280, 295, 341, 358, 602, 682, 695, 2210, 2354, 3003, 3163, 3328, 3432, 3485, 3758, 3912, 4552, 4925]"
67,"['ZBTB25', 'ctrl']",[9164],33133,33476,"[124, 663, 838, 1288, 1361, 2084, 2135, 2264, 2526, 2592, 2621, 2835, 3758, 3760, 3835, 3895, 4700, 4727, 4839, 4907]"
68,"['ZC3HAV1', 'CEBPE']","[9205, 1277]",33476,33822,"[214, 1288, 1289, 1483, 1663, 1664, 2028, 2084, 2135, 2470, 2707, 2711, 2756, 2892, 3305, 3460, 3758, 4504, 4726, 4953]"
69,"['CDKN1A', 'ctrl']",[1256],33822,33966,"[426, 496, 697, 761, 1543, 1699, 1713, 2000, 2621, 2697, 3188, 3674, 3758, 3891, 3976, 4070, 4263, 4734, 4915, 4953]"
70,"['UBASH3B', 'UBASH3A']","[8700, 8699]",33966,34392,"[166, 852, 1288, 1667, 2135, 2264, 2334, 2470, 2620, 2621, 2738, 2740, 2848, 3758, 3760, 4504, 4700, 4842, 4849, 4953]"
71,"['MAP2K3', 'MAP2K6']","[4305, 4308]",34392,34850,"[166, 321, 403, 1558, 2470, 2648, 2707, 2711, 2761, 3109, 3583, 3711, 3894, 4047, 4065, 4122, 4209, 4650, 4836, 5036]"
72,"['ctrl', 'MEIS1']",[4466],34850,35240,"[280, 541, 678, 719, 820, 969, 1126, 1288, 1289, 1396, 2263, 2619, 2621, 2740, 3335, 3852, 3854, 4504, 4727, 4945]"
73,"['MAPK1', 'PRTG']","[4328, 6196]",35240,35620,"[309, 390, 403, 719, 1676, 1753, 2084, 2135, 2470, 2589, 2680, 2761, 3662, 3758, 3806, 4236, 4624, 4650, 4851, 4994]"
74,"['PTPN1', 'ctrl']",[6286],35620,35962,"[150, 166, 400, 663, 1294, 1704, 2084, 2135, 2353, 2621, 2738, 3758, 3760, 3810, 4173, 4504, 4700, 4726, 4842, 5022]"
75,"['ctrl', 'TBX2']",[7997],35962,36257,"[124, 308, 663, 666, 1723, 2470, 2621, 2756, 2824, 3430, 4173, 4229, 4291, 4300, 4504, 4618, 4624, 4726, 4953, 4983]"
76,"['RUNX1T1', 'ctrl']",[6930],36257,36532,"[280, 505, 577, 889, 953, 1487, 1601, 1941, 2345, 2470, 2697, 2720, 3159, 3568, 3701, 3868, 4155, 4421, 4735, 4911]"
77,"['PTPN12', 'ctrl']",[6288],36532,36726,"[101, 326, 749, 1027, 1934, 2000, 2835, 3110, 3175, 3176, 3470, 3758, 3898, 4070, 4504, 4700, 4726, 4727, 4771, 4881]"
78,"['TP73', 'ctrl']",[8425],36726,36944,"[37, 50, 150, 244, 852, 2058, 2135, 2648, 2738, 2740, 2761, 2934, 3305, 3758, 4380, 4507, 4634, 4726, 4766, 4842]"
79,"['ctrl', 'MAP7D1']",[4326],36944,37302,"[93, 130, 280, 772, 824, 943, 1851, 2230, 2628, 2709, 3214, 3429, 3432, 3826, 3939, 3948, 4219, 4597, 4951, 5031]"
80,"['MAP2K3', 'IKZF3']","[4305, 3658]",37302,37522,"[759, 838, 1107, 1194, 1288, 1289, 2135, 2351, 2353, 2620, 2621, 2702, 2756, 3758, 3759, 3760, 4700, 4766, 4789, 4953]"
81,"['FOSB', 'ctrl']",[2793],37522,38024,"[94, 214, 678, 826, 1288, 1289, 1663, 1664, 1753, 2138, 2699, 2856, 2892, 3867, 4504, 4612, 4726, 4766, 4907, 4953]"
82,"['MAPK1', 'ctrl']",[4328],38024,38303,"[94, 95, 283, 309, 663, 1664, 1676, 2084, 2090, 2589, 2620, 2621, 2761, 3102, 3758, 3894, 4236, 4687, 4727, 4851]"
83,"['C19orf26', 'ctrl']",[925],38303,38783,"[448, 838, 842, 1288, 1289, 1664, 2135, 2380, 2589, 2621, 2738, 2740, 2761, 3561, 3585, 3758, 3957, 4150, 4512, 4687]"
84,"['KLF1', 'COL2A1']","[3948, 1552]",38783,39034,"[94, 262, 309, 663, 1625, 1636, 2119, 2680, 2892, 2944, 3149, 4130, 4144, 4504, 4588, 4756, 4907, 5031, 5032, 5039]"
85,"['PTPN12', 'OSR2']","[6288, 5428]",39034,39317,"[94, 95, 209, 292, 326, 389, 527, 994, 1126, 1483, 1487, 1664, 1862, 1934, 2355, 2470, 2761, 3485, 3720, 4762]"
86,"['IRF1', 'ctrl']",[3753],39317,39648,"[5, 166, 283, 663, 719, 760, 1477, 1657, 1682, 1689, 2084, 2145, 2493, 2616, 3059, 3467, 4173, 4504, 4726, 4727]"
87,"['TMSB4X', 'BAK1']","[8345, 711]",39648,39915,"[496, 505, 695, 1027, 1118, 1126, 1396, 1690, 1861, 2084, 2424, 2470, 2517, 2592, 3053, 4071, 4115, 4291, 4612, 4650]"
88,"['BPGM', 'SAMD1']","[824, 6967]",39915,40155,"[1288, 2023, 2084, 2135, 2150, 2380, 2470, 2620, 2621, 3194, 3430, 3758, 3760, 4504, 4700, 4726, 4789, 5022, 5039, 5042]"
89,"['IKZF3', 'ctrl']",[3658],40155,40529,"[759, 838, 1107, 1288, 1289, 2135, 2334, 2620, 2621, 2711, 2726, 2756, 2761, 3758, 3759, 3760, 4687, 4700, 4766, 4953]"
90,"['ETS2', 'CEBPE']","[2493, 1277]",40529,40849,"[94, 663, 678, 1288, 1289, 1663, 1664, 1861, 2084, 2470, 2589, 2620, 2621, 2761, 3102, 3460, 3758, 3857, 4687, 4953]"
91,"['POU3F2', 'FOXL2']","[5981, 2823]",40849,41135,"[50, 150, 852, 1288, 1723, 1774, 2058, 2334, 2391, 2711, 2738, 2740, 2761, 3898, 4209, 4504, 4650, 4726, 4766, 4842]"
92,"['HOXB9', 'ctrl']",[3500],41135,41491,"[50, 150, 400, 508, 852, 1107, 1483, 1723, 2334, 2391, 2529, 2621, 2707, 2738, 2740, 2761, 3639, 4186, 4209, 4842]"
93,"['DUSP9', 'PRTG']","[2176, 6196]",41491,41729,"[719, 1288, 1289, 1753, 2084, 2135, 2139, 2223, 2620, 2621, 3430, 3758, 3776, 3898, 4150, 4502, 4504, 4507, 4687, 4789]"
94,"['ctrl', 'HOXC13']",[3504],41729,41921,"[321, 400, 761, 852, 1288, 1383, 2018, 2243, 2740, 2761, 3551, 3561, 3682, 3722, 4209, 4502, 4504, 4624, 4842, 4907]"
95,"['MAPK1', 'IKZF3']","[4328, 3658]",41921,42185,"[94, 719, 1288, 1489, 1676, 2084, 2470, 2589, 2620, 2621, 2680, 2702, 2711, 2761, 3214, 3758, 4727, 4766, 4851, 4953]"
96,"['ctrl', 'UBASH3B']",[8700],42185,42698,"[160, 663, 1667, 2084, 2135, 2264, 2353, 2620, 2621, 2738, 2848, 3430, 3758, 3760, 4504, 4687, 4700, 4842, 4849, 5022]"
97,"['LHX1', 'ELMSAN1']","[4092, 2354]",42698,43245,"[838, 1219, 1483, 1664, 2058, 2470, 2620, 2621, 2699, 2710, 2854, 3297, 3544, 3825, 4114, 4115, 4403, 4504, 4675, 4726]"
98,"['ctrl', 'HOXB9']",[3500],43245,43501,"[253, 400, 678, 852, 921, 1107, 1607, 1621, 1723, 1753, 2427, 2470, 2529, 2740, 2761, 3634, 4186, 4209, 4350, 4842]"
99,"['CKS1B', 'ctrl']",[1436],43501,43690,"[508, 607, 635, 1201, 1393, 1421, 1625, 2149, 2150, 2264, 2699, 2761, 3427, 3674, 3730, 3758, 4517, 4700, 4726, 4727]"
100,"['ETS2', 'ctrl']",[2493],43690,44065,"[94, 95, 309, 663, 1664, 1676, 2084, 2138, 2589, 2620, 2621, 2761, 3102, 3758, 3894, 4236, 4650, 4687, 4727, 4994]"
101,"['CLDN6', 'ctrl']",[1448],44065,44346,"[838, 842, 843, 905, 1288, 2058, 2135, 2621, 2711, 3758, 3760, 3783, 4504, 4687, 4726, 4727, 4762, 4766, 4789, 4842]"
102,"['FOXA3', 'ctrl']",[2798],44346,44755,"[400, 541, 852, 1288, 1682, 2084, 2135, 2334, 2711, 2761, 3186, 3243, 3430, 3898, 4209, 4504, 4732, 4738, 4842, 5033]"
103,"['CEBPE', 'ctrl']",[1277],44755,45228,"[214, 665, 1288, 1289, 1483, 1490, 1663, 1664, 1771, 2084, 2138, 2493, 2621, 2699, 2892, 3460, 3772, 3867, 4565, 4953]"
104,"['KIF18B', 'KIF2C']","[3922, 3932]",45228,45311,"[224, 292, 565, 666, 765, 821, 1334, 1644, 2453, 2704, 3035, 3207, 3626, 3822, 3923, 4091, 4110, 4252, 4512, 4631]"
105,"['ctrl', 'SAMD1']",[6967],45311,45489,"[150, 1027, 1580, 2380, 2621, 2740, 2835, 2952, 3000, 3275, 3561, 3617, 3758, 3760, 3891, 4504, 4543, 4618, 4726, 4927]"
106,"['BCL2L11', 'TGFBR2']","[751, 8105]",45489,45871,"[94, 663, 699, 842, 903, 1288, 1289, 1753, 1764, 2135, 2470, 2592, 2621, 2937, 3163, 3758, 3898, 4504, 4687, 4789]"
107,"['AHR', 'KLF1']","[190, 3948]",45871,46283,"[94, 308, 309, 339, 373, 663, 2264, 2351, 2620, 2621, 2761, 3667, 3758, 3760, 4130, 4580, 4588, 4700, 4756, 4907]"
108,"['COL1A1', 'ctrl']",[1551],46283,46540,"[150, 852, 1294, 1483, 1625, 1636, 2149, 2321, 2621, 2761, 2944, 3989, 4144, 4202, 5031, 5032, 5034, 5035, 5039, 5041]"
109,"['CEBPB', 'CEBPA']","[1275, 1274]",46540,46615,"[90, 142, 260, 637, 873, 990, 1663, 1783, 2944, 3682, 3783, 3788, 4173, 4377, 4461, 4535, 4569, 4761, 4932, 5002]"
110,"['PTPN12', 'UBASH3A']","[6288, 8699]",46615,46870,"[283, 309, 663, 749, 1288, 1554, 2084, 2135, 2264, 2621, 2940, 3000, 3758, 3760, 4504, 4687, 4700, 4726, 4727, 5022]"
111,"['FOXF1', 'ctrl']",[2810],46870,47318,"[323, 431, 634, 1126, 1688, 1753, 2135, 2470, 2673, 2761, 2811, 3429, 3430, 3758, 3772, 3898, 3965, 4130, 4624, 4743]"
112,"['ZBTB1', 'ctrl']",[9151],47318,47633,"[94, 838, 1236, 1288, 1289, 2502, 2620, 2621, 2738, 2740, 3214, 3758, 3760, 3970, 4173, 4291, 4504, 4700, 4756, 5022]"
113,"['FEV', 'MAP7D1']","[2719, 4326]",47633,47879,"[42, 94, 130, 373, 678, 838, 839, 1288, 1819, 2058, 2620, 2621, 2761, 2892, 3211, 3214, 3776, 4504, 4507, 4727]"
114,"['PRTG', 'ctrl']",[6196],47879,48164,"[25, 390, 418, 1288, 1289, 1383, 1753, 2135, 2380, 2620, 2621, 3430, 3662, 3758, 3895, 3898, 4504, 4842, 5039, 5042]"
115,"['PLK4', 'ctrl']",[5857],48164,48261,"[426, 844, 935, 1178, 1662, 2046, 2230, 3037, 3561, 3623, 3696, 3722, 4160, 4500, 4534, 4595, 4631, 4640, 4926, 5019]"
116,"['BPGM', 'ctrl']",[824],48261,48654,"[495, 553, 663, 1288, 2023, 2084, 2135, 2621, 2710, 3194, 3758, 3760, 4173, 4504, 4700, 4900, 5022, 5035, 5039, 5042]"
117,"['ARRDC3', 'ctrl']",[508],48654,49059,"[166, 338, 564, 729, 824, 1043, 1098, 1126, 1437, 1601, 1625, 2711, 2738, 3547, 3758, 3904, 4092, 4743, 4953, 4991]"
118,"['ETS2', 'CNN1']","[2493, 1509]",49059,49844,"[160, 166, 719, 1676, 2135, 2264, 2470, 2761, 3305, 3529, 3758, 3776, 4173, 4504, 4579, 4650, 4700, 4825, 4842, 4994]"
119,"['C3orf72', 'ctrl']",[961],49844,50061,"[283, 838, 1038, 1046, 2135, 2711, 2738, 2740, 2761, 2833, 2835, 2952, 3385, 3430, 3674, 3772, 4263, 4730, 4766, 4965]"
120,"['CNN1', 'MAPK1']","[1509, 4328]",50061,50386,"[94, 842, 1664, 1676, 2084, 2090, 2470, 2589, 2761, 3102, 3529, 3776, 3894, 4236, 4504, 4579, 4650, 4687, 4851, 4994]"
121,"['FOXL2', 'MEIS1']","[2823, 4466]",50386,50563,"[218, 838, 1046, 1178, 1288, 2135, 2334, 2391, 2474, 2673, 2711, 2740, 2761, 3385, 3685, 3772, 4504, 4766, 4828, 4927]"
122,"['LYL1', 'ctrl']",[4229],50563,50923,"[468, 581, 833, 838, 946, 1178, 2349, 2702, 2752, 3131, 3555, 3561, 3758, 4071, 4263, 4592, 4687, 4727, 4735, 4756]"
123,"['ctrl', 'MAP2K6']",[4308],50923,51301,"[321, 326, 403, 719, 778, 889, 1126, 1667, 2470, 2711, 2761, 2811, 2919, 3187, 3750, 4421, 4509, 4650, 4810, 5022]"
124,"['SGK1', 'ctrl']",[7168],51301,51747,"[132, 188, 1288, 1723, 1814, 2135, 2620, 2621, 2738, 2740, 2761, 2854, 3305, 3667, 4504, 4687, 4743, 4766, 4842, 5022]"
125,"['MAPK1', 'TGFBR2']","[4328, 8105]",51747,52136,"[94, 95, 309, 663, 1664, 1676, 2084, 2090, 2470, 2589, 2620, 2621, 2761, 3102, 4236, 4650, 4687, 4727, 4851, 4994]"
126,"['ctrl', 'DLX2']",[2023],52136,52426,"[308, 400, 455, 761, 1219, 1436, 1723, 1845, 2613, 2620, 2621, 2761, 2892, 3305, 3758, 3803, 4173, 4618, 4624, 4766]"
127,"['FOXL2', 'ctrl']",[2823],52426,52729,"[635, 838, 1046, 1753, 2135, 2493, 2711, 2740, 2761, 2835, 3385, 3430, 3758, 3772, 4130, 4173, 4209, 4743, 4766, 4965]"
128,"['MAP2K6', 'ctrl']",[4308],52729,53092,"[115, 321, 403, 889, 1600, 1621, 1667, 1764, 2761, 3163, 3296, 3308, 3720, 3870, 4047, 4209, 4556, 4650, 4836, 5036]"
129,"['ctrl', 'TBX3']",[8001],53092,53362,"[889, 1117, 1288, 1289, 1713, 2000, 2461, 2810, 3115, 3188, 3302, 3430, 4263, 4281, 4380, 4504, 4624, 4766, 4974, 4983]"
130,"['CNN1', 'ctrl']",[1509],53362,53598,"[472, 1178, 2135, 2264, 2592, 2621, 3188, 3447, 3529, 3674, 3758, 3760, 4173, 4504, 4579, 4687, 4726, 4727, 4756, 5022]"
131,"['FOSB', 'CEBPE']","[2793, 1277]",53598,53740,"[94, 665, 930, 1288, 1289, 1663, 1664, 1771, 2084, 2135, 2353, 2470, 2699, 2892, 3460, 4114, 4509, 4670, 4828, 4953]"
132,"['PTPN12', 'PTPN9']","[6288, 6295]",53740,54035,"[283, 541, 663, 842, 1288, 2124, 2135, 2264, 2353, 2621, 2740, 3700, 3758, 3760, 3898, 4504, 4700, 4726, 4727, 5022]"
133,"['ctrl', 'CEBPA']",[1274],54035,54293,"[50, 132, 309, 665, 1288, 1289, 1663, 1664, 1771, 2084, 2699, 2761, 2892, 3772, 3829, 3970, 4209, 4509, 4670, 4953]"
134,"['HNF4A', 'ctrl']",[3451],54293,54495,"[150, 161, 400, 426, 719, 838, 852, 1383, 1543, 2334, 2620, 2621, 3059, 3758, 4209, 4517, 4675, 4727, 4842, 5033]"
135,"['FOSB', 'CEBPB']","[2793, 1275]",54495,54580,"[94, 161, 260, 678, 1283, 1289, 1663, 1753, 1783, 2243, 2470, 2504, 3063, 3520, 3822, 3828, 4761, 4767, 4828, 4853]"
136,"['MAP7D1', 'ctrl']",[4326],54580,54857,"[130, 779, 889, 943, 1067, 1487, 1941, 2052, 2108, 2116, 2281, 2628, 2741, 3485, 3900, 3949, 4029, 4071, 4822, 4917]"
137,"['ctrl', 'CDKN1A']",[1256],54857,54988,"[24, 166, 400, 666, 697, 1626, 1699, 2135, 2621, 2735, 3188, 3617, 3674, 3758, 3978, 4091, 4263, 4631, 4730, 4953]"
138,"['SET', 'KLF1']","[7132, 3948]",54988,55529,"[663, 905, 1436, 1664, 2264, 2493, 2544, 2589, 2620, 2621, 2761, 3758, 3760, 4130, 4291, 4588, 4700, 4766, 4839, 4953]"
139,"['PTPN12', 'SNAI1']","[6288, 7486]",55529,55773,"[292, 564, 826, 1934, 2135, 2470, 2480, 2526, 2589, 2653, 2740, 3059, 3898, 3949, 4134, 4263, 4502, 4504, 4509, 4726]"
140,"['KMT2A', 'ctrl']",[3984],55773,55958,"[472, 697, 761, 789, 889, 921, 1662, 2116, 2517, 2612, 2711, 2837, 3470, 3874, 4132, 4269, 4423, 4915, 4974, 5012]"
141,"['BCL2L11', 'BAK1']","[751, 711]",55958,56111,"[165, 292, 591, 632, 765, 821, 1027, 1132, 2470, 2694, 2752, 3275, 3634, 3685, 3852, 3891, 4625, 4631, 4771, 5012]"
142,"['CNN1', 'UBASH3A']","[1509, 8699]",56111,56255,"[1288, 1554, 2000, 2084, 2135, 2264, 2334, 2620, 2621, 2711, 2782, 2854, 3040, 3430, 3758, 4504, 4507, 4579, 4700, 4927]"
143,"['MAP2K6', 'ELMSAN1']","[4308, 2354]",56255,56620,"[166, 321, 508, 663, 2470, 2620, 2621, 2711, 2761, 3296, 3696, 3711, 3867, 3894, 4300, 4509, 4675, 4756, 4953, 5022]"
144,"['IGDCC3', 'ctrl']",[3638],56620,56904,"[390, 826, 842, 1288, 1753, 1786, 2135, 2621, 2740, 2952, 3430, 3682, 3758, 3898, 4150, 4504, 4624, 4687, 4819, 4842]"
145,"['ISL2', 'ctrl']",[3778],56904,57176,"[217, 295, 974, 1038, 1067, 1396, 1432, 1487, 2424, 2694, 3143, 3221, 3360, 3469, 3555, 3706, 4130, 4155, 4556, 4675]"
146,"['KLF1', 'CEBPA']","[3948, 1274]",57176,57484,"[94, 132, 309, 663, 1288, 1289, 1483, 1663, 1664, 2084, 2353, 2699, 2892, 3772, 3829, 3970, 4173, 4509, 4675, 4953]"
147,"['TGFBR2', 'IGDCC3']","[8105, 3638]",57484,57746,"[390, 826, 1178, 1288, 1564, 1753, 2135, 2470, 2620, 2621, 2699, 2740, 3430, 3682, 3758, 3898, 4150, 4504, 4512, 4687]"
148,"['SAMD1', 'ZBTB1']","[6967, 9151]",57746,57910,"[94, 150, 1288, 2135, 2334, 2620, 2621, 2673, 2738, 2740, 3722, 3758, 3759, 3760, 3898, 3970, 4504, 4512, 4700, 5022]"
149,"['TMSB4X', 'ctrl']",[8345],57910,58372,"[237, 289, 416, 1861, 2084, 2228, 2230, 2424, 2470, 2517, 2621, 3053, 3214, 3360, 4291, 4489, 4510, 4612, 4727, 4842]"
150,"['FOXA3', 'HOXB9']","[2798, 3500]",58372,58673,"[37, 50, 564, 852, 1288, 1383, 2058, 2334, 2391, 2648, 2740, 2761, 2934, 3214, 3243, 3639, 3898, 4186, 4209, 4842]"
151,"['KIF2C', 'ctrl']",[3932],58673,58943,"[93, 149, 163, 217, 218, 275, 280, 952, 969, 989, 1699, 2981, 3469, 3854, 3875, 3949, 4071, 4620, 4677, 4911]"
152,"['ctrl', 'ZBTB1']",[9151],58943,59230,"[94, 852, 1236, 1288, 1289, 2135, 2470, 2502, 2620, 2621, 2738, 2740, 3758, 3759, 3760, 3970, 4291, 4504, 4700, 4789]"
153,"['ctrl', 'CLDN6']",[1448],59230,59493,"[838, 842, 843, 905, 1288, 2135, 2334, 2404, 2621, 2711, 2740, 3758, 3760, 3776, 3783, 4504, 4687, 4726, 4727, 4766]"
154,"['ctrl', 'KIF2C']",[3932],59493,59741,"[39, 163, 280, 295, 1067, 1299, 1764, 2569, 2638, 3308, 3360, 3552, 3674, 3852, 4051, 4489, 4529, 4735, 4911, 4974]"
155,"['IRF1', 'SET']","[3753, 7132]",59741,60108,"[5, 95, 495, 719, 760, 1682, 1689, 2084, 2145, 2493, 2680, 3430, 3467, 3894, 4291, 4700, 4726, 4743, 4766, 4927]"
156,"['MAP2K3', 'ELMSAN1']","[4305, 2354]",60108,60592,"[166, 321, 663, 1667, 2098, 2272, 2557, 2620, 2621, 2711, 2761, 3867, 3894, 4065, 4300, 4509, 4675, 4727, 4953, 5022]"
157,"['CSRNP1', 'ctrl']",[1703],60592,60946,"[94, 889, 917, 1288, 1289, 1558, 1699, 2135, 2208, 2334, 2704, 2711, 2761, 2937, 3163, 3720, 4392, 4580, 4820, 4907]"
158,"['ctrl', 'C19orf26']",[925],60946,61216,"[681, 739, 779, 842, 1288, 1764, 1792, 2135, 2380, 3159, 3758, 3776, 3868, 3900, 4051, 4233, 4502, 4512, 4687, 4911]"
159,"['ARID1A', 'ctrl']",[451],61216,61398,"[42, 166, 663, 1590, 1723, 2046, 2058, 2059, 2613, 2711, 2761, 2892, 2934, 2952, 3265, 3430, 4091, 4173, 4504, 4535]"
160,"['CEBPE', 'CEBPA']","[1277, 1274]",61398,61638,"[50, 94, 132, 1288, 1289, 1663, 1771, 1861, 2084, 2699, 2740, 2761, 2892, 3460, 3772, 3829, 4209, 4509, 4670, 4953]"
161,"['CNNM4', 'ctrl']",[1512],61638,62014,"[838, 930, 1126, 1287, 1288, 1289, 1716, 1753, 1764, 2058, 2470, 2621, 2707, 2738, 2892, 3230, 3634, 3758, 4675, 4992]"
162,"['ctrl', 'UBASH3A']",[8699],62014,62329,"[253, 341, 419, 577, 581, 761, 953, 1965, 2052, 2354, 2517, 2628, 2740, 3163, 3432, 4136, 4155, 4281, 4287, 5002]"
163,"['NCL', 'ctrl']",[4963],62329,62526,"[2, 165, 333, 761, 851, 1126, 1228, 1423, 1621, 1713, 1787, 2495, 2707, 3053, 3143, 3571, 4134, 4541, 4552, 4688]"
164,"['ctrl', 'COL2A1']",[1552],62526,62753,"[94, 95, 1120, 1483, 1587, 1636, 2119, 2680, 2761, 3149, 3187, 3685, 3749, 3758, 4144, 4650, 4675, 4727, 4770, 4820]"
165,"['CEBPE', 'CNN1']","[1277, 1509]",62753,62947,"[28, 214, 496, 695, 697, 755, 759, 885, 2470, 2699, 2756, 2952, 3059, 3460, 3529, 3758, 4579, 4727, 4825, 4842]"
166,"['ctrl', 'BAK1']",[711],62947,63584,"[361, 663, 870, 1117, 1154, 1591, 1690, 2120, 2470, 2643, 2711, 2942, 3648, 4114, 4115, 4225, 4504, 4726, 4727, 4953]"
167,"['ZC3HAV1', 'HOXC13']","[9205, 3504]",63584,64127,"[127, 283, 400, 663, 826, 1287, 1288, 1558, 2028, 2098, 2421, 2470, 2620, 2621, 2740, 3198, 4727, 4842, 4953, 5033]"
168,"['ctrl', 'IKZF3']",[3658],64127,64336,"[289, 1194, 1288, 1289, 1616, 2135, 2620, 2621, 2702, 2711, 2756, 3758, 3759, 3760, 4687, 4700, 4738, 4766, 4853, 4953]"
169,"['CBL', 'CNN1']","[1054, 1509]",64336,64624,"[1288, 1753, 2058, 2135, 2264, 2334, 2481, 2620, 2621, 3305, 3430, 3758, 3760, 4504, 4579, 4687, 4700, 4726, 4727, 5022]"
170,"['ZBTB10', 'PTPN12']","[9152, 6288]",64624,64854,"[120, 150, 292, 564, 1288, 1664, 1705, 1723, 2203, 2504, 2682, 2738, 2740, 2761, 3776, 4130, 4504, 4770, 4789, 5018]"
171,"['CBL', 'UBASH3B']","[1054, 8700]",64854,65180,"[749, 1288, 1289, 2058, 2084, 2135, 2264, 2334, 2404, 2620, 2621, 2711, 3430, 3758, 3760, 4209, 4504, 4687, 4700, 5022]"
172,"['FOXF1', 'HOXB9']","[2810, 3500]",65180,65353,"[50, 150, 564, 1288, 1629, 1664, 1753, 1800, 2334, 2391, 2470, 2740, 2761, 2934, 3561, 4186, 4221, 4639, 4842, 4915]"
173,"['UBASH3B', 'CNN1']","[8700, 1509]",65353,65708,"[448, 838, 1288, 2058, 2084, 2135, 2264, 2620, 2621, 3305, 3430, 3758, 3760, 4504, 4579, 4687, 4700, 4726, 4727, 5022]"
174,"['CEBPB', 'PTPN12']","[1275, 6288]",65708,65974,"[77, 94, 150, 739, 1059, 1171, 1383, 1753, 1934, 2470, 2761, 3059, 3443, 3758, 3898, 4409, 4695, 4766, 4842, 4992]"
175,"['BCL2L11', 'ctrl']",[751],65974,66437,"[162, 181, 468, 682, 699, 1018, 1154, 1288, 1591, 1604, 1990, 2263, 2569, 2693, 2896, 3003, 3686, 3948, 4455, 4552]"
176,"['ZC3HAV1', 'ctrl']",[9205],66437,66873,"[227, 844, 889, 1126, 1625, 1636, 1671, 2028, 2470, 2738, 2756, 3211, 3305, 3828, 3894, 4556, 4650, 4726, 4743, 4925]"
177,"['OSR2', 'ctrl']",[5428],66873,67280,"[94, 309, 389, 663, 678, 1663, 1664, 1667, 1704, 1960, 2084, 2355, 2621, 2798, 3758, 3810, 4173, 4504, 4907, 4953]"
178,"['SET', 'ctrl']",[7132],67280,67792,"[95, 308, 678, 905, 1587, 1667, 2084, 2264, 2544, 3059, 3835, 3895, 4291, 4700, 4766, 4839, 4842, 4927, 4953, 5036]"
179,"['ctrl', 'SPI1']",[7628],67792,68128,"[719, 842, 1411, 1663, 1664, 1723, 2098, 2157, 2353, 2404, 2680, 2682, 2740, 2761, 3102, 3867, 4209, 4504, 4670, 4842]"
180,"['CEBPB', 'MAPK1']","[1275, 4328]",68128,68465,"[94, 95, 309, 663, 678, 1663, 1664, 1676, 2084, 2589, 2620, 2621, 2761, 3102, 3857, 4236, 4670, 4687, 4766, 4851]"
181,"['FOSB', 'UBASH3B']","[2793, 8700]",68465,68828,"[94, 283, 842, 1126, 1663, 1664, 1753, 2098, 2353, 2470, 2699, 2756, 2848, 2856, 2892, 2937, 3059, 4350, 4509, 4756]"
182,"['ETS2', 'MAPK1']","[2493, 4328]",68828,69260,"[94, 95, 309, 663, 1664, 1676, 1861, 2084, 2090, 2589, 2620, 2621, 2761, 3102, 3758, 3857, 4650, 4687, 4727, 4994]"
183,"['SNAI1', 'UBASH3B']","[7486, 8700]",69260,69516,"[244, 826, 1662, 2135, 2149, 2229, 2470, 2526, 2653, 2699, 2738, 2740, 2848, 2854, 3806, 4209, 4263, 4504, 4509, 4726]"
184,"['ctrl', 'STIL']",[7768],69516,69657,"[202, 280, 779, 889, 1254, 1396, 2108, 2183, 2707, 2774, 3188, 3427, 3634, 3870, 4500, 4595, 4751, 4974, 5012, 5019]"
185,"['DUSP9', 'IGDCC3']","[2176, 3638]",69657,69980,"[564, 719, 842, 1288, 1289, 1753, 2084, 2135, 2223, 2613, 2621, 3430, 3682, 3758, 3898, 4150, 4502, 4504, 4687, 4842]"
186,"['CEBPB', 'ctrl']",[1275],69980,70220,"[77, 94, 132, 663, 1059, 1171, 1289, 1663, 1664, 1753, 1960, 2621, 2761, 3867, 4409, 4509, 4695, 4766, 4953, 4992]"
187,"['HOXC13', 'ctrl']",[3504],70220,70371,"[676, 697, 838, 852, 1280, 1288, 1662, 2474, 2673, 2738, 2740, 2835, 3561, 3898, 4209, 4263, 4504, 4620, 4631, 4842]"
188,"['TBX2', 'ctrl']",[7997],70371,70640,"[124, 308, 508, 663, 2470, 2621, 2756, 3037, 3430, 3674, 3722, 4173, 4229, 4291, 4300, 4504, 4624, 4727, 4953, 4983]"
189,"['CBL', 'PTPN12']","[1054, 6288]",70640,70897,"[309, 663, 838, 1288, 2084, 2135, 2264, 2334, 2404, 2620, 2621, 3758, 3760, 4291, 4504, 4687, 4700, 4726, 4727, 5022]"
190,"['CEBPB', 'OSR2']","[1275, 5428]",70897,71085,"[94, 389, 663, 714, 1283, 1289, 1663, 1664, 1704, 1753, 1960, 2084, 2355, 2470, 3063, 4173, 4565, 4670, 4695, 4761]"
191,"['ctrl', 'PRTG']",[6196],71085,71381,"[25, 91, 390, 468, 826, 1288, 1753, 2084, 2135, 2351, 2620, 2621, 3662, 3758, 3898, 4504, 4687, 4700, 4842, 5039]"
192,"['ATL1', 'ctrl']",[579],71381,71686,"[448, 719, 1288, 1289, 1753, 2084, 2135, 2139, 2334, 2621, 2711, 2740, 2756, 3265, 3430, 3758, 3776, 4504, 4687, 4756]"
193,"['CEBPE', 'PTPN12']","[1277, 6288]",71686,72003,"[50, 214, 283, 842, 1663, 1771, 1934, 2353, 2470, 2699, 2738, 3059, 3460, 3825, 4209, 4727, 4766, 4825, 4836, 4842]"
194,"['CEBPA', 'ctrl']",[1274],72003,72325,"[50, 94, 132, 309, 1288, 1289, 1663, 1664, 1771, 2084, 2353, 2699, 2761, 2892, 3305, 3829, 4209, 4509, 4670, 4953]"
195,"['SGK1', 'S1PR2']","[7168, 6954]",72325,72637,"[77, 400, 826, 842, 852, 2058, 2620, 2621, 2761, 3186, 3430, 3758, 3759, 3760, 3772, 4504, 4592, 4743, 4766, 4820]"
196,"['NIT1', 'ctrl']",[5128],72637,72802,"[50, 150, 287, 290, 323, 852, 885, 1294, 1626, 1753, 1786, 2666, 2680, 3059, 3175, 3512, 4209, 4276, 4842, 4881]"
197,"['DUSP9', 'KLF1']","[2176, 3948]",72802,73122,"[663, 1288, 1289, 1664, 1753, 2135, 2139, 2203, 2223, 2264, 2589, 2620, 2621, 3758, 3760, 4502, 4580, 4588, 4700, 5009]"
198,"['CDKN1B', 'ctrl']",[1257],73122,73390,"[24, 166, 280, 852, 1316, 1423, 1613, 1626, 1698, 2135, 2264, 2611, 2621, 3160, 3758, 3760, 3891, 4136, 4209, 4842]"
199,"['SAMD1', 'UBASH3B']","[6967, 8700]",73390,73599,"[150, 1201, 1288, 2135, 2620, 2621, 2738, 2740, 3430, 3758, 3760, 3898, 4091, 4209, 4504, 4631, 4726, 4842, 4849, 4927]"
200,"['TGFBR2', 'ctrl']",[8105],73599,73808,"[581, 681, 695, 903, 946, 1126, 1554, 1621, 1688, 2116, 2947, 3143, 3175, 3460, 3489, 3553, 3659, 3758, 3874, 4542]"
201,"['FEV', 'ISL2']","[2719, 3778]",73808,74080,"[94, 120, 289, 373, 678, 838, 839, 1288, 2058, 2334, 2391, 2621, 2711, 2761, 2892, 3776, 4504, 4727, 4766, 4919]"
202,"['KLF1', 'CLDN6']","[3948, 1448]",74080,74295,"[308, 663, 838, 842, 905, 1088, 1288, 2058, 2135, 2351, 2620, 2621, 2666, 3758, 3759, 3760, 3783, 4588, 4700, 4766]"
203,"['JUN', 'ctrl']",[3833],74295,74530,"[132, 150, 188, 400, 455, 761, 826, 1723, 2058, 2117, 2481, 2673, 2738, 2740, 2756, 2761, 4504, 4543, 4587, 5022]"
204,"['POU3F2', 'CBFA2T3']","[5981, 1052]",74530,74732,"[50, 150, 508, 541, 852, 1516, 1723, 1774, 2334, 2391, 2470, 2648, 2740, 2761, 2934, 3776, 4115, 4221, 4384, 4842]"
205,"['FOXA1', 'HOXB9']","[2796, 3500]",74732,74998,"[50, 541, 564, 585, 852, 1288, 2058, 2334, 2391, 2648, 2699, 2740, 2761, 2934, 3214, 3639, 3898, 4186, 4209, 4842]"
206,"['SAMD1', 'TGFBR2']","[6967, 8105]",74998,75057,"[302, 330, 789, 839, 1201, 1298, 1393, 1928, 2007, 2249, 2382, 3682, 3923, 4214, 4523, 4569, 4789, 4879, 4927, 5018]"
207,"['ZBTB10', 'ctrl']",[9152],75057,75202,"[150, 323, 676, 852, 1288, 1580, 2230, 2504, 2601, 2682, 2711, 2740, 2761, 3037, 3040, 3674, 4130, 4276, 4606, 4624]"
208,"['FOXA1', 'ctrl']",[2796],75202,75628,"[77, 541, 714, 1288, 2084, 2135, 2680, 2699, 2761, 2854, 3186, 3243, 3430, 3461, 3485, 3806, 4130, 4263, 4504, 4756]"
209,"['CEBPE', 'SPI1']","[1277, 7628]",75628,75803,"[50, 564, 665, 678, 714, 1289, 1483, 1663, 1664, 1771, 2084, 2353, 2391, 2493, 2761, 2892, 3460, 4209, 4670, 5002]"
210,"['SAMD1', 'ctrl']",[6967],75803,76055,"[150, 400, 564, 1624, 2135, 2380, 2621, 2738, 2740, 3275, 3430, 3758, 3760, 4269, 4472, 4500, 4502, 4504, 4726, 4849]"
211,"['ELMSAN1', 'ctrl']",[2354],76055,76408,"[321, 540, 663, 691, 1126, 2420, 2620, 2621, 2699, 2702, 2711, 3544, 3617, 3758, 3825, 4300, 4675, 4726, 4727, 5012]"
212,"['PTPN13', 'ctrl']",[6289],76408,76634,"[581, 591, 952, 1704, 1800, 2504, 2540, 2666, 2710, 3143, 3163, 3868, 3874, 3898, 4146, 4459, 4580, 4592, 4911, 5022]"
213,"['CBL', 'TGFBR2']","[1054, 8105]",76634,76790,"[1288, 1580, 1683, 1920, 2079, 2135, 2621, 2673, 2833, 2835, 3758, 3760, 4070, 4504, 4506, 4543, 4569, 4687, 4789, 4814]"
214,"['ctrl', 'MAPK1']",[4328],76790,77171,"[94, 95, 309, 663, 1663, 1664, 1676, 2084, 2090, 2589, 2620, 2621, 2761, 3102, 3758, 4236, 4687, 4727, 4851, 4994]"
215,"['SGK1', 'TBX2']","[7168, 7997]",77171,77458,"[124, 663, 1723, 2334, 2470, 2620, 2621, 2738, 2740, 2756, 3430, 4173, 4229, 4291, 4300, 4504, 4766, 4953, 4983, 5022]"
216,"['FOXA1', 'FOXL2']","[2796, 2823]",77458,77637,"[77, 326, 839, 1288, 2391, 2474, 2480, 2761, 3073, 3385, 3430, 3561, 3659, 4209, 4430, 4502, 4504, 4534, 4688, 4766]"
217,"['ETS2', 'MAP7D1']","[2493, 4326]",77637,77902,"[94, 130, 309, 678, 1664, 1667, 1676, 2084, 2470, 2589, 2621, 2761, 3102, 3970, 4236, 4310, 4650, 4687, 4727, 5031]"
218,"['FOXF1', 'FOXL2']","[2810, 2823]",77902,78075,"[50, 150, 323, 838, 852, 2058, 2391, 2740, 2761, 2835, 2934, 2968, 3385, 3392, 3639, 3898, 4173, 4209, 4766, 4842]"
219,"['UBASH3A', 'ctrl']",[8699],78075,78446,"[166, 227, 331, 338, 505, 1122, 1228, 1432, 1487, 1600, 1941, 2628, 2740, 3163, 3251, 3432, 3701, 3904, 4842, 5002]"
220,"['ETS2', 'PRTG']","[2493, 6196]",78446,78800,"[390, 403, 719, 1288, 1676, 1753, 2135, 2680, 2699, 2761, 3230, 3662, 3758, 3806, 4150, 4507, 4624, 4650, 4994, 5042]"
221,"['AHR', 'FEV']","[190, 2719]",78800,79064,"[94, 120, 838, 839, 1819, 2334, 2391, 2620, 2621, 2740, 2761, 3214, 3305, 4504, 4743, 5032, 5035, 5036, 5039, 5042]"
222,"['KLF1', 'TGFBR2']","[3948, 8105]",79064,79327,"[91, 308, 663, 1201, 1664, 2135, 2351, 2589, 2620, 2621, 2761, 3259, 3667, 3758, 3760, 3776, 4130, 4580, 4588, 4700]"
223,"['FEV', 'CBFA2T3']","[2719, 1052]",79327,79480,"[94, 373, 504, 838, 1090, 1819, 2058, 2334, 2351, 2391, 2740, 2761, 2977, 3776, 3898, 4115, 4504, 4526, 4569, 4727]"
224,"['ETS2', 'IKZF3']","[2493, 3658]",79480,79868,"[94, 719, 1288, 1289, 1676, 2135, 2620, 2621, 2711, 2726, 2761, 3214, 3758, 3759, 3760, 3970, 4173, 4700, 4766, 4953]"
225,"['ctrl', 'ISL2']",[3778],79868,80081,"[20, 505, 779, 1126, 1387, 1516, 1764, 1893, 2466, 2480, 3131, 3360, 3758, 3868, 3874, 3875, 4130, 4261, 4845, 4911]"
226,"['ctrl', 'SLC38A2']",[7359],80081,80361,"[219, 280, 695, 953, 1717, 2470, 2680, 2711, 2937, 3142, 3308, 3469, 3547, 3875, 4631, 4650, 4743, 4945, 4953, 5041]"
227,"['PTPN9', 'ctrl']",[6295],80361,80525,"[101, 165, 975, 1117, 1580, 1683, 1787, 2018, 2592, 2735, 3037, 3700, 3870, 3891, 3949, 3976, 4263, 4504, 4512, 5019]"
228,"['LYL1', 'CEBPB']","[4229, 1275]",80525,80684,"[77, 94, 333, 678, 697, 789, 935, 1059, 1171, 1713, 1753, 2018, 2474, 2756, 3758, 4409, 4592, 4695, 4921, 4992]"
229,"['PTPN12', 'ZBTB25']","[6288, 9164]",80684,80941,"[431, 663, 749, 1288, 2058, 2084, 2135, 2264, 2621, 2663, 3758, 3760, 4173, 4504, 4687, 4700, 4726, 4727, 4789, 5022]"
230,"['DUSP9', 'SNAI1']","[2176, 7486]",80941,81109,"[50, 564, 852, 1288, 2135, 2223, 2334, 2391, 2526, 2653, 2711, 2740, 2761, 2824, 2869, 2934, 3274, 3898, 4502, 4504]"
231,"['ctrl', 'SNAI1']",[7486],81109,81269,"[323, 426, 663, 1625, 1713, 2353, 2474, 2621, 2653, 2699, 3176, 3274, 3659, 3758, 4276, 4380, 4761, 4828, 4907, 4953]"
232,"['ctrl', 'CEBPB']",[1275],81269,81451,"[50, 94, 663, 678, 1171, 1289, 1663, 1664, 1753, 1960, 2084, 2621, 2761, 3867, 4409, 4509, 4565, 4670, 4695, 4766]"
233,"['HOXA13', 'ctrl']",[3483],81451,81681,"[50, 400, 418, 852, 1288, 1383, 1723, 2334, 2738, 2740, 2761, 3867, 3898, 4209, 4504, 4727, 4842, 4907, 4953, 4992]"
234,"['CITED1', 'ctrl']",[1428],81681,81850,"[280, 678, 818, 989, 1228, 1621, 1723, 1800, 1873, 2018, 2150, 2334, 2526, 2648, 2738, 2740, 3900, 4209, 4221, 4926]"
235,"['ctrl', 'FOXF1']",[2810],81850,82117,"[93, 237, 323, 419, 969, 1001, 1126, 1432, 1965, 2013, 2361, 2470, 2693, 2761, 3076, 3159, 3163, 3720, 3750, 3854]"
236,"['FOSB', 'IKZF3']","[2793, 3658]",82117,82321,"[94, 166, 289, 471, 838, 1107, 1288, 1289, 1387, 1774, 2353, 2470, 2620, 2621, 2761, 3553, 3758, 3759, 3760, 4766]"
237,"['TGFBR2', 'PRTG']","[8105, 6196]",82321,82529,"[390, 468, 826, 1288, 1289, 1753, 2135, 2620, 2621, 2740, 2835, 3662, 3758, 3776, 3857, 3895, 3898, 4504, 4789, 5039]"
238,"['PRDM1', 'ctrl']",[6095],82529,82802,"[111, 388, 498, 838, 1682, 2058, 2135, 2334, 2620, 2621, 2680, 2699, 2711, 2726, 2761, 3758, 3760, 4504, 4700, 4766]"
239,"['FOSB', 'PTPN12']","[2793, 6288]",82802,83093,"[94, 283, 292, 566, 749, 842, 1383, 1934, 2470, 2621, 2699, 2707, 2856, 3059, 3758, 3760, 4690, 4727, 4819, 4896]"
240,"['ctrl', 'PTPN12']",[6288],83093,83257,"[508, 749, 1201, 1934, 2000, 2361, 2499, 2707, 2918, 3496, 3553, 3758, 4110, 4504, 4688, 4700, 4727, 4762, 4789, 4893]"
241,"['SAMD1', 'PTPN12']","[6967, 6288]",83257,83549,"[749, 905, 1288, 2135, 2264, 2620, 2621, 2738, 2740, 3430, 3758, 3759, 3760, 3898, 4504, 4700, 4726, 4727, 4877, 5022]"
242,"['HK2', 'ctrl']",[3415],83549,83798,"[2, 274, 658, 1132, 2495, 2703, 2937, 2947, 3059, 3143, 3308, 3336, 3555, 3674, 3853, 4392, 4459, 4504, 4552, 5012]"
243,"['FOSB', 'OSR2']","[2793, 5428]",83798,84122,"[94, 309, 389, 663, 665, 826, 1288, 1289, 1663, 1664, 2084, 2355, 2589, 2621, 3970, 4173, 4504, 4612, 4907, 4953]"
244,"['FOXL2', 'HOXB9']","[2823, 3500]",84122,84209,"[161, 302, 343, 566, 607, 1038, 1280, 1590, 1783, 2183, 2244, 2761, 2824, 3115, 3261, 3822, 4212, 4384, 4569, 5002]"
245,"['ctrl', 'IGDCC3']",[3638],84209,84432,"[91, 390, 1288, 1753, 1861, 2135, 2544, 2621, 2740, 3430, 3674, 3682, 3758, 3891, 3895, 4504, 4541, 4624, 4687, 4842]"
246,"['ctrl', 'PTPN9']",[6295],84432,84631,"[2, 202, 496, 566, 632, 695, 889, 1288, 1423, 1464, 1621, 1704, 1980, 2349, 2569, 2740, 3700, 4504, 5012, 5019]"
247,"['ctrl', 'OSR2']",[5428],84631,85082,"[94, 309, 389, 541, 663, 1289, 1483, 1663, 1664, 1704, 1960, 2084, 2355, 2621, 2798, 3758, 3810, 4173, 4504, 4907]"
248,"['ZBTB10', 'ELMSAN1']","[9152, 2354]",85082,85243,"[120, 150, 323, 373, 852, 1288, 2334, 2404, 2504, 2648, 2682, 2707, 2740, 2934, 3243, 3667, 4130, 4624, 4640, 4842]"
249,"['JUN', 'CEBPB']","[3833, 1275]",85243,85295,"[302, 498, 607, 917, 1212, 1280, 1352, 1644, 1774, 2144, 2145, 2183, 3500, 3733, 3783, 4380, 4453, 4579, 4778, 4879]"
250,"['BPGM', 'ZBTB1']","[824, 9151]",85295,85578,"[663, 1288, 1289, 2023, 2084, 2135, 2470, 2502, 2620, 2621, 2738, 3194, 3430, 3758, 3760, 3970, 4173, 4504, 4700, 5022]"
251,"['ZBTB10', 'SNAI1']","[9152, 7486]",85578,85663,"[161, 302, 488, 746, 911, 1283, 2183, 2386, 2480, 2504, 2856, 3040, 3151, 3460, 3759, 4212, 4507, 4523, 4761, 4828]"
252,"['ctrl', 'FOXL2']",[2823],85663,85904,"[39, 838, 1046, 1723, 2116, 2135, 2740, 2761, 3131, 3159, 3385, 3512, 3758, 3772, 3900, 4130, 4173, 4545, 4650, 4743]"
253,"['CEBPE', 'CEBPB']","[1277, 1275]",85904,86015,"[292, 565, 678, 1194, 1283, 1289, 1629, 1663, 1664, 1771, 2493, 3460, 3520, 4422, 4509, 4535, 4738, 4761, 4828, 4927]"
254,"['ctrl', 'TGFBR2']",[8105],86015,86343,"[454, 505, 628, 736, 842, 903, 989, 1126, 1288, 1607, 1694, 2135, 2621, 3758, 3866, 3868, 4263, 4269, 4392, 4810]"
255,"['PRDM1', 'CBFA2T3']","[6095, 1052]",86343,86452,"[90, 111, 302, 413, 498, 1194, 1629, 2334, 2391, 2480, 2761, 2956, 3035, 3174, 3222, 3500, 3898, 4504, 4761, 4766]"
256,"['FOXA3', 'FOXF1']","[2798, 2810]",86452,86598,"[219, 280, 326, 761, 1212, 1288, 2058, 2391, 2453, 2470, 2673, 2699, 2761, 2806, 3040, 3874, 3898, 4520, 4766, 4927]"
257,"['TGFBR2', 'C19orf26']","[8105, 925]",86598,86872,"[448, 838, 1288, 1289, 2135, 2380, 2621, 2711, 2740, 2761, 2835, 3585, 3758, 3776, 4150, 4504, 4512, 4687, 5039, 5042]"
258,"['FOXA3', 'FOXL2']","[2798, 2823]",86872,86985,"[565, 676, 839, 852, 885, 1974, 2673, 2702, 2740, 2761, 2835, 2952, 3035, 3397, 3685, 4312, 4512, 4620, 4766, 4927]"
259,"['CDKN1C', 'CDKN1B']","[1258, 1257]",86985,87064,"[103, 426, 697, 739, 1662, 1800, 2470, 2512, 2590, 2621, 2938, 2952, 2974, 3115, 3447, 3758, 4024, 4184, 4263, 4926]"
260,"['ZC3HAV1', 'CEBPA']","[9205, 1274]",87064,87188,"[50, 132, 161, 302, 309, 394, 665, 1038, 1283, 1289, 1663, 2084, 2353, 2892, 3180, 3828, 4173, 4509, 4634, 4670]"
261,"['KIF18B', 'ctrl']",[3922],87188,87400,"[93, 387, 634, 761, 1118, 1126, 1423, 1487, 1694, 2000, 2420, 2711, 3469, 3561, 3868, 4165, 4388, 4600, 4911, 4917]"
262,"['CDKN1C', 'CDKN1A']","[1258, 1256]",87400,87480,"[636, 695, 739, 2018, 2135, 2470, 2621, 2673, 2835, 2918, 2952, 3571, 3758, 4091, 4512, 4534, 4595, 4915, 4953, 5019]"
263,"['SPI1', 'ctrl']",[7628],87480,87650,"[389, 498, 842, 1651, 1663, 1664, 1671, 2157, 2353, 2680, 2740, 2761, 3035, 3102, 3461, 3682, 4209, 4504, 4670, 4842]"
264,"['SNAI1', 'ctrl']",[7486],87650,87870,"[323, 564, 663, 681, 1607, 1625, 1845, 2135, 2230, 2621, 2653, 2699, 2810, 3274, 3587, 3828, 4504, 4509, 4580, 4953]"
265,"['EGR1', 'ctrl']",[2270],87870,88131,"[94, 95, 426, 806, 826, 1228, 1396, 2334, 2391, 2470, 2495, 2740, 2761, 2892, 3758, 3868, 4504, 4700, 4766, 5012]"
266,"['ZBTB10', 'DLX2']","[9152, 2023]",88131,88205,"[340, 510, 746, 941, 1560, 1663, 1783, 2351, 2824, 3063, 3788, 4212, 4380, 4388, 4507, 4579, 4738, 4750, 4761, 5002]"
267,"['FOXA1', 'FOXF1']","[2796, 2810]",88205,88442,"[323, 541, 564, 852, 1288, 1383, 1723, 2135, 2334, 2391, 2673, 2761, 2854, 2934, 3430, 3772, 3806, 3898, 4130, 4766]"
268,"['PLK4', 'STIL']","[5857, 7768]",88442,88508,"[565, 741, 1548, 1873, 1974, 2000, 2183, 2243, 2782, 3115, 3460, 3489, 3626, 4024, 4388, 4569, 4867, 4877, 4879, 4897]"
269,"['CBL', 'UBASH3A']","[1054, 8699]",88508,88558,"[498, 745, 749, 965, 988, 1336, 1523, 1602, 2040, 2203, 2231, 2524, 3398, 3863, 4280, 4750, 4778, 4789, 4806, 4877]"
270,"['SNAI1', 'DLX2']","[7486, 2023]",88558,88665,"[24, 565, 1212, 1774, 1845, 2183, 2386, 2480, 2492, 2653, 2673, 2735, 2854, 3115, 3758, 4217, 4380, 4453, 4606, 4620]"
271,"['IGDCC3', 'PRTG']","[3638, 6196]",88665,88773,"[489, 885, 1194, 1283, 1288, 2135, 2234, 2621, 2673, 2952, 3000, 3151, 3460, 3682, 3758, 3898, 4070, 4298, 4669, 4730]"
272,"['STIL', 'ctrl']",[7768],88773,88900,"[131, 228, 280, 510, 591, 632, 806, 989, 2517, 2952, 3143, 3159, 3336, 3626, 3634, 3826, 3874, 4512, 4552, 4915]"
273,"['CDKN1C', 'ctrl']",[1258],88900,89065,"[91, 166, 331, 340, 400, 852, 1316, 1626, 1800, 2135, 2621, 2806, 3160, 3430, 3758, 4842, 4953, 5033, 5034, 5036]"
274,"['ctrl', 'CDKN1B']",[1257],89065,89210,"[2, 103, 219, 224, 253, 280, 472, 496, 695, 889, 989, 1212, 1688, 3275, 3447, 3874, 4489, 4534, 4793, 5019]"
275,"['CDKN1B', 'CDKN1A']","[1257, 1256]",89210,89308,"[131, 697, 765, 821, 885, 1117, 1387, 1629, 1713, 2000, 2135, 2474, 2621, 2697, 3551, 3758, 4388, 4534, 4618, 4877]"
276,"['C3orf72', 'FOXL2']","[961, 2823]",89308,89357,"[188, 340, 504, 871, 930, 968, 1352, 1658, 1974, 2824, 3063, 3180, 3763, 3923, 4289, 4507, 4535, 4750, 4778, 4879]"
