Locus,Symbol,Aliases
b0002,thrA,"{'thrA2', 'thrD', 'Hs1', 'thrA'}"
b0008,talB,{'yaaK'}
b0009,mog,"{'yaaG', 'mog', 'chlGA', 'bisD'}"
b0010,satP,{'yaaH'}
b0012,mbiA,"{'htgA', 'htpY'}"
b0014,dnaK,"{'grpC', 'groPAB', 'grpF', 'seg', 'groPF', 'groPC'}"
b0015,dnaJ,"{'grpC', 'groP'}"
b0016,insL1,{'yi81-1'}
b0018,mokC,{'gefL'}
b0019,nhaA,"{'ant', 'antA'}"
b0020,nhaR,"{'antO', 'yaaB'}"
b0023,rpsT,"{'supS20', 'supS', 'sup(s20)'}"
b0025,ribF,{'yaaC'}
b0026,ileS,{'ilvS'}
b0027,lspA,{'lsp'}
b0028,fkpB,"{'yaaD', 'slpA'}"
b0029,ispH,"{'yaaE', 'lytB'}"
b0030,rihC,{'yaaF'}
b0032,carA,"{'arg', 'pyrA'}"
b0033,carB,{'pyrA'}
b0036,caiD,{'yaaL'}
b0037,caiC,{'yaaM'}
b0038,caiB,{'yaaN'}
b0039,caiA,{'yaaO'}
b0040,caiT,{'yaaP'}
b0041,fixA,{'yaaQ'}
b0042,fixB,{'yaaR'}
b0043,fixC,{'yaaS'}
b0044,fixX,{'yaaT'}
b0045,yaaU,{'yabE'}
b0046,kefF,{'yabF'}
b0047,kefC,{'trkC'}
b0048,folA,"{'tmrA', 'tmr'}"
b0049,apaH,{'cfcB'}
b0051,rsmA,{'ksgA'}
b0054,lptD,"{'yabG', 'ostA', 'imp'}"
b0055,djlA,{'yabH'}
b0056,yabP,{'b4659'}
b0057,yabQ,{'b4659'}
b0058,rluA,{'yabO'}
b0059,rapA,"{'hepA', 'yabA'}"
b0060,polB,{'dinA'}
b0066,thiQ,"{'sfuC', 'yabJ'}"
b0067,thiP,"{'yabK', 'sfuB'}"
b0068,thiB,"{'yabL', 'tbpA', 'sfuA'}"
b0069,sgrR,{'yabN'}
b0070,setA,{'yabM'}
b0075,leuL,"{'leuIPP', 'leulLP', 'leuL', 'leulL'}"
b0078,ilvH,{'brnP'}
b0080,cra,"{'fruR', 'fruC', 'shl'}"
b0081,mraZ,{'yabB'}
b0082,rsmH,"{'yabC', 'mraW'}"
b0083,ftsL,"{'yabD', 'mraR'}"
b0084,ftsI,"{'pbpB', 'sep'}"
b0086,murF,{'mra'}
b0087,mraY,{'murX'}
b0092,ddlB,{'ddl'}
b0094,ftsA,{'divA'}
b0095,ftsZ,"{'sfiB', 'sulB'}"
b0096,lpxC,"{'asmB', 'envA'}"
b0097,secM,"{'yacA', 'srrA'}"
b0098,secA,"{'pea', 'prlD', 'azi'}"
b0099,mutT,{'nudA'}
b0102,zapD,{'yacF'}
b0103,coaE,{'yacE'}
b0106,hofC,"{'hopC', 'yacD'}"
b0107,hofB,{'hopB'}
b0112,aroP,{'aroR'}
b0113,pdhR,"{'aceC', 'yacB', 'genA'}"
b0116,lpd,"{'lpd', 'dhlA'}"
b0118,acnB,"{'yacI', 'yacJ'}"
b0123,cueO,{'yacK'}
b0126,can,{'yadF'}
b0129,yadI,{'agaX'}
b0132,rpnC,{'yadD'}
b0140,yadV,{'ecpD'}
b0144,gluQ,{'yadB'}
b0145,dksA,{'msmA'}
b0146,sfsA,"{'sfs', 'sfs1'}"
b0147,thpR,"{'yadP', 'ligT'}"
b0148,hrpB,{'yadO'}
b0149,mrcB,"{'pbpF', 'ponB'}"
b0150,fhuA,"{'T5rec', 'T1', 'tonA'}"
b0154,hemL,"{'gsa', 'popC'}"
b0155,clcA,"{'yadQ', 'eriC'}"
b0156,erpA,{'yadR'}
b0158,btuF,{'yadT'}
b0159,mtn,"{'mtn', 'yadA', 'pfs'}"
b0160,dgt,{'optA'}
b0161,degP,"{'htrA', 'ptd'}"
b0162,cdaR,"{'yaeG', 'sdaR'}"
b0166,dapD,{'ssa'}
b0167,glnD,{'glnD'}
b0171,pyrH,"{'smbA', 'umk'}"
b0172,frr,{'rrf'}
b0173,dxr,"{'ispC', 'yaeM'}"
b0174,ispU,"{'uppS', 'rth', 'yaeS'}"
b0175,cdsA,{'cds'}
b0176,rseP,"{'yaeL', 'ecfE'}"
b0177,bamA,"{'yzzY', 'yaeT', 'ecfK', 'yzzN'}"
b0178,skp,"{'ompH', 'firA', 'hlpA'}"
b0179,lpxD,"{'firA', 'omsA'}"
b0180,fabZ,"{'sabA1', 'sefA', 'sfhC21', 'yaeA'}"
b0182,lpxB,{'pgsB'}
b0184,dnaE,"{'polC', 'sdgC'}"
b0186,ldcC,"{'ldcH', 'ldc'}"
b0188,tilS,"{'yaeN', 'mesJ'}"
b0189,rof,{'yaeO'}
b0191,arfB,{'yaeJ'}
b0192,nlpE,{'cutF'}
b0193,yaeF,{'yaeK'}
b0194,proS,"{'drp', 'drpA'}"
b0195,trmO,"{'yaeB', 'tsaA'}"
b0197,metQ,"{'yaeC', 'metD'}"
b0198,metI,"{'metD', 'yaeE'}"
b0199,metN,"{'abc', 'metD'}"
b0200,gmhB,{'yaeD'}
b0207,dkgB,{'yafB'}
b0211,mltD,"{'yafG', 'dniR'}"
b0212,gloB,{'yafR'}
b0214,rnhA,"{'sin', 'dasF', 'cer', 'sdrA', 'rnh', 'herA'}"
b0215,dnaQ,{'mutD'}
b0220,ivy,{'ykfE'}
b0221,fadE,{'yafH'}
b0222,gmhA,"{'yafI', 'tfrA', 'lpcA'}"
b0224,dpaA,"{'ldtF', 'yafK'}"
b0226,dinJ,{'sosA'}
b0228,rayT,{'yafM'}
b0229,lfhA,{'fhiA'}
b0230,lafU,{'mbhA'}
b0231,dinB,{'dinP'}
b0237,pepD,{'pepH'}
b0238,gpt,"{'gpp', 'gxu', 'glyD'}"
b0239,frsA,{'yafA'}
b0241,phoE,{'ompE'}
b0242,proB,"{'pro(2)', 'pro2'}"
b0243,proA,"{'pro1', 'pro(1)'}"
b0256,insI1,{'tra8-1'}
b0259,insH1,"{'trs5-1', 'trs5', 'yi52_1'}"
b0260,mmuP,{'ykfD'}
b0261,mmuM,{'yagD'}
b0262,afuC,"{'fbpC', 'yagC'}"
b0263,afuB,{'fbpB'}
b0272,xynR,{'yagI'}
b0281,intF,{'yagO'}
b0282,yagP,"{'ykgT', 'b4695'}"
b0283,paoD,{'yagQ'}
b0284,paoC,{'yagR'}
b0285,paoB,{'yagS'}
b0286,paoA,{'yagT'}
b0289,ecpE,"{'yagV', 'matF'}"
b0290,ecpD,"{'matE', 'yagW'}"
b0291,ecpC,"{'matD', 'yagX'}"
b0292,ecpB,"{'yagY', 'matC'}"
b0293,ecpA,"{'matB', 'yagZ'}"
b0294,matA,"{'ykgK', 'ecpR'}"
b0299,insF1,{'tra5-5'}
b0301,rclC,{'ykgB'}
b0303,rclB,{'ykgI'}
b0304,rclA,{'ykgC'}
b0305,rclR,{'ykgD'}
b0315,pdeL,{'yahA'}
b0330,prpR,{'yahP'}
b0331,prpB,{'yahQ'}
b0333,prpC,"{'yzzD', 'yahS'}"
b0334,prpD,"{'yahT', 'acnC'}"
b0335,prpE,{'yahU'}
b0340,cynS,"{'cyaN', 'cnt'}"
b0350,mhpD,{'mhpS'}
b0353,mhpT,{'yaiK'}
b0355,frmB,{'yaiM'}
b0356,frmA,{'adhC'}
b0357,frmR,{'yaiN'}
b0360,insC1,{'yi21-1'}
b0361,insD1,{'yi22-1'}
b0365,tauA,"{'yaiR', 'ssiA'}"
b0366,tauB,"{'yaiQ', 'ssiB'}"
b0367,tauC,"{'ssiC', 'yaiJ'}"
b0368,tauD,"{'ssiD', 'yaiG'}"
b0369,hemB,{'ncf'}
b0372,insF2,{'tra5-1'}
b0375,iprA,{'yaiV'}
b0376,ampH,{'yaiH'}
b0382,iraP,{'yaiB'}
b0383,phoA,{'psiA'}
b0385,dgcC,"{'yaiC', 'adrA'}"
b0386,proC,"{'pro3', 'pro(3)', 'Pro2'}"
b0391,ppnP,{'yaiE'}
b0393,rdgC,{'yaiD'}
b0394,mak,{'yajF'}
b0396,araJ,{'araT'}
b0398,sbcD,{'yajA'}
b0399,phoB,"{'phoRc', 'phoT'}"
b0400,phoR,"{'phoR', 'R1pho', 'nmpB1'}"
b0401,brnQ,{'hrbA'}
b0402,proY,{'yajM'}
b0404,acpH,{'yajB'}
b0405,queA,{'tsaA'}
b0406,tgt,{'vacC(S.f.)'}
b0411,tsx,"{'T6rec', 'nupA'}"
b0413,nrdR,{'ybaD'}
b0414,ribD,"{'ybaE', 'nusII', 'ribG'}"
b0415,ribE,"{'nusIII', 'ybaF', 'ribH'}"
b0416,nusB,"{'ssaD', 'groNB', 'ssyB'}"
b0417,thiL,{'thiJ'}
b0418,pgpA,{'yajN'}
b0420,dxs,{'yajP'}
b0422,xseB,{'yajE'}
b0423,thiI,"{'yajK', 'nuvA'}"
b0424,yajL,{'thiJ'}
b0425,panE,{'apbA'}
b0437,clpP,{'lopP'}
b0438,clpX,{'lopC'}
b0439,lon,"{'muc', 'dir', 'capR', 'deg', 'lopA'}"
b0440,hupB,"{'dpeA', 'hopD', 'dbhB'}"
b0441,ppiD,{'ybaU'}
b0442,ybaV,{'comEA'}
b0443,fadM,"{'ybaW', 'tesC'}"
b0444,queC,{'ybaX'}
b0447,decR,"{'cyuR', 'ybaO'}"
b0448,mdlA,{'mdl'}
b0449,mdlB,{'mdl'}
b0450,glnK,{'ybaI'}
b0451,amtB,{'ybaG'}
b0454,ybaZ,{'atl'}
b0457,pdeB,{'ylaB'}
b0459,maa,{'ylaD'}
b0461,tomB,{'ybaJ'}
b0462,acrB,{'acrE'}
b0463,acrA,"{'nbsA', 'sipB', 'lir', 'Mb', 'mtcA', 'mbl'}"
b0464,acrR,{'ybaH'}
b0465,mscK,"{'aefA', 'kefA'}"
b0470,dnaX,{'dnaZ'}
b0474,adk,"{'dnaW', 'plsA'}"
b0475,hemH,"{'visA', 'popA'}"
b0476,aes,{'ybaC'}
b0478,ybaL,{'ylaA'}
b0484,copA,{'ybaR'}
b0485,glsA,{'ybaS'}
b0487,cueR,"{'copR', 'ybbI'}"
b0489,qmcA,{'ybbK'}
b0490,fetA,{'ybbL'}
b0491,fetB,{'ybbM'}
b0492,cnoX,{'ybbN'}
b0494,tesA,"{'apeA', 'pldC'}"
b0499,ylbH,{'rhsH'}
b0501,ybbD,{'b0500'}
b0503,selU,"{'mnmH', 'ybbB'}"
b0504,allS,"{'ybbS', 'glxA1'}"
b0505,allA,"{'glxA2', 'ybbT'}"
b0506,allR,"{'glxA3', 'ybbU'}"
b0508,hyi,"{'gip', 'ybbG'}"
b0509,glxR,"{'glxB1', 'ybbQ'}"
b0511,ybbW,"{'allP', 'glxB2'}"
b0512,allB,"{'ybbX', 'glxB3'}"
b0513,ybbY,{'glxB4'}
b0514,glxK,"{'glxB5', 'ybbZ'}"
b0515,allE,"{'ylbA', 'ughY', 'glxB6'}"
b0516,allC,"{'ylbB', 'glxB7'}"
b0517,allD,"{'glxB8', 'ylbC'}"
b0518,fdrA,{'ylbD'}
b0521,ybcF,{'arcC'}
b0522,purK,{'purE2'}
b0523,purE,"{'ade', 'Pur2', 'ade(f)', 'ade3'}"
b0524,lpxH,{'ybbF'}
b0526,cysS,{'syc'}
b0529,folD,{'ads'}
b0534,sfmF,{'ybcG'}
b0535,fimZ,{'ybcA'}
b0536,argU,"{'dnaY', 'pin'}"
b0537,intD,{'int'}
b0539,exoD,{'ybcC'}
b0541,insF3,{'tra5-2'}
b0542,renD,{'ybcE'}
b0543,emrE,"{'mvrC', 'eb'}"
b0550,rusA,"{'ybcP', 'rus'}"
b0551,quuD,{'ybcQ'}
b0552,insH2,"{'trs5-2', 'yi52_2'}"
b0553,nmpC,{'phmA'}
b0554,essD,"{'ybcR', 'vlyS'}"
b0555,rrrD,"{'ybcS', 'lycV'}"
b0556,rzpD,{'ybcT'}
b0557,borD,"{'vboR', 'bor', 'iss', 'ybcU'}"
b0560,nohD,{'nohB'}
b0561,tfaD,{'ybcX'}
b0563,tfaX,{'ylcE'}
b0570,cusS,{'ybcZ'}
b0571,cusR,{'ylcA'}
b0572,cusC,"{'ibeB', 'ylcB'}"
b0573,cusF,"{'cusX', 'ylcC'}"
b0574,cusB,{'ylcD'}
b0575,cusA,{'ybdE'}
b0578,nfsB,"{'ntr', 'dprA', 'nfnB'}"
b0582,insL2,{'yi81-2'}
b0584,fepA,"{'feuB', 'cbr', 'cbt', 'fep'}"
b0591,entS,{'ybdA'}
b0593,entC,{'fepF'}
b0595,entB,{'entG'}
b0597,entH,{'ybdB'}
b0598,cstA,{'ybdC'}
b0599,hcxA,{'ybdH'}
b0604,dsbG,{'ybdP'}
b0605,ahpC,"{'tpx', 'ssi8'}"
b0607,uspG,"{'yzzU', 'UP12', 'ybdQ'}"
b0611,rna,{'rnsA'}
b0612,citT,{'ybdS'}
b0613,citG,{'ybdT'}
b0614,citX,{'ybdU'}
b0615,citF,{'ybdV'}
b0616,citE,{'ybdW'}
b0617,citD,{'ybdX'}
b0618,citC,{'ybeO'}
b0619,dpiB,"{'mpdB', 'citA', 'ybeP'}"
b0620,dpiA,"{'citB', 'mpdA', 'criR'}"
b0622,pagP,"{'ybeG', 'crcA'}"
b0623,cspE,"{'msmC', 'gicA'}"
b0624,crcB,{'ybeI'}
b0627,tatE,{'ybeC'}
b0628,lipA,{'lip'}
b0630,lipB,"{'lip', 'cde'}"
b0632,dacA,{'pfv'}
b0634,mrdB,{'rodA'}
b0635,mrdA,{'pbpA'}
b0636,rlmH,{'ybeA'}
b0637,rsfS,"{'ybeB', 'rsfA'}"
b0638,cobC,{'phpB'}
b0639,nadD,"{'fusB', 'ybeN'}"
b0641,lptE,{'rlpB'}
b0642,leuS,{'syl'}
b0646,djlB,{'ybeS'}
b0649,djlC,"{'ybeV', 'hsc56', 'hscD'}"
b0650,hscC,{'ybeW'}
b0651,rihA,{'ybeK'}
b0655,gltI,"{'ybeJ', 'yzzK'}"
b0656,insH3,"{'trs5-3', 'yi52_3'}"
b0657,lnt,{'cutE'}
b0660,ybeZ,{'phoL'}
b0661,miaB,{'yleA'}
b0662,ubiF,{'yleB'}
b0664,glnX,"{'glnV-beta', 'glnVbeta', 'supE'}"
b0665,glnV,"{'suII', 'supE', 'Su2alpha'}"
b0666,metU,"{'metT-beta', 'metTbeta'}"
b0668,glnW,"{'glnU-beta', 'glnUbeta'}"
b0670,glnU,"{'supB', 'trnA'}"
b0672,leuW,{'feeB'}
b0675,umpH,{'nagD'}
b0676,nagC,{'nagR'}
b0678,nagB,{'glmD'}
b0679,nagE,"{'ptsN', 'pstN'}"
b0681,chiP,{'ybfM'}
b0682,chiQ,{'ybfN'}
b0687,seqA,{'hsm-1'}
b0688,pgm,{'blu'}
b0691,ybfG,"{'b0690', 'ybfH', 'ECK0679'}"
b0695,kdpD,{'kac'}
b0696,kdpC,{'kac'}
b0697,kdpB,{'kac'}
b0698,kdpA,{'kac'}
b0707,ybgA,{'tkp'}
b0708,phr,{'phr'}
b0709,dtpD,{'ybgH'}
b0711,pxpB,{'ybgJ'}
b0712,pxpC,{'ybgK'}
b0713,pxpA,{'ybgL'}
b0715,abrB,{'ybgN'}
b0720,gltA,"{'gluT', 'icdB'}"
b0721,sdhC,"{'cybA', 'cybL', 'dhsC'}"
b0722,sdhD,"{'cybS', 'dhsD'}"
b0723,sdhA,{'dhsA'}
b0724,sdhB,{'dhsB'}
b0726,sucA,{'lys+met'}
b0730,mngR,"{'farR', 'ybgB'}"
b0731,mngA,"{'frx', 'hrsA'}"
b0732,mngB,{'ybgG'}
b0733,cydA,{'cyd-1'}
b0734,cydB,{'cyd-2'}
b0737,tolQ,"{'tolP', 'fii'}"
b0739,tolA,"{'cim', 'excC', 'lky', 'tol-2'}"
b0740,tolB,"{'lkyA', 'lky', 'tol-3'}"
b0741,pal,{'excC'}
b0742,cpoB,{'ybgF'}
b0743,lysT,"{'sua', 'supG', 'supL', 'Su[beta]alpha'}"
b0744,valT,{'valTalpha'}
b0745,lysW,"{'lysTbeta', 'su', 'lysT-beta'}"
b0746,valZ,"{'valTbeta', 'valTb'}"
b0747,lysY,"{'lysTg', 'lysTgamma'}"
b0750,nadA,{'nicA'}
b0752,zitB,{'ybgR'}
b0755,gpmA,{'gpm'}
b0757,galK,{'galA'}
b0758,galT,{'galB'}
b0759,galE,{'galD'}
b0760,modF,"{'phrA', 'chlD'}"
b0761,modE,"{'modR', 'chlD'}"
b0762,acrZ,{'ybhT'}
b0764,modB,"{'chlJ', 'tslJ'}"
b0765,modC,"{'narD', 'chlD'}"
b0767,pgl,{'ybhE'}
b0779,uvrB,"{'dar-1', 'dar-6'}"
b0781,moaA,"{'bisA', 'chlA1', 'narA', 'chlA'}"
b0782,moaB,{'chlA2'}
b0783,moaC,{'chlA3'}
b0784,moaD,"{'chlM', 'chlA4'}"
b0785,moaE,{'chlA5'}
b0789,clsB,{'ybhO'}
b0796,cecR,{'ybiH'}
b0799,dinG,{'rarB'}
b0801,hcxB,{'ybiC'}
b0805,fiu,{'ybiL'}
b0806,mcbA,{'ybiM'}
b0807,rlmF,{'ybiN'}
b0812,dps,"{'pexB', 'vtm'}"
b0813,rhtA,{'ybiF'}
b0814,ompX,"{'ybiG', 'ompP'}"
b0815,opgE,{'ybiP'}
b0817,mntR,{'ybiQ'}
b0819,ldtB,{'ybiS'}
b0823,ybiW,{'pflF'}
b0824,ybiY,{'pflE'}
b0825,fsaA,"{'mipB', 'ybiZ', 'fsa'}"
b0826,moeB,{'chlN'}
b0827,moeA,"{'chlE', 'narE', 'bisB'}"
b0828,iaaA,"{'spt', 'ybiK'}"
b0829,gsiA,{'yliA'}
b0830,gsiB,{'yliB'}
b0831,gsiC,{'yliC'}
b0832,gsiD,{'yliD'}
b0833,pdeI,{'yliE'}
b0834,dgcI,{'yliF'}
b0835,rimO,{'yliG'}
b0836,bssR,{'yliH'}
b0838,gstB,{'yliJ'}
b0840,deoR,{'nucR'}
b0842,mdfA,"{'cmlA', 'cmr'}"
b0846,rcdA,{'ybjK'}
b0849,grxA,{'grx'}
b0851,nfsA,"{'mdaA', 'ybjB', 'mda18'}"
b0852,rimK,{'nek'}
b0859,rlmC,"{'ybjF', 'rumB'}"
b0867,amiD,{'ybjR'}
b0870,ltaE,"{'ybjU', 'ltaA'}"
b0872,hcr,{'ybjV'}
b0873,hcp,"{'priS', 'ybjW'}"
b0874,lysO,{'ybjE'}
b0875,aqpZ,{'bniP'}
b0878,macA,{'ybjY'}
b0879,macB,{'ybjZ'}
b0880,cspD,"{'cspH', 'ybjA'}"
b0881,clpS,{'yljA'}
b0882,clpA,{'lopD'}
b0884,infA,{'bypA1'}
b0885,aat,{'ycaA'}
b0886,cydC,"{'ycaB', 'mdrA', 'surB', 'mdrH'}"
b0887,cydD,{'htrD'}
b0888,trxB,{'trxR'}
b0889,lrp,"{'livR', 'lss', 'oppI', 'ihb', 'lrs', 'lstR', 'rblA', 'mbf', 'alsB'}"
b0890,ftsK,{'dinH'}
b0891,lolA,"{'yzzV', 'lplA'}"
b0892,rarA,"{'mgsA', 'ycaJ'}"
b0902,pflA,{'act'}
b0903,pflB,{'pfl'}
b0904,focA,{'ycaE'}
b0907,serC,"{'pdxC', 'pdxF'}"
b0910,cmk,"{'mssA', 'ycaG', 'ycaF'}"
b0911,rpsA,{'ssyF'}
b0912,ihfB,"{'hip', 'himD'}"
b0915,lpxK,{'ycaH'}
b0916,ycaQ,{'alkZ'}
b0920,elyC,{'ycbC'}
b0921,cmoM,"{'ycbD', 'smtA'}"
b0922,mukF,{'kicB'}
b0923,mukE,"{'kicA', 'ycbA'}"
b0925,ldtD,{'ycbB'}
b0926,mepK,{'ycbK'}
b0927,gloC,{'ycbL'}
b0929,ompF,"{'tolF', 'cry', 'nfxB', 'cmlB'}"
b0930,asnS,"{'tss', 'lcs'}"
b0933,ssuB,{'ycbE'}
b0934,ssuC,{'ycbM'}
b0935,ssuD,"{'ssi6', 'ycbN'}"
b0936,ssuA,{'ycbO'}
b0937,ssuE,"{'ycbP', 'ssi4'}"
b0938,elfA,{'ycbQ'}
b0939,elfD,{'ycbR'}
b0940,elfC,{'ycbS'}
b0941,elfG,{'ycbT'}
b0946,zapC,{'ycbW'}
b0948,rlmL,"{'rlmK', 'rlmKL', 'ycbY'}"
b0949,uup,"{'ycbH', 'ycbI'}"
b0950,pqiA,"{'pqi5A', 'pqi5'}"
b0951,pqiB,"{'pqi5B', 'pqi5'}"
b0952,pqiC,{'ymbA'}
b0953,rmf,"{'rimF', 'res'}"
b0956,matP,{'ycbG'}
b0957,ompA,"{'tut', 'tolG', 'con'}"
b0958,sulA,"{'sfiA', 'suf'}"
b0959,sxy,{'yccR'}
b0962,helD,{'srjB'}
b0963,mgsA,"{'mgs', 'yccG'}"
b0966,hspQ,{'yccV'}
b0967,rlmI,{'yccW'}
b0969,tusE,{'yccK'}
b0971,serT,{'divE'}
b0974,hyaC,{'cybH'}
b0978,appC,"{'cyxA', 'cbdA'}"
b0979,appB,"{'cyxB', 'cbdB'}"
b0981,etk,{'yccC'}
b0982,etp,{'yccY'}
b0983,gfcE,{'yccZ'}
b0984,gfcD,{'ymcA'}
b0985,gfcC,{'ymcB'}
b0986,gfcB,{'ymcC'}
b0987,gfcA,{'ymcD'}
b0989,cspH,{'cspK'}
b0993,torS,{'yccI'}
b0994,torT,{'yccH'}
b0999,cbpM,{'yccD'}
b1006,rutG,{'ycdG'}
b1007,rutF,{'ycdH'}
b1008,rutE,{'ycdI'}
b1009,rutD,{'ycdJ'}
b1010,rutC,{'ycdK'}
b1011,rutB,{'ycdL'}
b1012,rutA,{'ycdM'}
b1013,rutR,{'ycdC'}
b1014,putA,"{'poaA', 'putC'}"
b1015,putP,{'putC'}
b1018,efeO,{'ycdO'}
b1019,efeB,{'ycdB'}
b1020,phoH,{'psiH'}
b1021,pgaD,"{'hmsS', 'ycdP'}"
b1022,pgaC,"{'hmsR', 'ycdQ'}"
b1023,pgaB,"{'ycdR', 'hmsF'}"
b1024,pgaA,"{'ycdS', 'hmsH'}"
b1025,dgcT,{'ycdT'}
b1026,insF4,{'tra5-3'}
b1033,ghrA,{'ycdW'}
b1036,ycdZ,{'nupT'}
b1043,csgC,{'ycdE'}
b1046,clsC,{'ymdC'}
b1047,opgC,"{'ymdD', 'mdoC'}"
b1048,opgG,"{'mdoG', 'mdoA'}"
b1049,opgH,"{'mdoH', 'mdoA'}"
b1053,mdtG,{'yceE'}
b1054,lpxL,"{'htrB', 'waaM'}"
b1055,trhO,{'yceA'}
b1060,bssS,{'yceP'}
b1065,mdtH,{'yceL'}
b1066,rimJ,{'tcp'}
b1068,yceM,{'mviM'}
b1069,murJ,"{'yceN', 'mviN'}"
b1072,flgA,{'flaU'}
b1073,flgB,{'flbA'}
b1074,flgC,{'flaW'}
b1075,flgD,{'flaV'}
b1076,flgE,{'flaK'}
b1077,flgF,{'flaX'}
b1078,flgG,{'flaL'}
b1079,flgH,{'flaY'}
b1080,flgI,{'flaM'}
b1081,flgJ,{'flaZ'}
b1082,flgK,{'flaS'}
b1083,flgL,{'flaT'}
b1084,rne,"{'hmp1', 'ams', 'smbB'}"
b1086,rluC,{'yceC'}
b1092,fabD,{'tfpA'}
b1095,fabF,"{'vtr', 'cvc', 'vtrB', 'fabJ'}"
b1097,mltG,{'yceG'}
b1098,tmk,{'ycfG'}
b1101,ptsG,"{'car', 'umg', 'glcA', 'ECK1087', 'umgC', 'catB2', 'tgl', 'gptA', 'cat'}"
b1103,hinT,{'ycfF'}
b1105,lpoB,{'ycfM'}
b1106,thiK,{'ycfN'}
b1107,nagZ,{'ycfO'}
b1111,comR,{'ycfQ'}
b1112,bhsA,"{'ycfR', 'comC'}"
b1113,ldtC,{'ycfS'}
b1116,lolC,{'ycfU'}
b1117,lolD,{'ycfV'}
b1118,lolE,{'ycfW'}
b1119,nagK,{'ycfX'}
b1120,cobB,{'ycfY'}
b1128,roxA,{'ycfD'}
b1131,purB,"{'ade', 'ade(h)'}"
b1132,hflD,"{'ycfC', 'hslZ'}"
b1133,mnmA,"{'trmU', 'asuE', 'ycfB'}"
b1134,nudJ,{'ymfB'}
b1135,rluE,{'ymfC'}
b1136,icd,"{'icdE', 'icd'}"
b1140,intE,"{'int(Lambda)', 'ycfI'}"
b1141,xisE,{'ymfG'}
b1145,ymfK,{'cohE'}
b1146,ymfT,{'croE'}
b1148,ymfM,{'sfiC'}
b1151,beeE,{'ymfO'}
b1152,jayE,{'ymfP'}
b1154,ycfK,{'stfP'}
b1155,tfaP,{'ymfS'}
b1156,tfaE,{'ycfA'}
b1157,stfE,{'ycfE'}
b1158,pinE,{'pin'}
b1159,mcrA,{'rglA'}
b1160,iraM,"{'elbA', 'elb1', 'ycgW'}"
b1162,bluR,{'ycgE'}
b1163,bluF,{'ycgF'}
b1166,ariR,{'ymgB'}
b1168,pdeG,{'ycgG'}
b1174,minE,{'minB'}
b1175,minD,{'minB'}
b1176,minC,{'minB'}
b1178,pliG,{'ycgK'}
b1182,hlyE,"{'clyA', 'ycgD', 'hpr', 'sheA'}"
b1184,umuC,{'uvm'}
b1185,dsbB,"{'roxB', 'dsbX', 'rosB', 'ycgA', 'iarB'}"
b1187,fadR,"{'oleR', 'thdB', 'ole', 'dec'}"
b1189,dadA,{'dadR'}
b1190,dadX,"{'alnB', 'alnA', 'dadB'}"
b1191,cvrA,{'ycgO'}
b1192,ldcA,{'ycgQ'}
b1193,emtA,"{'ycgP', 'sltZ', 'mltE'}"
b1195,ymgE,{'tag'}
b1197,treA,"{'osmA', 'tre'}"
b1198,dhaM,"{'dhaH', 'ptsD', 'ycgC'}"
b1199,dhaL,"{'ysgS', 'dhaK2', 'ycgS'}"
b1200,dhaK,"{'dhaK', 'ycgT'}"
b1201,dhaR,{'ycgU'}
b1203,ychF,{'gtp1'}
b1204,pth,{'rap'}
b1206,dauA,{'ychM'}
b1207,prs,"{'dnaRA', 'prs'}"
b1208,ispE,"{'ychB', 'ipk'}"
b1209,lolB,"{'ychC', 'hemM'}"
b1210,hemA,{'gtrA'}
b1211,prfA,"{'sueB', 'uar', 'ups?'}"
b1212,prmC,{'hemK'}
b1213,ychQ,{'sirB2'}
b1214,ychA,{'sirB1'}
b1220,ychO,{'ychP'}
b1221,narL,"{'narR', 'frdR'}"
b1222,narX,"{'frdR', 'narR', 'frd1'}"
b1224,narG,"{'narC', 'chlC'}"
b1225,narH,{'chlC'}
b1227,narI,{'chlI'}
b1230,tyrV,{'tyrTbeta'}
b1231,tyrT,"{'supC', 'su(c)', 'suIII', 'Su-4', 'Su-3', 'supFsupOalpha'}"
b1232,purU,"{'ychI', 'tgs'}"
b1234,rssA,{'ychK'}
b1235,rssB,"{'sprE', 'hnr', 'ychL'}"
b1236,galU,{'ychD'}
b1237,hns,"{'H1', 'drdX', 'drs', 'fimGA', 'ECK1232', 'topS', 'drc', 'hns', 'bglY', 'topX', 'msyA', 'cur', 'pilG', 'irk', 'osmZ', 'virR'}"
b1241,adhE,"{'ana', 'adhC'}"
b1249,clsA,"{'cls', 'nov', 'yciJ'}"
b1252,tonB,"{'T1rec', 'exbA'}"
b1256,ompW,{'yciD'}
b1260,trpA,"{'try', 'tryp'}"
b1262,trpC,"{'trpC', 'trpF'}"
b1263,trpD,{'trpGD'}
b1264,trpE,"{'tryD', 'tryp-4', 'anth'}"
b1265,trpL,{'trpEE'}
b1266,rnm,"{'yciV', 'trpH'}"
b1268,yciQ,{'yciP'}
b1269,rluB,{'yciL'}
b1270,btuR,{'cobA'}
b1274,topA,{'supX'}
b1276,acnA,{'acn'}
b1279,lapA,{'yciS'}
b1280,lapB,{'yciM'}
b1284,yciT,{'deoT'}
b1285,pdeR,"{'yciR', 'gmr'}"
b1288,fabI,"{'qmeA', 'envM', 'gts'}"
b1291,sapD,{'trkE'}
b1296,puuP,{'ycjJ'}
b1297,puuA,{'ycjK'}
b1298,puuD,{'ycjL'}
b1299,puuR,{'ycjC'}
b1300,puuC,{'aldH'}
b1301,puuB,"{'ordL', 'ycjA'}"
b1302,puuE,{'goaG'}
b1303,pspF,{'ycjB'}
b1304,pspA,{'cog'}
b1309,ycjM,{'ggaP'}
b1314,ycjR,{'dte'}
b1317,ycjU,{'pgmB'}
b1324,tpx,{'yzzJ'}
b1325,ycjG,{'ycjH'}
b1326,mpaA,{'ycjI'}
b1328,pgrR,{'ycjZ'}
b1329,mppA,{'ynaH'}
b1331,insH4,"{'trs5-4', 'yi52_4'}"
b1333,uspE,{'ydaA'}
b1334,fnr,"{'ossA', 'oxrA', 'nirA', 'nirR'}"
b1336,abgT,{'ydaH'}
b1337,abgB,{'ydaI'}
b1338,abgA,{'ydaJ'}
b1340,smrA,{'ydaL'}
b1341,dgcM,{'ydaM'}
b1342,zntB,{'ydaN'}
b1343,dbpA,{'rhlC'}
b1344,ttcA,{'ydaO'}
b1345,intR,{'ydaP'}
b1346,xisR,{'ydaQ'}
b1347,rcbA,{'ydaC'}
b1348,ralR,"{'ydaB', 'lar'}"
b1350,recE,"{'rac', 'sbcA', 'rmuB'}"
b1351,racC,{'sbcA'}
b1352,kilR,"{'kil', 'ydaD'}"
b1355,ydaG,{'gatA'}
b1356,racR,"{'rarC', 'ydaR'}"
b1362,rzpR,{'ydaX'}
b1368,ynaA,{'tmpR'}
b1370,insH5,"{'yi52_5', 'trs5-5'}"
b1372,stfR,{'ynaB'}
b1373,tfaR,{'ynaC'}
b1374,pinR,{'ynaD'}
b1376,uspF,"{'ynaF', 'UP03', 'yzzL'}"
b1377,ompN,{'ynaG'}
b1378,ydbK,{'pfo'}
b1379,hslJ,{'ydbI'}
b1380,ldhA,"{'htpH', 'hslF', 'hslI'}"
b1384,feaR,"{'maoX', 'maoB', 'ydbM'}"
b1385,feaB,"{'ydbG', 'padA'}"
b1386,tynA,"{'feaA', 'maoA'}"
b1387,paaZ,"{'ydbN', 'maoC'}"
b1388,paaA,{'ydbO'}
b1389,paaB,{'ynbF'}
b1390,paaC,{'ydbP'}
b1391,paaD,{'ydbQ'}
b1392,paaE,{'ydbR'}
b1393,paaF,"{'ydbR', 'ydbS'}"
b1394,paaG,{'ydbT'}
b1395,paaH,"{'ydbU', 'hbdH'}"
b1396,paaI,{'ydbV'}
b1397,paaJ,{'ydbW'}
b1399,paaX,{'ydbY'}
b1400,paaY,{'ydbZ'}
b1402,insD2,{'yi22-2'}
b1403,insC2,{'yi21-2'}
b1404,insI2,{'tra8-2'}
b1406,pdxI,{'ydbC'}
b1412,azoR,{'acpD'}
b1415,aldA,{'ald'}
b1424,opgD,"{'mdoD', 'ydcG', 'yzzZ'}"
b1432,insQ,"{'tnpB', 'ydcM'}"
b1434,sutR,{'ydcN'}
b1435,rlhA,{'ydcP'}
b1438,hicB,{'ydcQ'}
b1444,patD,"{'prr', 'ydcW'}"
b1445,ortT,{'ydcX'}
b1448,mnaT,{'yncA'}
b1449,curA,{'yncB'}
b1450,mcbR,{'yncC'}
b1453,ansP,{'yncF'}
b1459,yncI,"{'yncM', 'b1458', 'ECK1453'}"
b1461,pptA,{'ydcE'}
b1463,nhoA,{'yddI'}
b1465,narV,{'chlZ'}
b1466,narW,{'chlZ'}
b1467,narY,{'chlZ'}
b1468,narZ,{'chlZ'}
b1469,narU,{'yddF'}
b1478,adhP,{'yddN'}
b1479,maeA,{'sfcA'}
b1480,sra,{'rpsV'}
b1481,bdm,{'yddX'}
b1483,ddpF,{'yddO'}
b1484,ddpD,{'yddP'}
b1485,ddpC,{'yddQ'}
b1486,ddpB,{'yddR'}
b1487,ddpA,{'yddS'}
b1488,ddpX,"{'vanX', 'yddT'}"
b1489,dosP,"{'pdeO', 'dos', 'yddU'}"
b1490,dosC,"{'yddV', 'dgcO'}"
b1491,digH,{'yddW'}
b1492,gadC,"{'acsA', 'xasA'}"
b1494,pqqL,"{'pqqM', 'yddC', 'pqqE'}"
b1500,safA,{'yneN'}
b1505,ydeT,{'fmlC'}
b1511,lsrK,{'ydeV'}
b1512,lsrR,{'ydeW'}
b1513,lsrA,"{'ego', 'ydeX'}"
b1514,lsrC,{'ydeY'}
b1515,lsrD,{'ydeZ'}
b1516,lsrB,{'yneA'}
b1517,lsrF,{'yneB'}
b1518,lsrG,{'yneC'}
b1519,tam,"{'lsrE', 'yneD'}"
b1522,dgcF,{'yneF'}
b1524,glsB,{'yneH'}
b1525,sad,{'yneI'}
b1529,marC,"{'ydeB', 'ydeC'}"
b1530,marR,"{'soxQ', 'inaR', 'cfxB'}"
b1531,marA,"{'cfxB', 'soxQ', 'norB', 'nfxC', 'inaR'}"
b1533,eamA,{'ydeD'}
b1534,ydeE,{'ydeF'}
b1535,dgcZ,"{'ydeG', 'ydeH'}"
b1540,rspR,{'ydfH'}
b1543,ydfJ,{'ydfJ'}
b1545,pinQ,{'ydfL'}
b1546,tfaQ,{'ydfM'}
b1547,stfQ,{'ydfN'}
b1548,nohA,{'nohQ'}
b1550,gnsB,{'ydfY'}
b1552,cspI,{'cspJ'}
b1553,rzpQ,{'ydfP'}
b1554,rrrQ,{'ydfQ'}
b1556,essQ,{'ydfS'}
b1559,ydfT,{'quuQ'}
b1562,hokD,{'relF'}
b1564,relB,{'RC'}
b1567,ydfW,{'intK'}
b1569,dicC,{'ftsT'}
b1570,dicA,{'ftsT'}
b1575,dicB,{'ftsT'}
b1578,insD7,{'insD'}
b1591,dmsD,{'ynfI'}
b1592,clcB,"{'ynfJ', 'mriT'}"
b1593,bidA,{'ynfK'}
b1594,mlc,{'dgsA'}
b1596,ynfM,{'yzyC'}
b1599,mdtI,{'ydgE'}
b1600,mdtJ,{'ydgF'}
b1601,tqsA,{'ydgG'}
b1605,ydgI,{'arcD'}
b1606,folM,{'ydgB'}
b1608,rstA,{'urpT'}
b1609,rstB,{'uspT'}
b1610,tus,{'tau'}
b1613,manA,{'pmi'}
b1615,uidC,{'gusC'}
b1616,uidB,"{'gusB', 'uidP'}"
b1617,uidA,"{'gusA', 'gurA'}"
b1618,uidR,{'gusR'}
b1619,hdhA,"{'hsd', 'hsdH'}"
b1625,cnu,{'ydgT'}
b1626,ydgK,{'rsxP'}
b1627,rsxA,{'ydgL'}
b1628,rsxB,{'ydgM'}
b1629,rsxC,{'ydgN'}
b1630,rsxD,{'ydgO'}
b1631,rsxG,{'ydgP'}
b1632,rsxE,{'ydgQ'}
b1634,dtpA,"{'ydgR', 'tppB'}"
b1635,gstA,{'gst'}
b1636,pdxY,{'ydgS'}
b1639,mliC,{'ydhA'}
b1640,anmK,{'ydhH'}
b1649,nemR,{'ydhM'}
b1650,nemA,{'ydhN'}
b1653,lhr,{'rhlF'}
b1654,grxD,{'ydhD'}
b1655,mepH,{'ydhO'}
b1659,punR,{'ydhB'}
b1660,punC,{'ydhC'}
b1661,cfa,{'cdfA'}
b1662,ribC,{'ribE'}
b1663,mdtK,"{'norM', 'norE', 'ydhE'}"
b1675,fumD,{'ydhZ'}
b1677,lpp,{'mlpA'}
b1678,ldtE,{'ynhG'}
b1679,sufE,{'ynhA'}
b1680,sufS,"{'ynhB', 'csdB'}"
b1681,sufD,{'ynhC'}
b1682,sufC,{'ynhD'}
b1683,sufB,{'ynhE'}
b1684,sufA,{'ydiC'}
b1686,menI,{'ydiI'}
b1701,fadK,{'ydiD'}
b1702,ppsA,{'pps'}
b1703,ppsR,{'ydiA'}
b1706,selO,{'ydiU'}
b1707,rflP,{'ydiV'}
b1712,ihfA,"{'hid', 'himA'}"
b1714,pheS,{'phe-act'}
b1715,pheM,{'phtL'}
b1716,rplT,{'pdzA'}
b1718,infC,"{'srjA', 'fit'}"
b1727,hxpB,{'yniC'}
b1729,tcyP,{'ydjN'}
b1731,cedA,{'ydjP'}
b1733,chbG,"{'ydjC', 'celG'}"
b1734,chbF,"{'celF', 'ydjD'}"
b1735,chbR,{'celD'}
b1736,chbA,{'celC'}
b1737,chbC,"{'hic', 'celB'}"
b1738,chbB,{'celA'}
b1739,osmE,{'anr'}
b1740,nadE,"{'efg', 'ntrL'}"
b1741,cho,{'ydjQ'}
b1742,ves,{'ydjR'}
b1744,astE,{'ydjS'}
b1745,astB,{'ydjT'}
b1746,astD,{'ydjU'}
b1747,astA,{'ydjV'}
b1748,astC,"{'cstC', 'ydjW', 'argM'}"
b1749,xthA,{'xth'}
b1759,nudG,"{'orf135', 'ynjG'}"
b1763,topB,{'mutR'}
b1764,selD,{'fdhB'}
b1768,pncA,"{'nam', 'ydjB'}"
b1778,msrB,{'yeaA'}
b1779,gapA,"{'gap1', 'gad'}"
b1780,yeaD,{'yzzQ'}
b1782,mipA,{'yeaF'}
b1785,cdgI,{'yeaI'}
b1786,dgcJ,{'yeaJ'}
b1790,nimR,{'yeaM'}
b1791,nimT,{'yeaN'}
b1794,dgcP,{'yeaP'}
b1798,leuE,{'yeaS'}
b1799,dmlR,{'yeaT'}
b1800,dmlA,"{'ttuC', 'yeaU'}"
b1805,fadD,{'oldD'}
b1807,tsaB,{'yeaZ'}
b1813,nudL,{'yeaB'}
b1815,pdeD,{'yoaD'}
b1817,manX,"{'mpt', 'ptsX', 'ptsL', 'gptB'}"
b1818,manY,"{'ptsP', 'pel', 'ptsX'}"
b1819,manZ,"{'mpt', 'ptsM', 'ptsX', 'gptB'}"
b1821,mntP,{'yebN'}
b1822,rlmA,"{'rrmA', 'yebH'}"
b1823,cspC,{'msmB'}
b1826,mgrB,{'yobG'}
b1827,kdgR,{'yebP'}
b1830,prc,{'tsp'}
b1831,proQ,"{'yobE', 'yoeC', 'yebJ'}"
b1832,msrC,{'yebR'}
b1833,letA,{'yebS'}
b1834,letB,{'yebT'}
b1835,rsmF,{'yebU'}
b1838,pphA,"{'yebX', 'prpA'}"
b1844,exoX,{'yobC'}
b1845,ptrB,{'tlp'}
b1850,eda,"{'kga', 'kdgA', 'hga'}"
b1853,yebK,{'hexR(P.a.)'}
b1855,lpxM,"{'waaN', 'mlt', 'msbB'}"
b1856,mepM,{'yebA'}
b1857,znuA,"{'yzzP', 'yebL'}"
b1858,znuC,{'yebM'}
b1859,znuB,{'yebI'}
b1865,nudB,"{'yebD', 'ntpA'}"
b1866,aspS,{'tls'}
b1870,cmoA,{'yecO'}
b1871,cmoB,{'yecP'}
b1872,torZ,{'bisZ'}
b1873,torY,{'yecK'}
b1875,yecM,{'yecL'}
b1876,argS,"{'lov', 'lov-1'}"
b1879,flhA,{'flaH'}
b1880,flhB,"{'yecQ', 'flaG'}"
b1884,cheR,{'cheX'}
b1886,tar,{'cheM'}
b1889,motB,{'flaJ'}
b1890,motA,{'flaJ'}
b1891,flhC,{'flaI'}
b1892,flhD,{'flbB'}
b1895,uspC,{'yecG'}
b1897,otsB,{'otsP'}
b1902,ftnB,{'yecI'}
b1905,ftnA,"{'rsgA', 'gen-165', 'ftn'}"
b1911,glyW,"{'suA58', 'mutC', 'suA78', 'ins'}"
b1914,uvrY,{'yecB'}
b1917,tcyN,{'yecC'}
b1918,tcyL,{'yecS'}
b1919,dcyD,{'yedO'}
b1920,tcyJ,"{'ssi7', 'fliY', 'yzzR'}"
b1921,fliZ,{'yedH'}
b1922,fliA,"{'rpoF', 'flaD'}"
b1923,fliC,"{'hag', 'flaF', 'H'}"
b1924,fliD,"{'flbC', 'rfs'}"
b1927,amyA,{'yedC'}
b1931,yedK,{'yedG'}
b1937,fliE,"{'fla', 'flaN', 'flaAI'}"
b1938,fliF,"{'flaBI', 'flaAII.1'}"
b1939,fliG,"{'flaBII', 'flaAII.2'}"
b1940,fliH,"{'flaBIII', 'flaAII.3'}"
b1941,fliI,"{'fla', 'flaC', 'flaAIII'}"
b1942,fliJ,{'flaO'}
b1943,fliK,{'flaE'}
b1944,fliL,"{'flaAI', 'cheC1', 'flaQI'}"
b1945,fliM,"{'fla', 'flaAII', 'flaQII', 'flaA', 'flaQ', 'cheC2'}"
b1946,fliN,{'motD'}
b1947,fliO,{'flbD'}
b1948,fliP,{'flaR'}
b1949,fliQ,{'flaQ'}
b1950,fliR,{'flaP'}
b1951,rcsA,{'cpsR'}
b1956,dgcQ,{'yedQ'}
b1961,dcm,{'mec'}
b1963,drpB,{'yedR'}
b1967,hchA,"{'yzzC', 'yedU'}"
b1968,hprS,{'yedV'}
b1969,hprR,{'yedW'}
b1970,hiuH,{'yedX'}
b1971,msrP,{'yedY'}
b1972,msrQ,{'yedZ'}
b1973,zinT,{'yodA'}
b1975,serU,"{'supH', 'supD', 'ftsM', 'Su-1', 'su1'}"
b1976,mtfA,{'yeeI'}
b1981,shiA,{'yeeM'}
b1990,ldtA,"{'yeeG', 'erfK', 'yzzT'}"
b1994,insH6,"{'yi52_6', 'trs5-6'}"
b1996,insD3,{'yi22-3'}
b1997,insC3,{'yi21-3'}
b2000,flu,"{'yzzX', 'yeeQ', 'agn43', 'agn'}"
b2004,cbeA,{'yeeU'}
b2005,cbtA,{'yeeV'}
b2007,tmaR,{'yeeX'}
b2009,sbmC,"{'yeeB', 'dgi', 'gyrI'}"
b2010,dacD,"{'phsE', 'yeeC'}"
b2011,sbcB,"{'rmuA', 'xonA', 'cpeA', 'exoI'}"
b2012,tsuB,{'yeeD'}
b2013,tsuA,{'yeeE'}
b2014,plaP,{'yeeF'}
b2026,hisI,"{'hisI', 'hisEE'}"
b2027,wzzB,"{'wzz', 'rol', 'cld'}"
b2028,ugd,"{'udg', 'pmrE', 'yefA', 'UDG8'}"
b2030,insH7,"{'yi52_7', 'trs5-7'}"
b2032,wbbK,{'yefI'}
b2033,wbbJ,{'yefH'}
b2034,wbbI,{'yefG'}
b2035,wbbH,"{'rfc', 'yefF'}"
b2036,glf,{'yefE'}
b2037,rfbX,"{'wzx', 'wzxB'}"
b2038,rfbC,"{'rmlC', 'rfbD'}"
b2039,rfbA,"{'rmlA', 'som'}"
b2040,rfbD,{'rmlD'}
b2041,rfbB,"{'rmlB', 'som'}"
b2042,galF,"{'wcaN', 'yefG'}"
b2043,wcaM,{'yefK'}
b2044,wcaL,{'yefL'}
b2046,wzxC,{'wzx'}
b2048,cpsG,"{'manB', 'rfbK'}"
b2049,cpsB,"{'mni', 'manC', 'rfbM'}"
b2050,wcaI,{'yefD'}
b2051,gmm,"{'wcaH', 'yefC', 'nudD'}"
b2052,fcl,"{'yefB', 'wcaG'}"
b2053,gmd,"{'yefN', 'yefA'}"
b2064,asmA,{'yegA'}
b2065,dcd,"{'dus', 'paxA'}"
b2067,dgcE,{'yegE'}
b2068,alkA,{'aidA'}
b2072,pphC,{'yegK'}
b2074,mdtA,{'yegM'}
b2075,mdtB,{'yegN'}
b2076,mdtC,{'yegO'}
b2077,mdtD,"{'iceT', 'yegB'}"
b2081,trhP,{'yegQ'}
b2089,insF5,{'tra5-4'}
b2096,gatY,{'yegF'}
b2097,fbaB,{'dhnA'}
b2103,thiD,"{'thiJ', 'thiA'}"
b2105,rcnR,{'yohL'}
b2106,rcnA,{'yohM'}
b2107,rcnB,{'yohN'}
b2115,yehF,"{'dinO', 'sosF', 'molR_1'}"
b2120,yehM,"{'yehN', 'yehO'}"
b2125,btsR,{'yehT'}
b2126,btsS,{'yehU'}
b2127,mlrA,{'yehV'}
b2131,osmF,{'yehZ'}
b2132,bglX,"{'yohA', 'glh'}"
b2133,dld,{'ldh'}
b2134,pbpG,{'yohB'}
b2137,yohF,{'yohE'}
b2139,mdtQ,"{'ECK2132', 'b2138', 'yohG', 'yohH'}"
b2140,dusC,{'yohI'}
b2144,sanA,"{'yeiF', 'sfiXSt'}"
b2146,preT,{'yeiT'}
b2147,preA,{'yeiA'}
b2148,mglC,{'mglP'}
b2149,mglA,"{'mgl', 'mglP'}"
b2151,galS,{'mglD'}
b2155,cirA,"{'cir', 'feuA'}"
b2156,lysP,{'cadR'}
b2161,nupX,{'yeiJ'}
b2162,rihB,{'yeiK'}
b2164,psuT,"{'pscT', 'yeiM'}"
b2165,psuG,"{'yeiN', 'pscG'}"
b2166,psuK,"{'pscK', 'yeiC'}"
b2167,fruA,{'ptsF'}
b2168,fruK,{'fpk'}
b2169,fruB,"{'fruF', 'fpr'}"
b2170,setB,{'yeiO'}
b2174,lpxT,{'yeiU'}
b2175,mepS,"{'spr', 'yeiV'}"
b2176,pdeN,{'rtn'}
b2182,bcr,"{'suxA', 'bicR', 'sur', 'bicA'}"
b2183,rsuA,{'yejD'}
b2184,radD,"{'yejI', 'yejH', 'yejJ'}"
b2186,yejK,{'ndpA'}
b2188,lapC,"{'yejN', 'pbgA', 'yejM'}"
b2189,proL,{'proW'}
b2192,insH8,"{'yi52_8', 'trs5-8'}"
b2194,ccmH,{'yejP'}
b2195,ccmG,"{'dsbE', 'yejQ'}"
b2196,ccmF,{'yejR'}
b2197,ccmE,{'yejS'}
b2198,ccmD,{'yojM'}
b2199,ccmC,"{'yejU', 'yejT'}"
b2200,ccmB,{'yejV'}
b2201,ccmA,{'yejW'}
b2202,napC,{'yejX'}
b2203,napB,{'yejY'}
b2204,napH,{'yejZ'}
b2205,napG,"{'yojA', 'yojB'}"
b2206,napA,"{'yojC', 'yojE', 'yojD'}"
b2207,napD,{'yojF'}
b2208,napF,{'yojG'}
b2209,eco,{'eti'}
b2210,mqo,{'yojH'}
b2211,yojI,{'yojJ'}
b2212,alkB,{'aidD'}
b2214,ftp,"{'yojK', 'apbE', 'yojL'}"
b2215,ompC,"{'par', 'meoA'}"
b2216,rcsD,"{'yojQ', 'yojN', 'yojP'}"
b2230,yfaA,{'pufY'}
b2231,gyrA,"{'norA', 'nfxA', 'hisW', 'nalA', 'parD'}"
b2232,ubiG,"{'yfaB', 'pufX'}"
b2233,yfaL,"{'yfaJ', 'yfaK', 'yfaF'}"
b2234,nrdA,{'dnaF'}
b2235,nrdB,{'ftsB'}
b2237,inaA,{'yfaG'}
b2242,glpB,{'psi-51'}
b2244,rpnE,{'yfaD'}
b2247,rhmD,{'yfaW'}
b2251,nudI,{'yfaO'}
b2252,ais,"{'pagH', 'pmrG'}"
b2253,arnB,"{'pmrH', 'yfbE'}"
b2254,arnC,"{'pmrF', 'yfbF'}"
b2255,arnA,"{'pmrI', 'yfbG', 'SAF'}"
b2256,arnD,"{'pmrJ', 'yfbH'}"
b2257,arnT,"{'pmrK', 'yfbI'}"
b2258,arnF,{'yfbJ'}
b2263,menH,{'yfbB'}
b2265,menF,{'yfbA'}
b2266,elaB,{'yfbD'}
b2267,elaA,{'yfbC'}
b2268,rbn,"{'zipD', 'elaC', 'rnz', 'ecoZ'}"
b2277,nuoM,{'nuoA'}
b2286,nuoC,{'nuoD'}
b2289,lrhA,{'genR'}
b2290,alaA,{'yfbQ'}
b2293,hxpA,{'yfbT'}
b2305,rpnB,{'yfcI'}
b2311,ubiX,{'dedF'}
b2312,purF,"{'ade', 'purC'}"
b2313,cvpA,{'dedE'}
b2315,folC,{'dedC'}
b2316,accD,"{'usg', 'dedB'}"
b2318,truA,"{'leuK', 'hisT', 'asuC'}"
b2319,usg,{'usg'}
b2320,pdxB,{'usg-2'}
b2321,flk,{'div'}
b2323,fabB,{'fabC'}
b2324,mnmC,"{'trmC', 'yfcK'}"
b2326,epmC,{'yfcM'}
b2330,prmB,{'yfcB'}
b2331,smrB,{'yfcN'}
b2340,sixA,{'yfcW'}
b2341,fadJ,{'yfcX'}
b2342,fadI,{'yfcY'}
b2344,fadL,{'ttr'}
b2346,mlaA,{'vacJ'}
b2349,intS,"{'intC', 'yfdB'}"
b2350,yfdG,{'gtrA'}
b2351,yfdH,{'gtrB'}
b2352,yfdI,"{'gtrS', 'gtrIV'}"
b2353,tfaS,{'yfdJ'}
b2356,yfdM,{'yzyB'}
b2357,yfdN,{'yzyA'}
b2358,yfdO,{'oweS'}
b2365,dsdX,"{'yfdD', 'dsdC', 'yfdA'}"
b2373,oxc,{'yfdU'}
b2374,frc,{'yfdW'}
b2378,lpxP,{'ddg'}
b2379,alaC,{'yfdZ'}
b2380,pyrS,{'ypdA'}
b2381,pyrR,{'ypdB'}
b2383,fryA,{'ypdD'}
b2386,fryC,{'ypdG'}
b2387,fryB,{'ypdH'}
b2392,mntH,"{'mntA', 'yfeP'}"
b2393,nupC,{'cru'}
b2394,insL3,{'yi81-3'}
b2395,pdeA,{'yfeA'}
b2396,alaX,{'alaWbeta'}
b2400,gltX,"{'gluRS', 'gltM'}"
b2402,valX,"{'valU-beta', 'valUbeta'}"
b2403,valY,{'valUgamma'}
b2404,lysV,{'supN'}
b2405,xapR,"{'yfeB', 'pndR', 'pRndR'}"
b2407,xapA,{'pndA'}
b2411,ligA,"{'pdeC', 'dnaL', 'lig', 'lop'}"
b2414,cysK,{'ssi5'}
b2415,ptsH,"{'hpr', 'ctr'}"
b2416,ptsI,{'ctr'}
b2417,crr,"{'treD', 'iex', 'gsr', 'tgs'}"
b2418,pdxK,"{'pdxL', 'yfeI'}"
b2424,cysU,{'cysT'}
b2426,ucpA,{'yfeF'}
b2427,murR,{'yfeT'}
b2428,murQ,{'yfeU'}
b2429,murP,{'yfeV'}
b2435,amiA,{'yfeE'}
b2436,hemF,"{'sec', 'popB'}"
b2437,eutR,{'yfeG'}
b2438,eutK,{'yffI'}
b2439,eutL,{'yffJ'}
b2451,eutA,{'yffT'}
b2452,eutH,{'yffU'}
b2453,eutG,{'yffV'}
b2454,eutJ,{'yffW'}
b2455,eutE,{'yffX'}
b2456,eutN,"{'yffY', 'cchB'}"
b2457,eutM,"{'cchA', 'yffZ'}"
b2458,eutD,"{'eutI', 'ypfA'}"
b2459,eutT,{'ypfB'}
b2460,eutQ,{'ypfC'}
b2461,eutP,{'ypfD'}
b2462,eutS,{'ypfE'}
b2463,maeB,{'ypfF'}
b2467,nudK,{'yffH'}
b2468,aegA,{'yffG'}
b2470,acrD,{'yffA'}
b2472,dapE,{'msgB'}
b2474,tmcA,{'ypfI'}
b2476,purC,"{'ade', 'ade(g)'}"
b2477,bamC,"{'nlpB', 'dapX'}"
b2479,gcvR,{'yffD'}
b2481,hyfA,{'yffE'}
b2482,hyfB,{'yffF'}
b2493,yfgO,{'perM'}
b2494,bepA,{'yfgC'}
b2496,hda,"{'idaB', 'yfgE'}"
b2498,upp,{'uraP'}
b2499,purM,"{'purI', 'purG'}"
b2500,purN,"{'ade(c)', 'ade'}"
b2503,pdeF,{'yfgF'}
b2508,guaB,{'guaR'}
b2509,xseA,{'xse'}
b2511,der,"{'engA', 'yfgK'}"
b2512,bamB,{'yfgL'}
b2515,ispG,{'gcpE'}
b2516,rodZ,{'yfgA'}
b2517,rlmN,{'yfgB'}
b2519,pbpC,{'yfgN'}
b2521,sseA,{'mstA'}
b2523,pepB,{'yfhI'}
b2524,iscX,{'yfhJ'}
b2526,hscA,{'hsc'}
b2527,hscB,{'yfhE'}
b2528,iscA,{'yfhF'}
b2529,iscU,"{'yfhN', 'nifU'}"
b2530,iscS,"{'yzzO', 'nuvC', 'yfhO'}"
b2531,iscR,{'yfhP'}
b2532,trmJ,{'yfhQ'}
b2533,suhB,{'ssyA'}
b2535,csiE,{'csi-16'}
b2536,hcaT,{'yfhS'}
b2537,hcaR,"{'phdR', 'yfhT'}"
b2538,hcaE,"{'digA', 'phdC1', 'hcaA1', 'yfhU', 'hcaA'}"
b2539,hcaF,"{'hcaB', 'hcaA2', 'digB', 'yfhV', 'hcaA', 'phdC2'}"
b2540,hcaC,"{'yfhW', 'hcaa3', 'phdB'}"
b2541,hcaB,"{'yfhX', 'phdD'}"
b2542,hcaD,"{'hcaa4', 'yfhY', 'phdA'}"
b2552,hmp,"{'hmp', 'fsrBA'}"
b2554,glrR,"{'yfhA', 'qseF'}"
b2555,qseG,{'yfhG'}
b2556,glrK,"{'qseE', 'yfhZ', 'yfhK'}"
b2557,purL,{'purI'}
b2558,mltF,{'yfhD'}
b2559,tadA,{'yfhC'}
b2560,pgpC,{'yfhB'}
b2563,acpS,{'dpj'}
b2566,era,"{'sdgE', 'rbaA'}"
b2568,lepB,{'lep'}
b2572,rseA,"{'mclA', 'yfiJ'}"
b2573,rpoE,{'sigE'}
b2574,nadB,"{'nic', 'nicB'}"
b2575,yfiC,{'trmM'}
b2576,srmB,"{'rbaB', 'rhlA'}"
b2578,eamB,{'yfiK'}
b2579,grcA,{'yfiD'}
b2582,trxC,{'yfiG'}
b2583,tapT,"{'tuaA', 'yfiP'}"
b2584,patZ,"{'pka', 'yfiQ'}"
b2585,pssA,{'pss'}
b2587,kgtP,{'witA'}
b2592,clpB,{'htpM'}
b2593,yfiH,{'pgeF'}
b2594,rluD,"{'sfhB', 'yfiI'}"
b2595,bamD,"{'yfiO', 'ecfD'}"
b2597,raiA,"{'pY', 'urf1', 'yfiA'}"
b2598,pheL,{'pheAE'}
b2604,dgcN,{'yfiN'}
b2608,rimM,{'yfjA'}
b2615,nadK,"{'yfjB', 'yfjE'}"
b2616,recN,{'radB'}
b2617,bamE,"{'smqA', 'smpA'}"
b2618,yfjF,{'ratB'}
b2619,ratA,{'yfjG'}
b2620,smpB,{'smqB'}
b2621,ssrA,{'sipB'}
b2622,intA,"{'intX', 'slpA'}"
b2627,abpB,{'yfjK'}
b2628,abpA,{'yfjL'}
b2630,rnlA,"{'std', 'yfjN'}"
b2631,rnlB,{'yfjO'}
b2641,yfjV,"{'ECK2637', 'ECK2636', 'b2640', 'ypjM', 'ypjL', 'b2639'}"
b2648,pinH,{'ypjG'}
b2659,glaH,"{'csi-12', 'ygaT', 'csiD'}"
b2660,lhgD,"{'ygaF', 'lhgO'}"
b2664,glaR,"{'gabC', 'csiR', 'ygaE'}"
b2665,kbp,"{'ygaU', 'yzzM'}"
b2669,stpA,{'hnsB'}
b2670,alaE,{'ygaW'}
b2673,nrdH,{'ygaN'}
b2674,nrdI,{'ygaO'}
b2676,nrdF,{'ygaD'}
b2677,proV,"{'osrA', 'proU'}"
b2678,proW,"{'osrA', 'proU'}"
b2679,proX,"{'osrA', 'proU'}"
b2681,ygaY,"{'ygaX', 'b2680', 'ECK2675'}"
b2684,mprA,{'emrR'}
b2687,luxS,{'ygaG'}
b2688,gshA,{'gsh-I'}
b2691,argQ,{'argVdelta'}
b2692,argZ,{'argVgamma'}
b2693,argY,{'argVbeta'}
b2695,serV,{'supD'}
b2696,csrA,{'zfiA'}
b2697,alaS,"{'lovB', 'ala-act', 'act'}"
b2698,recX,{'oraA'}
b2699,recA,"{'srf', 'rnmB', 'recH', 'zab', 'umuB', 'tif', 'lexB'}"
b2700,pncC,{'ygaD'}
b2701,mltB,{'slt'}
b2702,srlA,"{'srlA', 'sbl-1', 'gutA'}"
b2703,srlE,"{'sbl', 'gutE', 'srlA', 'srlA-2', 'gutA'}"
b2704,srlB,{'gutB'}
b2705,srlD,{'gutD'}
b2706,gutM,"{'srlM', 'gut'}"
b2707,srlR,{'gutR'}
b2708,gutQ,{'srlQ'}
b2709,norR,{'ygaA'}
b2710,norV,"{'ygaJ', 'ygaI', 'ygaK'}"
b2711,norW,"{'ygbD', 'ygaL'}"
b2712,hypF,{'hydA'}
b2714,ascG,{'sac'}
b2715,ascF,{'sac'}
b2716,ascB,{'sac'}
b2718,hycH,{'hevH'}
b2719,hycG,{'hevG'}
b2720,hycF,{'hevF'}
b2721,hycE,{'hevE'}
b2722,hycD,{'hevD'}
b2723,hycC,{'hevC'}
b2724,hycB,{'hevB'}
b2725,hycA,{'hevA'}
b2727,hypB,{'hydB'}
b2729,hypD,{'hydF'}
b2730,hypE,{'hydB'}
b2731,fhlA,{'fhl'}
b2733,mutS,"{'ant', 'fdv', 'plm'}"
b2734,pphB,"{'prpB', 'ygbH'}"
b2741,rpoS,"{'nur', 'dpeB', 'appR', 'sigS', 'abrD', 'katF', 'otsX', 'csi2'}"
b2744,umpG,"{'surE', 'ygbC'}"
b2745,truD,{'ygbO'}
b2746,ispF,{'ygbB'}
b2747,ispD,{'ygbP'}
b2748,ftsB,{'ygbQ'}
b2754,cas2,{'ygbF'}
b2755,cas1,{'ygbT'}
b2756,casE,"{'cas6e', 'ygcH', 'cse3'}"
b2757,casD,"{'ygcI', 'cas5e'}"
b2758,casC,"{'ygcJ', 'cse4', 'cas7'}"
b2759,casB,"{'cse2', 'ygcK'}"
b2760,casA,"{'cse1', 'ygcL'}"
b2761,cas3,{'ygcB'}
b2765,queD,"{'ygcM', 'sscR'}"
b2775,yqcE,{'yqcF'}
b2777,queE,{'ygcF'}
b2782,mazF,"{'chpA', 'chpAK'}"
b2783,mazE,"{'chpR', 'chpAI'}"
b2784,relA,{'RC'}
b2785,rlmD,"{'ygcA', 'rumA'}"
b2786,barA,{'airS'}
b2787,gudD,{'ygcX'}
b2788,gudX,{'ygcY'}
b2789,gudP,"{'gudT', 'ygcZ'}"
b2791,truC,{'yqcB'}
b2793,syd,{'ydr'}
b2794,queF,{'yqcD'}
b2795,ppnN,{'ygdH'}
b2796,sdaC,{'dcrA'}
b2798,ygdG,"{'exo', 'xni'}"
b2800,fucA,"{'fucC', 'prd'}"
b2806,rlmM,{'ygdE'}
b2810,csdA,{'ygdJ'}
b2811,csdE,{'ygdK'}
b2812,tcdA,"{'csdL', 'ygdL'}"
b2813,mltA,"{'ygdM', 'mlt'}"
b2816,metV,"{'metZb', 'metX', 'metZbeta', 'metZ-beta'}"
b2817,amiC,{'ygdN'}
b2818,argA,"{'ECK2814', 'Arg2'}"
b2819,recD,{'hopE'}
b2820,recB,"{'ior', 'rorA'}"
b2821,ptrA,{'ptr'}
b2823,ppdC,{'ygdA'}
b2825,ppdB,{'ygdC'}
b2828,lgt,{'umpA'}
b2829,ptsP,"{'ygdO', 'ygdF'}"
b2830,rppH,"{'nudH', 'ygdP'}"
b2831,mutH,"{'prv', 'mutR'}"
b2834,tas,{'ygdS'}
b2835,lplT,{'ygeD'}
b2837,galR,{'Rgal'}
b2842,kduD,"{'yqeD', 'ygeC'}"
b2843,kduI,{'yqeE'}
b2854,pbl,{'ygeJ'}
b2858,ygeN,"{'ECK2856', 'ygeM', 'b2857'}"
b2860,insD4,{'yi22-4'}
b2861,insC4,{'yi21-4'}
b2864,glyU,"{'supT', 'sumB', 'suA36', 'sumA', 'sufD'}"
b2865,actS,{'ygeR'}
b2866,xdhA,{'ygeS'}
b2867,xdhB,{'ygeT'}
b2868,xdhC,{'ygeU'}
b2873,hyuA,{'ygeZ'}
b2877,mocA,{'ygfJ'}
b2879,ssnA,{'ygfL'}
b2881,xdhD,{'ygfN'}
b2882,xanQ,{'ygfO'}
b2883,guaD,{'ygfP'}
b2888,uacT,{'ygfU'}
b2889,idi,{'ygfV'}
b2890,lysS,"{'herC', 'asuD'}"
b2891,prfB,{'supK'}
b2893,dsbC,{'xprA'}
b2894,xerD,{'xprB'}
b2896,ygfX,{'cptA'}
b2897,sdhE,"{'cptB', 'ygfY'}"
b2898,ygfZ,{'yzzW'}
b2901,bglA,"{'bglD', 'yqfC'}"
b2902,ygfF,{'yqfD'}
b2904,gcvH,{'gcv'}
b2906,ubiI,{'visC'}
b2907,ubiH,"{'visB', 'acd'}"
b2910,zapA,{'ygfE'}
b2911,ssrS,{'ssr'}
b2912,fau,{'ygfA'}
b2914,rpiA,{'ygfC'}
b2916,argP,{'iciA'}
b2917,scpA,"{'yliK', 'sbm'}"
b2918,argK,{'ygfD'}
b2919,scpB,{'ygfG'}
b2920,scpC,{'ygfH'}
b2923,argO,{'yggA'}
b2924,mscS,{'yggB'}
b2925,fbaA,"{'fda', 'fba', 'ald'}"
b2927,epd,"{'gapB', 'gap2'}"
b2929,fumE,{'yggD'}
b2930,yggF,{'yggK'}
b2934,cmtB,{'tolM'}
b2935,tktA,{'tkt'}
b2936,loiP,{'yggG'}
b2942,metK,{'metX'}
b2943,galP,{'Pgal'}
b2944,yggI,{'sprT'}
b2946,rsmE,{'yggJ'}
b2947,gshB,{'gsh-II'}
b2954,rdgB,{'yggV'}
b2955,hemW,{'yggW'}
b2958,yggN,{'ecfF'}
b2960,trmB,"{'yggH', 'trmI'}"
b2961,mutY,{'micA'}
b2963,mltC,{'yggZ'}
b2964,nupG,{'gru'}
b2967,pheV,{'pheC'}
b2968,yghD,{'ecfC'}
b2969,yghE,{'ecfB'}
b2970,yghF,{'ecfA'}
b2972,pppA,{'yghH'}
b2975,glcA,{'yghK'}
b2976,glcB,{'glc'}
b2977,glcG,{'yghC'}
b2979,glcD,"{'yghM', 'gox'}"
b2980,glcC,{'yghN'}
b2982,insH9,"{'trs5-9', 'yi52_9'}"
b2988,gss,{'gsp'}
b2996,hybA,{'hydL'}
b2997,hybO,{'yghV'}
b3001,gpr,"{'yghZ', 'mgrA'}"
b3012,dkgA,{'yqhE'}
b3013,yqhG,{'yqhF'}
b3017,ftsP,"{'sui', 'sufI'}"
b3018,plsC,{'parF'}
b3021,mqsA,{'ygiT'}
b3022,mqsR,{'ygiU'}
b3024,ygiW,{'visP'}
b3025,qseB,{'ygiX'}
b3026,qseC,{'ygiY'}
b3028,mdaB,{'mda66'}
b3030,parE,{'nfxD'}
b3031,yqiA,{'yzzI'}
b3032,cpdA,{'icc'}
b3033,yqiB,{'yzzH'}
b3034,nudF,"{'aspP', 'trgB', 'yqiE'}"
b3035,tolC,"{'mukA', 'weeA', 'toc', 'colE1-i', 'refI', 'mtcB'}"
b3040,zupT,{'ygiE'}
b3041,ribB,"{'htrP', 'luxH-l', 'luxH'}"
b3042,ubiK,{'yqiC'}
b3044,insC5,{'yi21-5'}
b3045,insD5,{'yi22-5'}
b3049,glgS,{'scoR'}
b3052,hldE,"{'rfaE', 'yqiF', 'waaE', 'gmhC'}"
b3055,ygiM,"{'htrG', 'ecfG'}"
b3057,bacA,{'uppP'}
b3058,folB,{'ygiG'}
b3059,plsY,{'ygiH'}
b3060,ttdR,"{'dan', 'ygiP'}"
b3061,ttdA,{'ygjA'}
b3062,ttdB,{'ygjB'}
b3063,ttdT,"{'ygjE', 'ygjC'}"
b3064,tsaD,"{'ygjD', 'gcp'}"
b3066,dnaG,"{'parB', 'dnaP', 'sdgA'}"
b3067,rpoD,{'alt'}
b3068,mug,{'ygjF'}
b3070,nfeF,{'yqjH'}
b3071,nfeR,{'yqjI'}
b3072,aer,"{'yqjJ', 'air'}"
b3073,patA,"{'oat', 'ygjG', 'pat'}"
b3081,fadH,{'ygjL'}
b3082,higA,{'ygjM'}
b3083,higB,{'ygjN'}
b3084,rlmG,{'ygjO'}
b3088,alx,{'ygjT'}
b3089,sstT,{'ygjU'}
b3091,uxaA,{'ygjW'}
b3092,uxaC,"{'ygjZ', 'ygjY', 'ygjX'}"
b3095,yqjA,{'ecfL'}
b3096,mzrA,"{'ecfM', 'yqjB'}"
b3110,cyuP,"{'yhaO', 'dlsT'}"
b3113,tdcF,{'yhaR'}
b3114,tdcE,{'yhaS'}
b3115,tdcD,{'yhaA'}
b3117,tdcB,{'tdc'}
b3124,garK,{'yhaD'}
b3125,garR,{'yhaE'}
b3126,garL,{'yhaF'}
b3127,garP,{'yhaU'}
b3128,garD,{'yhaG'}
b3129,prlF,"{'prlF', 'sohA'}"
b3131,agaR,{'yhaW'}
b3132,kbaZ,"{'agaZ', 'yhaX'}"
b3133,agaV,{'yhaY'}
b3134,agaW,{'yhaZ'}
b3135,agaA,{'yraA'}
b3136,agaS,{'yraB'}
b3137,kbaY,"{'agaY', 'yraC', 'kba'}"
b3138,agaB,{'yraD'}
b3139,agaC,{'yraE'}
b3140,agaD,{'yraF'}
b3141,agaI,{'yraG'}
b3146,rsmI,{'yraL'}
b3147,lpoA,{'yraM'}
b3149,diaA,{'yraO'}
b3150,dolP,"{'yraP', 'ecfH'}"
b3157,ubiT,{'yhbT'}
b3158,ubiU,{'yhbU'}
b3159,ubiV,{'yhbV'}
b3162,deaD,"{'rhlD', 'csdA', 'mssB'}"
b3163,nlpI,{'yhbM'}
b3164,pnp,{'bfl'}
b3165,rpsO,{'secC'}
b3166,truB,{'yhbA'}
b3167,rbfA,"{'yhbB', 'sdr-43'}"
b3168,infB,{'ssyG'}
b3170,rimP,{'yhbC'}
b3175,secG,{'prlH'}
b3176,glmM,"{'yhbF', 'mrsA'}"
b3177,folP,{'dhpS'}
b3178,ftsH,"{'hflB', 'tolZ', 'std', 'mrsC'}"
b3179,rlmE,"{'rrmJ', 'ftsJ', 'mrsF'}"
b3183,obgE,"{'cgtA', 'obg', 'yhbZ'}"
b3185,rpmA,{'rpz'}
b3187,ispB,"{'yhbD', 'cel'}"
b3188,sfsB,"{'nlp', 'sfs7'}"
b3189,murA,"{'murZ', 'mrbA'}"
b3190,ibaG,{'yrbA'}
b3191,mlaB,{'yrbB'}
b3192,mlaC,{'yrbC'}
b3193,mlaD,{'yrbD'}
b3194,mlaE,{'yrbE'}
b3195,mlaF,{'yrbF'}
b3197,kdsD,{'yrbH'}
b3198,kdsC,"{'yrbJ', 'yrbI'}"
b3199,lptC,{'yrbK'}
b3200,lptA,{'yhbN'}
b3201,lptB,{'yhbG'}
b3202,rpoN,"{'glnF', 'ntrA'}"
b3203,hpf,{'yhbH'}
b3204,ptsN,"{'rpoP', 'yhbI'}"
b3205,rapZ,{'yhbJ'}
b3206,npr,"{'yhbK', 'ptsO', 'rpoR'}"
b3208,mtgA,"{'mgt', 'yrbM'}"
b3209,elbB,"{'yhbL', 'elb2', 'yzzB', 's27a'}"
b3212,gltB,"{'ossB', 'psiQ', 'aspB'}"
b3213,gltD,"{'ossB', 'psiQ', 'aspB'}"
b3214,gltF,{'ossB'}
b3218,insH10,"{'trs5-10', 'yi52_10'}"
b3221,nanQ,{'yhcH'}
b3222,nanK,{'yhcI'}
b3223,nanE,{'yhcJ'}
b3226,nanR,{'yhcK'}
b3227,dcuD,{'yhcL'}
b3229,sspA,"{'ssp', 'pog'}"
b3232,zapE,{'yhcM'}
b3233,zapG,{'yhcB'}
b3234,degQ,{'hhoA'}
b3235,degS,"{'htrH', 'hhoB'}"
b3237,argR,"{'xerA', 'Rarg'}"
b3240,aaeB,{'yhcP'}
b3241,aaeA,{'yhcQ'}
b3242,aaeX,{'yhcR'}
b3243,aaeR,"{'yhcS', 'qseA'}"
b3244,tldD,{'yhdO'}
b3247,rng,"{'adhR', 'yhdF', 'cafA'}"
b3251,mreB,"{'envB', 'mon_1', 'mreB', 'rodY'}"
b3252,csrD,{'yhdA'}
b3253,yhdH,{'acuI'}
b3255,accB,{'fabE'}
b3256,accC,{'fabG'}
b3259,prmA,"{'yhdI', 'prm-1'}"
b3260,dusB,{'yhdG'}
b3261,fis,{'nbp'}
b3264,envR,"{'acrS', 'yhdK'}"
b3265,acrE,{'envC'}
b3266,acrF,{'envD'}
b3272,rrfF,"{'rrfDbeta', 'rrvD'}"
b3276,alaU,{'talD'}
b3277,ileU,{'tilD'}
b3282,tsaC,"{'rimN', 'yrdC'}"
b3287,def,{'fms'}
b3288,fmt,"{'ftm', 'yhdD'}"
b3289,rsmB,"{'sun', 'fmv', 'rrmB', 'fmu', 'yhdB'}"
b3291,mscL,{'yhdC'}
b3292,zntR,{'yhdM'}
b3295,rpoA,"{'phs', 'pez', 'sez'}"
b3296,rpsD,"{'ramA', 'sud2', 'sud(2)'}"
b3299,rpmJ,{'secX'}
b3300,secY,{'prlA'}
b3303,rpsE,"{'spc', 'eps', 'spcA'}"
b3311,rpsQ,{'neaA'}
b3315,rplV,{'eryB'}
b3319,rplD,{'eryA'}
b3321,rpsJ,{'nusE'}
b3322,gspB,"{'pinO', 'pioO'}"
b3323,gspA,{'yheD'}
b3324,gspC,{'yheE'}
b3325,gspD,{'yheF'}
b3326,gspE,{'yheG'}
b3327,gspF,"{'hofF', 'hopF'}"
b3328,gspG,"{'hofG', 'hopG'}"
b3329,gspH,"{'hopH', 'hofH'}"
b3330,gspI,{'yheH'}
b3331,gspJ,{'yheI'}
b3332,gspK,{'yheJ'}
b3333,gspL,{'yheK'}
b3334,gspM,"{'hopZ', 'pshM'}"
b3335,gspO,"{'yheC', 'hopD', 'hofD', 'hopO'}"
b3337,bfd,{'yheA'}
b3338,chiA,{'yheB'}
b3339,tufA,"{'kirT', 'pulT'}"
b3340,fusA,"{'fus', 'far'}"
b3342,rpsL,"{'strA', 'asuB'}"
b3343,tusB,{'yheL'}
b3344,tusC,{'yheM'}
b3345,tusD,{'yheN'}
b3347,fkpA,{'yzzS'}
b3350,kefB,{'trkB'}
b3351,kefG,{'yheR'}
b3355,prkB,{'yhfF'}
b3357,crp,"{'gurB', 'cap', 'csm'}"
b3359,argD,"{'dapC', 'ECK3347', 'dtu'}"
b3361,fic,{'fic'}
b3362,yhfG,{'ficA'}
b3363,ppiA,"{'rotA', 'rot'}"
b3364,tsgA,"{'yhfH', 'yhfC', 'gutS'}"
b3370,frlA,{'yhfM'}
b3371,frlB,{'yhfN'}
b3374,frlD,{'yhfQ'}
b3375,frlR,{'yhfR'}
b3379,php,{'yhfV'}
b3385,gph,{'yhfE'}
b3386,rpe,"{'yhfD', 'dod'}"
b3388,damX,{'yhfB'}
b3391,hofQ,{'hopQ'}
b3392,hofP,{'yrfA'}
b3393,hofO,{'yrfB'}
b3394,hofN,{'yrfC'}
b3395,hofM,{'yrfD'}
b3396,mrcA,{'ponA'}
b3397,nudE,{'yrfE'}
b3398,igaA,{'yrfF'}
b3400,hslR,"{'yrfH', 'hsp15'}"
b3401,hslO,{'yrfI'}
b3403,pck,{'pck'}
b3404,envZ,"{'ompB', 'tpo', 'perA'}"
b3405,ompR,"{'ompB', 'kmt', 'cry'}"
b3410,feoC,{'yhgG'}
b3411,rpnA,{'yhgA'}
b3412,bioH,{'bioB'}
b3413,yhgH,{'gntX'}
b3414,nfuA,"{'yhgI', 'gntY'}"
b3415,gntT,"{'gntMalpha', 'gntT', 'usgA', 'yhgC'}"
b3416,malQ,{'malA'}
b3417,malP,"{'malA', 'blu'}"
b3418,malT,{'malA'}
b3421,rtcB,{'yhgL'}
b3422,rtcR,{'yhgB'}
b3426,glpD,{'glyD'}
b3428,glgP,{'glgY'}
b3433,asd,"{'dap', 'hom'}"
b3452,ugpA,"{'psiB', 'ugp', 'psiC'}"
b3453,ugpB,"{'psiB', 'psiC'}"
b3455,livG,"{'hrbC', 'hrbD', 'hrbB'}"
b3457,livH,"{'hrbC', 'hrbD', 'hrbB'}"
b3458,livK,"{'hrbC', 'hrbD', 'hrbB'}"
b3459,panZ,"{'livL', 'panM', 'yhhK'}"
b3460,livJ,"{'hrbC', 'hrbD', 'hrbB'}"
b3461,rpoH,"{'fam', 'hin', 'htpR'}"
b3462,ftsX,{'ftsS'}
b3465,rsmD,{'yhhF'}
b3469,zntA,{'yhhO'}
b3470,tusA,"{'yhhP', 'sirA'}"
b3472,dcrB,{'yhhR'}
b3475,acpT,{'yhhU'}
b3476,nikA,"{'hydC', 'hydD'}"
b3477,nikB,"{'hydC', 'hydD'}"
b3478,nikC,"{'hydC', 'hydD'}"
b3479,nikD,"{'hydC', 'hydD'}"
b3480,nikE,"{'hydC', 'hydD'}"
b3481,nikR,{'yhhG'}
b3486,rbbA,"{'yhiH', 'yhiG'}"
b3493,pitA,{'pit'}
b3494,uspB,{'yhiO'}
b3496,dtpB,{'yhiP'}
b3497,rsmJ,{'yhiQ'}
b3498,prlC,{'opdA'}
b3499,rlmJ,{'yhiR'}
b3500,gor,{'gor'}
b3501,arsR,{'arsE'}
b3502,arsB,{'arsF'}
b3503,arsC,{'arsG'}
b3505,insH11,"{'trs5-11', 'yi52_11'}"
b3507,dctR,{'yhiF'}
b3508,yhiD,{'yhhE'}
b3509,hdeB,"{'yhiC', 'yhhD'}"
b3510,hdeA,"{'yhhC', 'yhiB'}"
b3511,hdeD,{'yhiA'}
b3512,gadE,"{'yhiT', 'yhiE'}"
b3513,mdtE,{'yhiU'}
b3514,mdtF,{'yhiV'}
b3515,gadW,{'yhiW'}
b3516,gadX,{'yhiX'}
b3517,gadA,{'gadS'}
b3518,ccp,{'yhjA'}
b3521,rcdB,{'yhjC'}
b3524,yhjG,{'yhjF'}
b3525,pdeH,{'yhjH'}
b3526,kdgK,{'yhjI'}
b3529,pdeK,{'yhjK'}
b3530,bcsC,{'yhjL'}
b3531,bcsZ,"{'yhjM', 'bcsC'}"
b3532,bcsB,{'yhjN'}
b3533,bcsA,"{'yhjP', 'yhjO'}"
b3534,bcsQ,{'yhjQ'}
b3535,yhjR,{'bcsR'}
b3536,bcsE,{'yhjS'}
b3537,bcsF,{'yhjT'}
b3538,bcsG,{'yhjU'}
b3540,dppF,{'dppE'}
b3544,dppA,"{'fpp', 'alu', 'dpp'}"
b3545,proK,{'proV'}
b3546,eptB,{'yhjW'}
b3549,tag,{'tag'}
b3553,ghrB,"{'tkrA', 'yiaE'}"
b3557,insJ,{'yi5A'}
b3558,insK,"{'t150', 'dinS', 'yi5B'}"
b3560,glyQ,"{'cfcA', 'glyS(A)'}"
b3561,wecH,{'yiaH'}
b3566,xylF,{'xylT'}
b3573,ysaA,{'yiaI'}
b3574,plaR,{'yiaJ'}
b3580,lyxK,"{'yiaP', 'xylK', 'sgbK', 'lyx'}"
b3581,sgbH,{'yiaQ'}
b3582,sgbU,{'yiaR'}
b3583,sgbE,{'yiaS'}
b3588,aldB,{'yiaX'}
b3590,selB,{'fdhA'}
b3591,selA,{'fdhA'}
b3595,yibJ,{'rhsJ'}
b3599,mtlA,{'mtlC'}
b3603,lldP,"{'lct', 'lctP'}"
b3604,lldR,"{'lct', 'lctR'}"
b3605,lldD,"{'lct', 'lctD'}"
b3606,trmL,{'yibK'}
b3610,grxC,{'yibM'}
b3612,gpmM,"{'pgmI', 'gpmI', 'yibO', 'gpmC'}"
b3613,envC,"{'yibP', 'slm11'}"
b3615,waaH,{'yibD'}
b3618,htrL,{'yibB'}
b3619,rfaD,"{'hldD', 'nbsB', 'waaD', 'htrM'}"
b3620,waaF,{'rfaF'}
b3621,waaC,"{'rfaC', 'yibC', 'rfa-2'}"
b3622,waaL,{'rfaL'}
b3623,waaU,{'rfaK'}
b3624,waaZ,{'rfaZ'}
b3625,waaY,{'rfaY'}
b3626,waaJ,"{'rfaJ', 'waaR'}"
b3627,waaO,"{'waaI', 'rfaI'}"
b3628,waaB,"{'rfaB', 'syn', 'lps'}"
b3629,waaS,{'rfaS'}
b3630,waaP,{'rfaP'}
b3631,waaG,{'rfaG'}
b3632,waaQ,{'rfaQ'}
b3633,waaA,{'kdtA'}
b3634,coaD,"{'yicA', 'kdtB'}"
b3635,mutM,{'fpg'}
b3638,yicR,{'radC'}
b3639,dfp,{'coaBC'}
b3640,dut,"{'dnaS', 'sof'}"
b3641,slmA,"{'yicB', 'ttk'}"
b3645,dinD,"{'pcsA', 'yicD'}"
b3647,ligB,{'yicF'}
b3648,gmk,{'spoR'}
b3649,rpoZ,{'spoS'}
b3651,trmH,{'spoU'}
b3652,recG,"{'spoV', 'radC'}"
b3653,gltS,{'gltC'}
b3654,xanP,{'yicE'}
b3658,selC,{'fdhC'}
b3659,setC,{'yicK'}
b3662,nepI,{'yicM'}
b3664,adeQ,{'yicO'}
b3665,adeD,"{'ade', 'adu', 'yicP'}"
b3673,emrD,{'yicQ'}
b3682,glvB,"{'yidN', 'yidO'}"
b3683,glvC,{'ptiC'}
b3685,yidE,{'yibE'}
b3686,ibpB,"{'htpE', 'hslS'}"
b3687,ibpA,"{'hslT', 'htpN'}"
b3688,yidQ,{'ecfI'}
b3690,cbrA,{'yidS'}
b3691,dgoT,{'yidT'}
b3693,dgoK,{'yidV'}
b3699,gyrB,"{'parA', 'pcpA', 'ECK3691', 'himB', 'nalC', 'acrB', 'pcbA', 'hisU', 'hopA'}"
b3700,recF,{'uvrF'}
b3703,rpmH,"{'ssaF', 'rimA'}"
b3706,mnmE,"{'thdF', 'trmE'}"
b3707,tnaC,{'tnaL'}
b3708,tnaA,"{'tnaR', 'ind'}"
b3709,tnaB,"{'trpP', 'tnaP'}"
b3710,mdtL,{'yidY'}
b3713,yieF,{'chrR'}
b3714,adeP,"{'yieG', 'purP'}"
b3716,cbrB,{'yieI'}
b3717,cbrC,{'yieJ'}
b3720,bglH,{'yieC'}
b3721,bglB,{'blgA'}
b3722,bglF,{'bglS'}
b3723,bglG,{'bglC'}
b3724,phoU,"{'phoT', 'pst'}"
b3725,pstB,{'phoT'}
b3726,pstA,"{'phoT', 'phoR2', 'phoR2b', 'R2pho'}"
b3727,pstC,{'phoW'}
b3728,pstS,"{'phoR2a', 'T', 'phoS', 'R2pho', 'nmpA'}"
b3730,glmU,{'yieA'}
b3731,atpC,"{'papG', 'uncC'}"
b3732,atpD,"{'papB', 'uncD'}"
b3733,atpG,"{'papC', 'uncG'}"
b3734,atpA,"{'uncA', 'papA'}"
b3735,atpH,"{'papE', 'uncH'}"
b3736,atpF,"{'uncF', 'papF'}"
b3737,atpE,"{'papH', 'uncE'}"
b3738,atpB,"{'uncB', 'papD'}"
b3739,atpI,{'uncI'}
b3740,rsmG,{'gidB'}
b3741,mnmG,"{'gidA', 'trmF'}"
b3742,mioC,{'yieB'}
b3745,viaA,"{'yieD_2', 'yieM', 'yieD_1', 'yieD'}"
b3746,ravA,{'yieN'}
b3747,kup,{'trkD'}
b3748,rbsD,{'rbsP'}
b3749,rbsA,"{'rbsT', 'rbsP'}"
b3750,rbsC,"{'rbsT', 'rbsP'}"
b3751,rbsB,"{'rbsP', 'prlB'}"
b3754,hsrA,{'yieO'}
b3757,gltU,{'tgtC'}
b3760,aspT,{'tasC'}
b3761,trpT,"{'su9', 'supU', 'supV', 'su8', 'su7'}"
b3764,maoP,{'yifE'}
b3772,ilvA,{'ile'}
b3775,ppiC,{'parvA'}
b3777,yifN,"{'ECK3769', 'yifO'}"
b3778,rep,"{'mmrA', 'dasC', 'mbrA'}"
b3779,gpp,{'gpp'}
b3780,rhlB,{'mmrA'}
b3781,trxA,"{'fipA', 'tsnC', 'dasC'}"
b3783,rho,"{'sun', 'nitA', 'psuA', 'psu', 'nusD', 'rnsC', 'tsu', 'sbaA'}"
b3784,rfe,{'wecA'}
b3785,wzzE,"{'wzz', 'yifC'}"
b3786,wecB,"{'yifF', 'mnaA', 'rffE', 'nfrC'}"
b3787,wecC,"{'rff', 'mnaB', 'rffD'}"
b3788,rffG,{'rff'}
b3789,rffH,{'yifG'}
b3790,rffC,"{'rff', 'yifH', 'wecD'}"
b3791,wecE,"{'rffA', 'rff', 'yifI', 'fcnA'}"
b3792,wzxE,"{'wzx', 'yifJ'}"
b3793,wzyE,{'rffT'}
b3794,rffM,"{'rff', 'wecG'}"
b3797,hisR,{'hisT'}
b3799,proM,{'proU'}
b3800,aslB,"{'gppB', 'atsB'}"
b3801,aslA,"{'gppB', 'atsA'}"
b3805,hemC,{'popE'}
b3806,cyaA,{'cya'}
b3813,uvrD,"{'srjC', 'rad', 'pdeB', 'dar-2', 'recL', 'uvr502', 'uvrE', 'dda', 'mutU'}"
b3819,rarD,{'yigH'}
b3823,rhtC,{'yigJ'}
b3824,rhtB,{'yigK'}
b3827,bioP,{'yigM'}
b3829,metE,{'metB12'}
b3832,rmuC,{'yigN'}
b3833,ubiE,{'yigO'}
b3834,ubiJ,{'yigP'}
b3835,ubiB,"{'yigQ', 'yigS', 'aarF', 'yigR'}"
b3836,tatA,"{'mttA1', 'yigT'}"
b3838,tatB,"{'ysgB', 'mttA2'}"
b3839,tatC,"{'yigU', 'yigV', 'mttB'}"
b3842,rfaH,"{'hlyT', 'sfrB'}"
b3843,ubiD,"{'yigY', 'yigC'}"
b3844,fre,"{'flrD', 'fsrC', 'fadI'}"
b3845,fadA,{'oldA'}
b3846,fadB,{'oldB'}
b3850,hemG,{'yihB'}
b3852,ileT,{'tilA'}
b3853,alaT,{'talA'}
b3856,mobB,{'yihC'}
b3857,mobA,"{'mob', 'chlB', 'narB'}"
b3859,srkA,"{'orfA', 'yihE'}"
b3860,dsbA,"{'iarA', 'dsf', 'ppfA'}"
b3863,polA,{'resA'}
b3865,yihA,{'engB'}
b3867,hemN,{'yihJ'}
b3868,glnG,"{'glnT', 'ntrC'}"
b3869,glnL,"{'glnR', 'ntrB'}"
b3871,bipA,"{'typA', 'yihK'}"
b3875,ompL,{'yshA'}
b3876,yihO,{'squO'}
b3878,yihQ,{'squQ'}
b3879,yihR,{'squR'}
b3880,yihS,{'squS'}
b3881,yihT,{'squT'}
b3882,yihU,{'squU'}
b3883,yihV,{'squV'}
b3884,csqR,{'yihW'}
b3886,yihY,{'rbn'}
b3887,dtd,{'yihZ'}
b3888,fabY,{'yiiD'}
b3897,frvR,{'yiiH'}
b3898,frvX,{'yiiI'}
b3899,frvB,{'yiiJ'}
b3900,frvA,{'yiiK'}
b3901,rhaM,{'yiiL'}
b3905,rhaS,{'rhaC2'}
b3906,rhaR,{'rhaC1'}
b3911,cpxA,"{'ecfB', 'ecf', 'rssE', 'ssd', 'eup'}"
b3912,cpxR,{'yiiA'}
b3915,fieF,{'yiiP'}
b3919,tpiA,{'tpi'}
b3923,uspD,{'yiiT'}
b3924,fpr,"{'flxR', 'mvrA'}"
b3928,zapB,{'yiiU'}
b3929,rraA,"{'menG', 'yiiV'}"
b3930,menA,{'yiiW'}
b3931,hslU,"{'clpY', 'htpI'}"
b3932,hslV,"{'htpO', 'clpQ', 'yiiC'}"
b3933,ftsN,{'msgA'}
b3935,priA,{'srgA'}
b3939,metB,{'met-1'}
b3940,metL,{'metM'}
b3946,fsaB,"{'yijG', 'talC'}"
b3947,ptsA,"{'pt1A', 'yijH', 'frwA'}"
b3949,frwC,{'yijJ'}
b3950,frwB,{'yijK'}
b3951,pflD,{'yijL'}
b3952,pflC,{'yijM'}
b3953,frwD,{'yijN'}
b3955,eptC,{'yijP'}
b3956,ppc,"{'glu', 'asp'}"
b3958,argC,{'ECK3949'}
b3961,oxyR,"{'mor', 'momR'}"
b3962,sthA,"{'sth', 'udhA'}"
b3963,fabR,{'yijC'}
b3965,trmA,"{'rT', 'rumT'}"
b3966,btuB,"{'bfe', 'cer'}"
b3967,murI,"{'dga', 'yijA', 'glr'}"
b3969,gltT,{'tgtB'}
b3972,murB,{'yijB'}
b3973,birA,"{'dhbB', 'bioR'}"
b3974,coaA,"{'ts-9', 'rts', 'panK'}"
b3977,tyrU,"{'sup15B', 'supM', 'supZ'}"
b3978,glyT,"{'sup15B', 'supA36', 'sumA'}"
b3980,tufB,"{'kirT', 'pulT'}"
b3981,secE,"{'prlG', 'mbrC'}"
b3983,rplK,{'relC'}
b3984,rplA,{'rpy'}
b3987,rpoB,"{'stl', 'tabD', 'sdgB', 'stv', 'ron', 'groN', 'ftsR', 'rif', 'nitB'}"
b3988,rpoC,{'tabB'}
b3989,yjaZ,{'htrC'}
b3990,thiH,{'thiB'}
b3991,thiG,{'thiB'}
b3992,thiF,{'thiA'}
b3993,thiE,{'thiA'}
b3995,rsd,{'yjaE'}
b3996,nudC,{'yjaD'}
b3998,nfi,{'yjaF'}
b4002,zraP,"{'yjaI', 'zra'}"
b4003,zraS,{'hydH'}
b4004,zraR,{'hydG'}
b4005,purD,"{'adth(a)', 'adth'}"
b4008,gltV,{'tgtE'}
b4014,aceB,{'mas'}
b4015,aceA,{'icl'}
b4017,arpA,"{'yjaC', 'arp'}"
b4022,rluF,{'yjbC'}
b4024,lysC,{'apk'}
b4030,psiE,{'yjbA'}
b4035,malK,{'malB'}
b4036,lamB,"{'malB', 'malL'}"
b4037,malM,{'molA'}
b4040,ubiA,{'cyr'}
b4043,lexA,"{'exrA', 'umuA', 'tsl', 'spr'}"
b4046,zur,"{'znuR', 'yjbK'}"
b4049,dusA,{'yjbN'}
b4050,pspG,{'yjbO'}
b4051,qorA,"{'qor', 'hzc', 'hcz'}"
b4052,dnaB,"{'grpD', 'grpA', 'groP'}"
b4053,alr,{'alr'}
b4055,aphA,"{'yjbP', 'hobH'}"
b4058,uvrA,"{'dar', 'dinE'}"
b4059,ssb,"{'exrB', 'lexC'}"
b4061,pdeC,{'yjcC'}
b4063,soxR,{'marC'}
b4064,ghxP,{'yjcD'}
b4067,actP,{'yjcG'}
b4069,acs,"{'yfaC', 'acs'}"
b4071,nrfB,{'yjcI'}
b4072,nrfC,{'yjcJ'}
b4073,nrfD,{'yjcK'}
b4074,nrfE,{'yjcL'}
b4075,nrfF,{'yjcM'}
b4076,nrfG,"{'aidC', 'yjcN'}"
b4079,fdhF,{'chlF'}
b4080,mdtP,"{'sdsP', 'yjcP'}"
b4081,mdtO,"{'sdsQ', 'yjcQ'}"
b4082,mdtN,"{'yjcR', 'sdsR'}"
b4084,alsK,{'yjcT'}
b4085,alsE,{'yjcU'}
b4086,alsC,{'yjcV'}
b4087,alsA,{'yjcW'}
b4088,alsB,{'yjcX'}
b4089,alsR,"{'rpiR', 'yjcY'}"
b4090,rpiB,"{'yjcA', 'alsI'}"
b4105,phnD,"{'phn', 'psiD'}"
b4107,yjdN,{'phnB'}
b4108,yjdM,{'phnA'}
b4109,rdcA,"{'yjdA', 'crfC'}"
b4110,rdcB,{'yjcZ'}
b4112,basS,"{'dgkR', 'pmrB'}"
b4113,basR,{'pmrA'}
b4114,eptA,{'yjdB'}
b4115,adiC,"{'yjdD', 'yjdE'}"
b4117,adiA,{'adi'}
b4119,melA,{'mel-7'}
b4120,melB,{'mel-4'}
b4123,dcuB,{'genF'}
b4124,dcuR,{'yjdG'}
b4125,dcuS,{'yjdH'}
b4128,ghoS,{'yjdK'}
b4130,dtpC,{'yjdL'}
b4131,cadA,{'ldcI'}
b4134,pheU,"{'pheW', 'pheR'}"
b4135,yjdC,{'cutA3'}
b4136,dsbD,"{'cycZ', 'dipZ', 'htrI', 'cutA2'}"
b4137,cutA,{'cutA'}
b4138,dcuA,{'genA'}
b4140,fxsA,{'yjeG'}
b4142,groS,"{'mopB', 'groES'}"
b4143,groL,"{'groEL', 'mopA'}"
b4146,epmB,{'yjeK'}
b4148,gdx,{'sugE'}
b4149,blc,{'yjeL'}
b4150,ampC,{'ampA'}
b4155,epmA,"{'genX', 'yjeA', 'poxA'}"
b4159,mscM,{'yjeP'}
b4161,rsgA,{'yjeQ'}
b4162,orn,{'yjeR'}
b4163,glyV,"{'suA58', 'suA78', 'ins', 'mutA'}"
b4164,glyX,{'glyVbeta'}
b4165,glyY,{'glyVgamma'}
b4166,queG,{'yjeS'}
b4167,nnr,{'yjeF'}
b4168,tsaE,{'yjeE'}
b4169,amiB,{'yjeD'}
b4171,miaA,{'trpX'}
b4173,hflX,"{'hflA', 'hslX'}"
b4174,hflK,"{'hflA', 'hslY'}"
b4175,hflC,{'hflA'}
b4177,purA,{'adeK'}
b4178,nsrR,{'yjeB'}
b4179,rnr,"{'yjeC', 'vacB'}"
b4180,rlmB,{'yjfH'}
b4189,bsmA,{'yjfO'}
b4191,ulaR,{'yjfQ'}
b4192,ulaG,{'yjfR'}
b4193,ulaA,"{'sgaT', 'yjfS'}"
b4194,ulaB,"{'sgaB', 'yjfT'}"
b4195,ulaC,"{'ptxA', 'sgaA', 'yjfU'}"
b4196,ulaD,"{'sgaH', 'yjfV'}"
b4197,ulaE,"{'sgaU', 'yjfW'}"
b4198,ulaF,"{'yjfX', 'sgaE'}"
b4200,rpsF,{'sdgH'}
b4207,fklB,{'ytfC'}
b4208,cycA,"{'dagA', 'ytfD'}"
b4209,ytfE,{'dnrN'}
b4211,qorB,{'ytfG'}
b4214,cysQ,"{'amtA', 'amt'}"
b4216,ytfJ,{'ecfJ'}
b4218,paeA,{'ytfL'}
b4219,msrA,"{'pms', 'pmsR'}"
b4220,tamA,{'ytfM'}
b4221,tamB,"{'ytfN', 'ytfO'}"
b4224,chpS,"{'yjfB', 'chpBI'}"
b4225,chpB,"{'chpB', 'yjfE'}"
b4232,fbp,{'fdp'}
b4233,mpl,"{'tpl', 'yjfG'}"
b4235,tldE,"{'mcb', 'pmbA'}"
b4236,cybC,{'cytochrome b562'}
b4237,nrdG,{'yjgE'}
b4239,treC,"{'olgH', 'treE'}"
b4242,mgtA,"{'atmA', 'mtg', 'mgt', 'corB'}"
b4243,ridA,{'yjgF'}
b4246,pyrL,"{'pyrE-', 'pyrE-LP'}"
b4249,bdcA,{'yjgI'}
b4251,bdcR,{'yjgJ'}
b4252,tabA,{'yjgK'}
b4255,rraB,{'yjgD'}
b4258,valS,{'val-act'}
b4260,pepA,"{'xerB', 'carP'}"
b4261,lptF,{'yjgP'}
b4262,lptG,{'yjgQ'}
b4264,idnR,"{'gntS?', 'yjgS', 'gntH'}"
b4265,idnT,"{'yjgT', 'gntW'}"
b4266,idnO,{'yjgU'}
b4267,idnD,{'yjgV'}
b4268,idnK,{'gntV'}
b4269,ahr,{'yjgB'}
b4270,leuX,"{'Su-6', 'supP'}"
b4271,intB,"{'yjgC', 'int(P4)'}"
b4272,insC6,{'yi21-6'}
b4273,insD6,{'yi22-6'}
b4278,insG,{'yi41'}
b4279,nanX,{'yjhB'}
b4280,nanY,{'yjhC'}
b4284,insI3,{'tra8-3'}
b4300,sgcR,{'yjhJ'}
b4301,sgcE,{'yjhK'}
b4302,sgcA,{'yjhL'}
b4303,sgcQ,{'yjhM'}
b4304,sgcC,{'yjhN'}
b4305,sgcX,{'yjhO'}
b4309,nanS,{'yjhS'}
b4310,nanM,{'yjhT'}
b4311,nanC,{'yjhA'}
b4312,fimB,{'pil'}
b4313,fimE,"{'pilH', 'hyp'}"
b4314,fimA,"{'pilA', 'fimD'}"
b4316,fimC,{'pilB'}
b4317,fimD,"{'fimD_2', 'fimD'}"
b4320,fimH,{'pilE'}
b4321,gntP,{'yjiB'}
b4326,iraD,{'yjiD'}
b4327,hypT,"{'yjiE', 'qseD'}"
b4328,iadA,{'yjiF'}
b4331,kptA,{'yjiI'}
b4337,mdtM,{'yjiO'}
b4346,mcrB,{'rglB'}
b4347,symE,"{'yjiW', 'sosC', 'dinL'}"
b4348,hsdS,"{'rm', 'hss', 'hsp'}"
b4349,hsdM,"{'hsm', 'hsp'}"
b4350,hsdR,"{'hsr', 'hsp'}"
b4354,btsT,{'yjiY'}
b4355,tsr,{'cheD'}
b4356,lgoT,"{'yjjL', 'yjiZ'}"
b4357,lgoR,{'yjjM'}
b4358,lgoD,{'yjjN'}
b4359,opgB,"{'mdoB', 'yjjO'}"
b4361,dnaC,{'dnaD'}
b4366,bglJ,{'yjjR'}
b4367,fhuF,{'yjjS'}
b4369,leuP,"{'leuV-beta', 'leuVbeta'}"
b4370,leuQ,{'leuVgamma'}
b4371,rsmC,{'yjjT'}
b4375,prfC,"{'miaD', 'tos'}"
b4376,osmY,{'csi-5'}
b4380,yjjI,{'yjjH'}
b4381,deoC,"{'dra', 'tlr', 'thyR'}"
b4382,deoA,"{'TP', 'tpp', 'ttg'}"
b4383,deoB,"{'thyR', 'tlr', 'drm'}"
b4384,deoD,{'pup'}
b4386,lplA,"{'slr', 'yjjF'}"
b4387,ytjB,{'smp'}
b4389,radA,{'sms'}
b4390,nadR,{'nadI'}
b4391,ettA,{'yjjK'}
b4392,slt,{'slt'}
b4393,trpR,{'rtrY'}
b4395,ytjC,{'gpmB'}
b4396,rob,"{'rob', 'cbpBA'}"
b4397,creA,{'yjjD'}
b4398,creB,"{'ORF2', 'yjjE'}"
b4399,creC,{'phoM'}
b4400,creD,"{'refII', 'cet'}"
b4401,arcA,"{'msp', 'fexA', 'dye', 'cpxC', 'sfrA', 'seg'}"
b4403,yjtD,{'lasT'}
b4407,thiS,{'thiG1'}
b4411,ecnB,{'yjeU'}
b4412,hokC,{'gef'}
b4413,sokC,{'sof'}
b4414,tff,{'t44'}
b4415,hokE,{'ybdY'}
b4417,rybB,{'p25'}
b4418,sraB,"{'pke20', 'psrA4', 'psrD'}"
b4425,rttR,{'rtT'}
b4426,mcaS,"{'isrA', 'IS061'}"
b4427,micC,"{'IS063', 'tke8'}"
b4428,hokB,{'ydcB'}
b4430,rydB,"{'IS082', 'tpe7'}"
b4431,rprA,"{'psrA5', 'IS083'}"
b4432,ryeA,"{'sraC', 'IS091', 'psrA8', 'tkpe79'}"
b4433,sdsR,"{'ryeB', 'tkpe79'}"
b4435,isrC,{'IS102'}
b4436,sibA,"{'ryeC', 'QUAD1a', 'tp11'}"
b4437,sibB,"{'QUAD1b', 'ryeD', 'tpe60'}"
b4438,cyaR,{'ryeE'}
b4439,micF,{'stc'}
b4440,ryfA,"{'tp1', 'PAIR3b'}"
b4441,glmY,"{'sroF', 'tke1'}"
b4442,micA,"{'psrA10', 'sraD'}"
b4443,gcvB,"{'IS145', 'psrA11'}"
b4444,omrA,"{'sraE', 'PAIR2a', 'rygA', 't59', 'psrA12'}"
b4445,omrB,"{'t59', 'rygB', 'PAIR2b'}"
b4446,sibC,"{'t27', 'rygC', 'QUAD1c'}"
b4447,sibD,"{'IS156', 'QUAD1d', 'rygD', 'tp8', 'ECK3041'}"
b4449,sraG,"{'p3', 'psrO', 'psrA15'}"
b4450,arcZ,"{'sraH', 'ryhA', 'psrA16'}"
b4451,ryhB,"{'psrA18', 'IS176', 'sraI'}"
b4452,gadY,{'IS183'}
b4455,hokA,{'yiaZ'}
b4456,glmZ,"{'sraJ', 'psrA20', 'k19', 'ryiA'}"
b4457,csrC,"{'IS198', 'ryiB', 'psrA21', 'sraK', 'tpk2'}"
b4459,ryjA,"{'sraL', 'psrA24'}"
b4460,araH,"{'b1898', 'b1899'}"
b4461,yfjD,"{'b2612', 'ypjE', 'b2613'}"
b4462,ygaQ,"{'b2655', 'b2658', 'ygaR', 'G7392', 'yqaC', 'b2656', 'b2657', 'G7393', 'yqaD', 'G7391', 'b2654'}"
b4463,ygcU,"{'ygcT', 'ygcV', 'b2773', 'b2772'}"
b4464,ghxQ,"{'ygfQ', 'b2885', 'b2884', 'ygfR'}"
b4465,yggP,"{'b2932', 'b2931'}"
b4466,yghJ,"{'sslE', 'b2974', 'b2973'}"
b4467,glcF,"{'gox', 'yghL', 'b2978'}"
b4468,glcE,"{'gox', 'yghL', 'b2978'}"
b4469,ygiQ,"{'b3015', 'b3016', 'ygiR'}"
b4470,cyuA,"{'b3108', 'yhaM', 'yhaN', 'b3109'}"
b4471,tdcG,"{'b3111', 'tdcG', 'sdhYa', 'yhaQ', 'yhaP', 'b3112'}"
b4472,yhdP,"{'yhdR', 'b3245', 'b3246', 'yhdQ'}"
b4473,smf,"{'smf2', 'smf', 'b3285', 'b32861'}"
b4474,frlC,"{'b3373', 'yhfO', 'b3372', 'yhfP'}"
b4475,rtcA,"{'yhgK', 'yhgJ', 'b3420', 'b3419'}"
b4476,gntU,"{'b3435', 'b3436'}"
b4477,dgoA,"{'b3692', 'yidU'}"
b4478,dgoD,"{'b3692', 'yidU'}"
b4479,dgoR,"{'b3694', 'b3695', 'yidW'}"
b4480,hdfR,"{'b3763', 'yifD', 'yifA', 'b3762'}"
b4481,wecF,"{'yifM', 'b4404', 'b4405', 'rffT', 'rff'}"
b4482,yigE,"{'b3815', 'b3814'}"
b4483,tatD,"{'mttC', 'b3840', 'yigX', 'b3841', 'yigW'}"
b4484,cpxP,"{'yiiO', 'b3913'}"
b4485,ytfR,"{'b4228', 'b4229', 'ytfS'}"
b4486,yjiV,"{'b4343', 'yjiU', 'mcrD', 'b4344'}"
b4488,ilvG,"{'b3768', 'ilvO', 'b3767'}"
b4490,efeU,"{'ycdN', 'b1017', 'b1016'}"
b4491,ycgH,"{'b1169', 'b1170'}"
b4492,ydbA,"{'b1401', 'b1405'}"
b4493,gapC,"{'b1416', 'b1417'}"
b4494,arpB,"{'ydiX', 'ydiW', 'b1721', 'b1720'}"
b4495,yedN,"{'b1935', 'b1933', 'ECK1933', 'b1934', 'yedM'}"
b4496,yedS,"{'yedT', 'b1964', 'b1966', 'b1965'}"
b4497,yeeL,"{'yeeK', 'b1979', 'b1980'}"
b4498,gatR,"{'b2087', 'b2090'}"
b4499,yehH,"{'b2116', 'b2117', 'molR', 'yehG'}"
b4500,yfaS,"{'b2228', 'yfaR', 'b2227'}"
b4505,insX,"{'ECK4473', 'ykgN'}"
b4508,peaD,{'ybcD'}
b4515,cydX,{'ybgT'}
b4517,gnsA,"{'yccL', 'sfa'}"
b4521,ycgI,"{'ECK1161', 'b1173', 'ymgH'}"
b4522,ymiA,{'yciX_1'}
b4523,yciX,{'yciX'}
b4532,hicA,{'yncN'}
b4534,ynfP,{'ydfJ_1'}
b4544,arnE,{'yfbW'}
b4550,arfA,{'yhdL'}
b4556,glvG,"{'b3681', 'yidM', 'ECK3673', 'ysdC'}"
b4559,ghoT,{'yjdO'}
b4566,topAI,{'yjhX'}
b4569,yhcE,"{'b3217', 'b4549'}"
b4570,lomR,"{'b1369', 'b1371'}"
b4571,wbbL,"{'b4540', 'yefJ', 'b2031'}"
b4572,ylbE,"{'b0519', 'b4507', 'G0-10554'}"
b4573,insZ,"{'ychG', 'b1239', 'b1240'}"
b4575,yjgX,"{'yjgY', 'b4275', 'b4560', 'b4276'}"
b4576,insB7,"{'b4564', 'b4563'}"
b4577,sgrS,{'ryaA'}
b4578,yncK,"{'b4531', 'b4530', 'insP'}"
b4579,yaiX,"{'b0362', 'yaiF', 'b0359', 'ECK0359'}"
b4580,yaiT,"{'b0371', 'yaiU', 'b0374', 'ECK0369'}"
b4581,ybeM,"{'ECK0619', 'b0626', 'b0625', 'ybeH'}"
b4582,yoeA,"{'yoeE', 'ECK1990', 'b1995', 'b1998'}"
b4583,phnE,"{'b4104', 'b4103', 'ECK4097'}"
b4584,rpnD,"{'b4338', 'yjiP', 'ECK4330', 'yjiQ', 'b4339'}"
b4585,chiX,"{'micM', 'sroB', 'rybC'}"
b4587,insN,"{'b0257', 'yi91a', 'b0255'}"
b4592,appX,"{'cbdX', 'yccB'}"
b4596,yciZ,{'deoL'}
b4599,mgtS,{'yneM'}
b4602,cydH,"{'cydY', 'ynhF'}"
b4603,rseX,{'IS096'}
b4608,ohsC,{'ryfC'}
b4611,sibE,"{'rygE', 'QUAD1e'}"
b4616,istR,"{'istR-2', 'psrA19'}"
b4618,tisB,{'ysdB'}
b4623,insO,"{'ECK4274', 'ECK4275', 'b4562', 'yi91', 'yi91b', 'yjhW', 'ECK4476', 'insN22', 'b4285', 'b4283'}"
b4625,symR,{'ryjC'}
b4633,xisD,{'ybcB'}
b4634,aaaD,{'ylcF'}
b4653,yicT,"{'erhM', 'rhuM'}"
b4658,yghX,"{'orf_f136', 'b3000', 'b2999', 'yghY', 'ECK2994'}"
b4660,yhiL,"{'ECK3475', 'yhiK', 'b3490', 'b3489'}"
b4661,yfcU,"{'b2337', 'b2338', 'yfcT', 'ECK2332'}"
b4687,shoB,"{'yphI', 'ryfB', 'b4681'}"
b4696,yneO,"{'orfT', 'b1509', 'ydeU', 'ydeK', 'ECK1503', 'b1510'}"
b4699,fnrS,{'rydA'}
b4705,mntS,{'G0-8881'}
b4717,micL,"{'slrA', 'ryeF'}"
b4743,ynaL,{'ECK4600'}
b4761,sroE,{'k20'}
b4762,sroA,{'tpe79'}
b4763,sroC,{'HB_314'}
b4764,sdhX,{'rybD'}
b4777,mdtU,{'ydgV'}
