accession,overexpression,locus,platform
ERX1273486,WT,,HiSeq 2000
ERX1273487,WT,,HiSeq 2000
ERX1273488,WT,,HiSeq 2000
ERX1273489,WT,,HiSeq 2000
ERX1273490,WT,,HiSeq 2000
ERX1273491,MazF,,HiSeq 2000
ERX1273492,MazF,,HiSeq 2000
ERX1273493,MazF,,HiSeq 2000
ERX1273494,MazF,,HiSeq 2000
ERX1273495,MazF,,HiSeq 2000
ERX1273496,WT(log),,HiSeq 2000
ERX1273497,WT(log),,HiSeq 2000
ERX1273498,WT(log),,HiSeq 2000
ERX1273499,WT(log),,HiSeq 2000
ERX1273500,WT(log),,HiSeq 2000
ERX1273501,WT,,HiSeq 2000
ERX1273502,WT,,HiSeq 2000
ERX1273503,WT,,HiSeq 2000
ERX1273504,WT,,HiSeq 2000
ERX1273505,WT,,HiSeq 2000
ERX1273506,MqsR,,HiSeq 2000
ERX1273507,MqsR,,HiSeq 2000
ERX1273508,MqsR,,HiSeq 2000
ERX1273509,MqsR,,HiSeq 2000
ERX1273510,MqsR,,HiSeq 2000
ERX2700489,WT,,Illumina MiSeq
ERX2700490,MazF,,Illumina MiSeq
ERX2700491,MazF,,Illumina MiSeq
ERX2700492,MqsR,,Illumina MiSeq
ERX2700493,MqsR,,Illumina MiSeq
ERX2874132,aroP,,Illumina MiSeq
ERX2874133,aroP,,Illumina MiSeq
ERX2874134,bamC ,,
ERX2874135,bamC ,,
ERX2874136,cusA,,
ERX2874137,cusA,,
ERX2874138,hemX,,
ERX2874139,hemX,,
ERX2874140,WT,,
ERX2874141,WT,,
ERX2874142,topA,,
ERX2874143,topA,,
ERX2874144,yicR,,Illumina MiSeq
ERX2874145,yicR,,Illumina MiSeq
ERX2874146,yqjD,,Illumina MiSeq
ERX2874147,yqjD,,Illumina MiSeq
ERX3803290,delta ryhB,,NextSeq 500
ERX3803291,delta ryhB,,NextSeq 500
ERX3803292,delta ryhB,,NextSeq 500
ERX3803293,delta cyaR+pCyaR,,NextSeq 500
ERX3803294,delta cyaR+pCyaR,,NextSeq 500
ERX3803295,delta cyaR+pCyaR,,NextSeq 500
ERX3803296,delta cyaR+pJV300,,NextSeq 500
ERX3803297,delta cyaR+pJV300,,NextSeq 500
ERX3803298,delta cyaR+pJV300,,NextSeq 500
ERX3803299,delta arcZ+pArcZ M1,,NextSeq 500
ERX3803300,delta arcZ+pArcZ M1,,NextSeq 500
ERX3803301,delta arcZ+pArcZ M1,,NextSeq 500
ERX3803302,delta arcZ+pArcZ M2,,NextSeq 500
ERX3803303,delta arcZ+pArcZ M2,,NextSeq 500
ERX3803304,delta arcZ+pArcZ M2,,NextSeq 500
ERX3803305,delta arcZ+pArcZ,,NextSeq 500
ERX3803306,delta arcZ+pArcZ,,NextSeq 500
ERX3803307,delta arcZ+pArcZ,,NextSeq 500
ERX3803308,delta arcZ+pJV300,,NextSeq 500
ERX3803309,delta arcZ+pJV300,,NextSeq 500
ERX3803310,delta arcZ+pJV300,,NextSeq 500
ERX3803311,delta gcvB+pGcvB,,NextSeq 500
ERX3803312,delta gcvB+pGcvB,,NextSeq 500
ERX3803313,delta gcvB+pGcvB,,NextSeq 500
ERX3803314,delta gcvB+pTP011,,NextSeq 500
ERX3803315,delta gcvB+pTP011,,NextSeq 500
ERX3803316,delta gcvB+pTP011,,NextSeq 500
ERX3803317,pBRplac,,NextSeq 500
ERX3803318,pBRplac,,NextSeq 500
ERX3803319,pBRplac,,NextSeq 500
ERX3803320,pMicA,,NextSeq 500
ERX3803321,pMicA,,NextSeq 500
ERX3803322,pMicA,,NextSeq 500
ERX3803323,WT,, NextSeq 500
ERX3803324,WT,,NextSeq 500
ERX3803325,WT,,NextSeq 500
ERX575539,WT(Ribo),,HiSeq 2500
ERX575540,WT,,
ERX575541,RyhB,,HiSeq 2500
ERX575542,RyhB,,
ERX575543,RyhB(Ribo),,
ERX575544,WT,,
ERX575545,WT(Ribo),,HiSeq 2500
ERX575546,RyhB(Ribo),,HiSeq 2500
SRX1532410,WT,,HiSeq 2000
SRX1532411,WT,,HiSeq 2000
SRX1532412,WT,,HiSeq 2000
SRX1532413,dicF,,HiSeq 2000
SRX1532414,dicF,,HiSeq 2000
SRX1532415,dicF,,HiSeq 2000
SRX18211523,poly(A) polymerase I,,NextSeq 500
SRX18211524,poly(A) polymerase I,,NextSeq 500
SRX18211525,poly(A) polymerase I,,NextSeq 500
SRX18211526,poly(A) polymerase I,,NextSeq 500
SRX18211527,WT,,NextSeq 500
SRX18211528,WT,,NextSeq 500
SRX18211529,WT,,NextSeq 500
SRX18211530,WT,,NextSeq 500
SRX23384789,RNC S1K247Q,,NovaSeq 6000
SRX23384790,RNC S1K247Q,,NovaSeq 6000
SRX23384791,RNC S1K247Q,,NovaSeq 6000
SRX23384792,RNC S1WT,,NovaSeq 6000
SRX23384793,RNC S1WT,,NovaSeq 6000
SRX23384794,RNC S1WT,,NovaSeq 6000
SRX23386168,RNA S1K247Q,,NovaSeq 6000
SRX23386169,RNA S1K247Q,,NovaSeq 6000
SRX23386170,RNA S1K247Q,,NovaSeq 6000
SRX23386171,RNA S1WT,,NovaSeq 6000
SRX23386172,RNA S1WT,,NovaSeq 6000
SRX23386173,RNA S1WT,,NovaSeq 6000
SRX4912066,WT,,HiSeq 2000
SRX4912067,WT,,HiSeq 2000
SRX4912068,WT,,HiSeq 2000
SRX4912069,RydC,,HiSeq 2000
SRX4912070,RydC,,HiSeq 2000
SRX4912071,RydC,,HiSeq 2000
SRX8804671,pVCR94,,NextSeq 500
SRX8804672,pVCR94,,NextSeq 500
SRX8804673,pVCR94,,NextSeq 500
SRX8804674,pVCR94,,NextSeq 500
SRX8804675,pVCR94,,NextSeq 500
SRX8804676,pVCR94,,NextSeq 500
SRX8804678,pVCR94,,NextSeq 500
SRX8804679,pVCR94,,NextSeq 500
SRX8804680,pVCR94,,NextSeq 500
SRX8804681,pVCR94+SGI1,,NextSeq 500
SRX8804682,pVCR94+SGI1,,NextSeq 500
SRX8804683,pVCR94+SGI1,,NextSeq 500
SRX8804684,pVCR94+SGI1,,NextSeq 500
SRX8804685,pVCR94+SGI1,,NextSeq 500
SRX8804686,pVCR94+SGI1,,NextSeq 500
SRX8804687,pVCR94+SGI1,,NextSeq 500
SRX8804689,pVCR94+SGI1,,NextSeq 500
SRX8804690,pVCR94+SGI1,,NextSeq 500
SRX8804691,pVCR94+SGI1,,NextSeq 500
SRX8804692,pVCR94+SGI1,,NextSeq 500
SRX8804693,pVCR94+SGI1,,NextSeq 500
SRX8804694,pVCR94+SGI1,,NextSeq 500
SRX8804695,pVCR94+SGI1,,NextSeq 500
SRX8804696,pVCR94+SGI1,,NextSeq 500
