,locus,symbol,precise1k_idx,matrix_idx
0,b0002,thrA,1,1
1,b0003,thrB,2,2
2,b0004,thrC,3,3
3,b0007,yaaJ,6,6
4,b0008,talB,7,7
5,b0009,mog,8,8
6,b0010,satP,9,9
7,b0019,nhaA,18,19
8,b0025,ribF,24,25
9,b0029,ispH,28,29
10,b0030,rihC,29,30
11,b0031,dapB,30,31
12,b0032,carA,31,32
13,b0033,carB,32,33
14,b0036,caiD,35,36
15,b0037,caiC,36,37
16,b0038,caiB,37,38
17,b0040,caiT,39,40
18,b0046,kefF,45,46
19,b0047,kefC,46,47
20,b0048,folA,47,48
21,b0049,apaH,48,49
22,b0052,pdxA,51,52
23,b0054,lptD,53,54
24,b0061,araD,60,61
25,b0062,araA,61,62
26,b0063,araB,62,63
27,b0066,thiQ,65,66
28,b0067,thiP,66,67
29,b0068,thiB,67,68
30,b0070,setA,70,73
31,b0071,leuD,71,74
32,b0072,leuC,72,75
33,b0073,leuB,73,76
34,b0074,leuA,74,77
35,b0077,ilvI,78,81
36,b0078,ilvH,79,82
37,b0084,ftsI,84,87
38,b0085,murE,85,89
39,b0086,murF,86,90
40,b0087,mraY,87,91
41,b0088,murD,88,92
42,b0089,ftsW,89,93
43,b0090,murG,90,94
44,b0091,murC,91,95
45,b0092,ddlB,92,96
46,b0096,lpxC,96,100
47,b0099,mutT,99,103
48,b0103,coaE,102,106
49,b0104,guaC,104,108
50,b0109,nadC,108,112
51,b0110,ampD,109,113
52,b0112,aroP,111,115
53,b0114,aceE,113,117
54,b0115,aceF,114,118
55,b0116,lpd,115,119
56,b0118,acnB,117,121
57,b0120,speD,119,123
58,b0121,speE,120,124
59,b0123,cueO,122,126
60,b0124,gcd,123,127
61,b0125,hpt,124,128
62,b0126,can,125,129
63,b0131,panD,130,134
64,b0133,panC,132,136
65,b0134,panB,133,137
66,b0142,folK,141,145
67,b0149,mrcB,148,152
68,b0150,fhuA,149,153
69,b0151,fhuC,150,154
70,b0152,fhuD,151,155
71,b0153,fhuB,152,156
72,b0154,hemL,153,157
73,b0155,clcA,154,159
74,b0158,btuF,158,163
75,b0159,mtn,159,164
76,b0160,dgt,160,165
77,b0166,dapD,165,170
78,b0171,pyrH,170,176
79,b0173,dxr,172,178
80,b0174,ispU,173,180
81,b0175,cdsA,174,181
82,b0179,lpxD,178,185
83,b0180,fabZ,179,186
84,b0181,lpxA,180,187
85,b0182,lpxB,181,188
86,b0185,accA,184,191
87,b0186,ldcC,185,192
88,b0197,metQ,197,204
89,b0198,metI,198,205
90,b0199,metN,199,206
91,b0200,gmhB,200,207
92,b0207,dkgB,201,214
93,b0211,mltD,205,218
94,b0212,gloB,206,219
95,b0221,fadE,216,231
96,b0222,gmhA,217,232
97,b0237,pepD,232,247
98,b0238,gpt,233,248
99,b0241,phoE,238,253
100,b0242,proB,239,254
101,b0243,proA,240,255
102,b0260,mmuP,257,276
103,b0261,mmuM,258,277
104,b0268,yagE,265,286
105,b0269,yagF,266,287
106,b0273,argF,270,291
107,b0306,ykgE,307,330
108,b0307,ykgF,308,331
109,b0308,ykgG,309,332
110,b0311,betA,311,334
111,b0312,betB,312,335
112,b0314,betT,314,337
113,b0315,pdeL,316,339
114,b0325,yahK,326,349
115,b0331,prpB,332,355
116,b0333,prpC,333,356
117,b0334,prpD,334,357
118,b0335,prpE,335,358
119,b0336,codB,336,359
120,b0337,codA,337,360
121,b0339,cynT,339,362
122,b0340,cynS,340,363
123,b0341,cynX,341,364
124,b0343,lacY,343,366
125,b0344,lacZ,344,367
126,b0347,mhpA,347,370
127,b0348,mhpB,348,371
128,b0349,mhpC,349,372
129,b0350,mhpD,350,373
130,b0351,mhpF,351,374
131,b0352,mhpE,352,375
132,b0353,mhpT,353,376
133,b0355,frmB,355,378
134,b0356,frmA,356,379
135,b0365,tauA,365,388
136,b0366,tauB,366,389
137,b0367,tauC,367,390
138,b0368,tauD,368,391
139,b0369,hemB,369,392
140,b0376,ampH,374,398
141,b0381,ddlA,379,403
142,b0383,phoA,381,405
143,b0386,proC,384,408
144,b0388,aroL,386,410
145,b0394,mak,393,417
146,b0401,brnQ,399,423
147,b0402,proY,400,424
148,b0403,malZ,401,425
149,b0404,acpH,402,426
150,b0411,tsx,409,433
151,b0414,ribD,412,436
152,b0415,ribE,413,437
153,b0417,thiL,415,439
154,b0418,pgpA,416,440
155,b0420,dxs,418,442
156,b0421,ispA,419,443
157,b0423,thiI,421,445
158,b0425,panE,423,447
159,b0428,cyoE,426,450
160,b0429,cyoD,427,451
161,b0430,cyoC,428,452
162,b0431,cyoB,429,453
163,b0432,cyoA,430,454
164,b0433,ampG,431,455
165,b0444,queC,442,466
166,b0446,cof,444,468
167,b0451,amtB,449,473
168,b0452,tesB,450,474
169,b0459,maa,456,481
170,b0462,acrB,459,484
171,b0463,acrA,460,485
172,b0465,mscK,462,487
173,b0469,apt,466,491
174,b0474,adk,471,496
175,b0475,hemH,472,497
176,b0477,gsk,474,499
177,b0480,ushA,477,502
178,b0484,copA,481,507
179,b0485,glsA,482,508
180,b0493,ybbO,490,516
181,b0494,tesA,491,517
182,b0505,allA,502,528
183,b0507,gcl,504,531
184,b0508,hyi,505,532
185,b0509,glxR,506,533
186,b0511,ybbW,507,534
187,b0512,allB,508,535
188,b0514,glxK,510,537
189,b0515,allE,511,538
190,b0516,allC,512,539
191,b0517,allD,513,540
192,b0521,ybcF,517,544
193,b0522,purK,518,545
194,b0523,purE,519,546
195,b0524,lpxH,520,547
196,b0529,folD,525,552
197,b0543,emrE,538,567
198,b0572,cusC,573,602
199,b0573,cusF,574,603
200,b0574,cusB,575,604
201,b0575,cusA,576,605
202,b0576,pheP,577,606
203,b0577,ybdG,578,607
204,b0578,nfsB,579,608
205,b0583,entD,585,615
206,b0584,fepA,586,616
207,b0585,fes,587,617
208,b0586,entF,589,619
209,b0588,fepC,591,621
210,b0589,fepG,592,622
211,b0590,fepD,593,623
212,b0591,entS,594,624
213,b0592,fepB,595,625
214,b0593,entC,596,626
215,b0594,entE,597,627
216,b0595,entB,598,628
217,b0596,entA,599,629
218,b0597,entH,600,630
219,b0604,dsbG,608,638
220,b0605,ahpC,609,639
221,b0606,ahpF,610,640
222,b0612,citT,616,646
223,b0613,citG,617,647
224,b0614,citX,618,648
225,b0615,citF,619,649
226,b0616,citE,620,650
227,b0617,citD,621,651
228,b0621,dcuC,625,655
229,b0622,pagP,626,656
230,b0624,crcB,628,658
231,b0628,lipA,631,661
232,b0630,lipB,633,663
233,b0632,dacA,635,665
234,b0635,mrdA,638,668
235,b0638,cobC,641,671
236,b0639,nadD,642,672
237,b0641,lptE,644,674
238,b0650,hscC,653,683
239,b0651,rihA,654,684
240,b0652,gltL,655,685
241,b0653,gltK,656,686
242,b0654,gltJ,657,687
243,b0655,gltI,658,689
244,b0657,lnt,660,691
245,b0662,ubiF,665,696
246,b0674,asnB,666,704
247,b0675,umpH,667,705
248,b0677,nagA,669,707
249,b0678,nagB,670,708
250,b0679,nagE,671,709
251,b0681,chiP,673,712
252,b0684,fldA,677,716
253,b0688,pgm,681,720
254,b0692,potE,684,724
255,b0693,speF,685,725
256,b0696,kdpC,688,729
257,b0697,kdpB,689,730
258,b0698,kdpA,690,731
259,b4513,kdpF,691,732
260,b0709,dtpD,702,743
261,b0720,gltA,713,754
262,b0721,sdhC,715,757
263,b0722,sdhD,716,758
264,b0723,sdhA,717,759
265,b0724,sdhB,718,760
266,b0726,sucA,719,761
267,b0727,sucB,720,762
268,b0728,sucC,721,763
269,b0729,sucD,722,764
270,b0731,mngA,724,767
271,b0732,mngB,725,768
272,b0733,cydA,726,769
273,b0734,cydB,727,770
274,b4515,cydX,728,771
275,b0750,nadA,737,787
276,b0751,pnuC,738,788
277,b0752,zitB,739,789
278,b0754,aroG,741,791
279,b0755,gpmA,742,792
280,b0756,galM,743,793
281,b0757,galK,744,794
282,b0758,galT,745,795
283,b0759,galE,746,796
284,b0763,modA,750,800
285,b0764,modB,751,801
286,b0765,modC,752,802
287,b0766,ybhA,753,803
288,b0767,pgl,754,804
289,b0774,bioA,761,811
290,b0775,bioB,762,812
291,b0776,bioF,763,813
292,b0777,bioC,764,814
293,b0778,bioD,765,815
294,b0781,moaA,768,818
295,b0783,moaC,770,820
296,b0784,moaD,771,821
297,b0785,moaE,772,822
298,b0789,clsB,776,826
299,b0805,fiu,792,844
300,b0808,ybiO,795,847
301,b0809,glnQ,796,848
302,b0810,glnP,797,849
303,b0811,glnH,798,850
304,b0813,rhtA,800,852
305,b0819,ldtB,807,860
306,b0822,ybiV,810,863
307,b0825,fsaA,813,866
308,b0826,moeB,814,867
309,b0827,moeA,815,868
310,b0828,iaaA,816,869
311,b0829,gsiA,817,870
312,b0830,gsiB,818,871
313,b0831,gsiC,819,872
314,b0832,gsiD,820,873
315,b0837,yliI,825,878
316,b0839,dacC,827,880
317,b0841,ybjG,829,882
318,b0842,mdfA,830,883
319,b0844,ybjI,832,885
320,b0849,grxA,837,891
321,b0854,potF,842,896
322,b0855,potG,843,897
323,b0856,potH,844,898
324,b0857,potI,845,899
325,b0860,artJ,848,902
326,b0861,artM,849,903
327,b0862,artQ,850,904
328,b0863,artI,851,905
329,b0864,artP,852,906
330,b0867,amiD,855,909
331,b0870,ltaE,858,912
332,b0871,poxB,859,913
333,b0874,lysO,862,916
334,b0875,aqpZ,863,917
335,b0886,cydC,873,929
336,b0887,cydD,874,930
337,b0888,trxB,875,931
338,b0894,dmsA,881,937
339,b0895,dmsB,882,938
340,b0896,dmsC,883,939
341,b0902,pflA,889,945
342,b0903,pflB,890,946
343,b0904,focA,891,947
344,b0905,ycaO,892,948
345,b0907,serC,894,950
346,b0908,aroA,895,951
347,b0910,cmk,897,953
348,b0914,msbA,901,957
349,b0915,lpxK,902,958
350,b0918,kdsB,905,961
351,b0925,ldtD,912,968
352,b0928,aspC,915,971
353,b0929,ompF,916,972
354,b0931,pncB,918,974
355,b0932,pepN,919,975
356,b0933,ssuB,920,976
357,b0934,ssuC,921,977
358,b0935,ssuD,922,978
359,b0936,ssuA,923,979
360,b0937,ssuE,924,980
361,b0945,pyrD,932,988
362,b0954,fabA,941,997
363,b0957,ompA,944,1000
364,b0963,mgsA,950,1006
365,b0968,yccX,955,1011
366,b0972,hyaA,958,1015
367,b0973,hyaB,959,1016
368,b0974,hyaC,960,1017
369,b0978,appC,964,1021
370,b0979,appB,965,1022
371,b0980,appA,967,1024
372,b0996,torC,986,1043
373,b0997,torA,987,1044
374,b1002,agp,992,1049
375,b1004,wrbA,994,1051
376,b1006,rutG,996,1053
377,b1007,rutF,997,1054
378,b1008,rutE,998,1055
379,b1009,rutD,999,1056
380,b1010,rutC,1000,1057
381,b1011,rutB,1001,1058
382,b1012,rutA,1002,1059
383,b1014,putA,1004,1061
384,b1015,putP,1006,1063
385,b1019,efeB,1009,1066
386,b1021,pgaD,1011,1068
387,b1022,pgaC,1012,1069
388,b1025,dgcT,1015,1072
389,b1033,ghrA,1020,1078
390,b1054,lpxL,1040,1098
391,b1059,solA,1045,1103
392,b1062,pyrC,1048,1106
393,b1064,grxB,1050,1108
394,b1069,murJ,1055,1113
395,b1090,plsX,1076,1136
396,b1091,fabH,1077,1137
397,b1092,fabD,1078,1138
398,b1093,fabG,1079,1139
399,b1094,acpP,1080,1140
400,b1095,fabF,1081,1141
401,b1096,pabC,1082,1142
402,b1097,mltG,1083,1143
403,b1098,tmk,1084,1144
404,b1101,ptsG,1087,1147
405,b1102,fhuE,1088,1148
406,b1103,hinT,1089,1149
407,b1106,thiK,1092,1152
408,b1107,nagZ,1093,1153
409,b1109,ndh,1095,1155
410,b1113,ldtC,1099,1160
411,b1119,nagK,1105,1166
412,b1123,potD,1109,1170
413,b1124,potC,1110,1171
414,b1125,potB,1111,1172
415,b1126,potA,1112,1173
416,b1131,purB,1117,1178
417,b1134,nudJ,1120,1181
418,b1136,icd,1122,1183
419,b1185,dsbB,1178,1241
420,b1186,nhaB,1179,1242
421,b1189,dadA,1182,1245
422,b1190,dadX,1183,1246
423,b1192,ldcA,1186,1249
424,b1193,emtA,1187,1250
425,b1197,treA,1191,1254
426,b1198,dhaM,1192,1255
427,b1199,dhaL,1193,1256
428,b1200,dhaK,1194,1257
429,b1206,dauA,1200,1263
430,b1207,prs,1201,1264
431,b1208,ispE,1202,1265
432,b1210,hemA,1204,1267
433,b1215,kdsA,1209,1272
434,b1216,chaA,1213,1279
435,b1223,narK,1220,1286
436,b1224,narG,1221,1288
437,b1225,narH,1222,1289
438,b1226,narJ,1223,1290
439,b1227,narI,1224,1291
440,b1232,purU,1227,1297
441,b1236,galU,1231,1301
442,b1238,tdk,1233,1303
443,b1241,adhE,1235,1305
444,b1243,oppA,1238,1309
445,b1244,oppB,1239,1310
446,b1245,oppC,1240,1311
447,b1246,oppD,1241,1312
448,b1247,oppF,1242,1313
449,b1249,clsA,1244,1315
450,b1250,kch,1246,1317
451,b1252,tonB,1248,1319
452,b1260,trpA,1256,1327
453,b1261,trpB,1257,1328
454,b1262,trpC,1258,1329
455,b1263,trpD,1259,1330
456,b1264,trpE,1260,1331
457,b1270,btuR,1266,1337
458,b1276,acnA,1275,1346
459,b1277,ribA,1276,1347
460,b1278,pgpB,1277,1348
461,b1281,pyrF,1280,1351
462,b1285,pdeR,1285,1357
463,b1288,fabI,1289,1361
464,b1291,sapD,1292,1364
465,b1296,puuP,1297,1369
466,b1297,puuA,1299,1371
467,b1298,puuD,1300,1372
468,b1300,puuC,1302,1374
469,b1301,puuB,1303,1375
470,b1302,puuE,1304,1376
471,b1308,pspE,1310,1382
472,b1317,ycjU,1319,1391
473,b1319,ompG,1322,1394
474,b1325,ycjG,1328,1400
475,b1326,mpaA,1329,1401
476,b1329,mppA,1334,1406
477,b1330,ynaI,1335,1407
478,b1336,abgT,1341,1413
479,b1337,abgB,1342,1414
480,b1338,abgA,1343,1415
481,b1341,dgcM,1346,1419
482,b1363,trkG,1371,1448
483,b1377,ompN,1384,1461
484,b1378,ydbK,1385,1463
485,b1380,ldhA,1388,1466
486,b1385,feaB,1393,1471
487,b1386,tynA,1394,1472
488,b1387,paaZ,1395,1473
489,b1388,paaA,1396,1474
490,b1389,paaB,1397,1475
491,b1390,paaC,1398,1476
492,b1391,paaD,1399,1477
493,b1392,paaE,1400,1478
494,b1393,paaF,1401,1479
495,b1394,paaG,1402,1480
496,b1395,paaH,1403,1481
497,b1396,paaI,1404,1482
498,b1397,paaJ,1405,1483
499,b1398,paaK,1406,1484
500,b1400,paaY,1408,1486
501,b1415,aldA,1423,1501
502,b1430,tehB,1437,1518
503,b1440,ydcS,1447,1529
504,b1441,ydcT,1448,1530
505,b1442,ydcU,1449,1531
506,b1443,ydcV,1450,1532
507,b1444,patD,1451,1533
508,b1448,mnaT,1456,1538
509,b1449,curA,1457,1539
510,b1453,ansP,1461,1543
511,b1463,nhoA,1471,1553
512,b1465,narV,1473,1555
513,b1466,narW,1474,1556
514,b1467,narY,1475,1557
515,b1468,narZ,1476,1558
516,b1469,narU,1477,1559
517,b1473,yddG,1481,1563
518,b1474,fdnG,1482,1564
519,b1475,fdnH,1483,1565
520,b1476,fdnI,1484,1566
521,b1478,adhP,1486,1568
522,b1479,maeA,1487,1569
523,b1483,ddpF,1491,1573
524,b1484,ddpD,1492,1574
525,b1485,ddpC,1493,1575
526,b1486,ddpB,1494,1576
527,b1487,ddpA,1495,1577
528,b1488,ddpX,1496,1578
529,b1489,dosP,1497,1579
530,b1490,dosC,1498,1580
531,b1492,gadC,1501,1583
532,b1493,gadB,1502,1584
533,b1511,lsrK,1520,1602
534,b1513,lsrA,1522,1604
535,b1514,lsrC,1523,1605
536,b1515,lsrD,1524,1606
537,b1516,lsrB,1525,1607
538,b1517,lsrF,1526,1608
539,b1518,lsrG,1527,1609
540,b1519,tam,1528,1610
541,b1521,uxaB,1530,1612
542,b1524,glsB,1533,1615
543,b1525,sad,1534,1616
544,b1528,ydeA,1537,1619
545,b1533,eamA,1542,1624
546,b1535,dgcZ,1545,1629
547,b1539,ydfG,1549,1633
548,b1584,speG,1600,1686
549,b1587,ynfE,1603,1689
550,b1588,ynfF,1604,1690
551,b1589,ynfG,1605,1691
552,b1590,ynfH,1606,1692
553,b1592,clcB,1608,1694
554,b1599,mdtI,1616,1702
555,b1600,mdtJ,1617,1703
556,b1601,tqsA,1618,1705
557,b1602,pntB,1619,1706
558,b1603,pntA,1620,1707
559,b1605,ydgI,1622,1709
560,b1606,folM,1623,1710
561,b1611,fumC,1628,1715
562,b1612,fumA,1629,1716
563,b1613,manA,1630,1717
564,b1616,uidB,1633,1720
565,b1617,uidA,1634,1721
566,b1619,hdhA,1636,1723
567,b1621,malX,1638,1725
568,b1622,malY,1639,1726
569,b1623,add,1640,1727
570,b1634,dtpA,1652,1739
571,b1636,pdxY,1654,1741
572,b1638,pdxH,1656,1743
573,b1640,anmK,1658,1745
574,b1646,sodC,1664,1751
575,b1651,gloA,1669,1756
576,b1654,grxD,1672,1759
577,b1655,mepH,1673,1760
578,b1656,sodB,1674,1761
579,b1661,cfa,1680,1767
580,b1662,ribC,1681,1768
581,b1676,pykF,1693,1783
582,b1677,lpp,1694,1784
583,b1678,ldtE,1695,1785
584,b1679,sufE,1696,1786
585,b1680,sufS,1697,1787
586,b1681,sufD,1698,1788
587,b1682,sufC,1699,1789
588,b1683,sufB,1700,1790
589,b1684,sufA,1701,1791
590,b1686,menI,1703,1794
591,b1692,ydiB,1709,1801
592,b1693,aroD,1710,1802
593,b1694,ydiF,1711,1803
594,b1695,ydiO,1712,1804
595,b1701,fadK,1718,1810
596,b1702,ppsA,1719,1811
597,b1704,aroH,1721,1813
598,b1709,btuD,1726,1818
599,b1710,btuE,1727,1819
600,b1711,btuC,1728,1820
601,b1723,pfkB,1740,1832
602,b1727,hxpB,1744,1836
603,b1732,katE,1749,1841
604,b1733,chbG,1750,1842
605,b1734,chbF,1751,1843
606,b1736,chbA,1753,1845
607,b1737,chbC,1754,1846
608,b1738,chbB,1755,1847
609,b1740,nadE,1757,1849
610,b1744,astE,1761,1853
611,b1745,astB,1762,1854
612,b1746,astD,1763,1855
613,b1747,astA,1764,1856
614,b1748,astC,1765,1857
615,b1759,nudG,1776,1868
616,b1761,gdhA,1778,1870
617,b1764,selD,1781,1873
618,b1767,ansA,1784,1876
619,b1768,pncA,1785,1877
620,b1771,ydjG,1788,1880
621,b1778,msrB,1795,1887
622,b1779,gapA,1796,1888
623,b1781,yeaE,1798,1890
624,b1794,dgcP,1811,1903
625,b1798,leuE,1817,1909
626,b1800,dmlA,1819,1911
627,b1801,yeaV,1820,1912
628,b1805,fadD,1824,1916
629,b1812,pabB,1831,1923
630,b1813,nudL,1832,1924
631,b1814,sdaA,1833,1925
632,b1817,manX,1837,1929
633,b1818,manY,1838,1930
634,b1819,manZ,1839,1931
635,b1821,mntP,1841,1933
636,b1832,msrC,1853,1945
637,b1849,purT,1870,1964
638,b1850,eda,1871,1965
639,b1851,edd,1872,1966
640,b1852,zwf,1873,1967
641,b1854,pykA,1875,1969
642,b1855,lpxM,1876,1970
643,b1856,mepM,1877,1971
644,b1857,znuA,1878,1972
645,b1858,znuC,1879,1973
646,b1859,znuB,1880,1974
647,b1865,nudB,1887,1981
648,b1870,cmoA,1892,1986
649,b1872,torZ,1894,1988
650,b1873,torY,1895,1989
651,b1896,otsA,1918,2015
652,b1897,otsB,1919,2016
653,b4460,araH,1920,2017
654,b1900,araG,1921,2018
655,b1901,araF,1922,2019
656,b1907,tyrP,1929,2026
657,b1912,pgsA,1931,2032
658,b1917,tcyN,1937,2039
659,b1918,tcyL,1938,2040
660,b1919,dcyD,1939,2041
661,b1920,tcyJ,1940,2042
662,b1927,amyA,1947,2050
663,b1967,hchA,1982,2087
664,b1981,shiA,1993,2100
665,b1982,amn,1994,2101
666,b1985,yeeO,1996,2104
667,b1990,ldtA,1999,2109
668,b1991,cobT,2000,2110
669,b1992,cobS,2001,2111
670,b1993,cobU,2002,2112
671,b2010,dacD,2019,2135
672,b2014,plaP,2023,2139
673,b2019,hisG,2030,2146
674,b2020,hisD,2031,2147
675,b2021,hisC,2032,2148
676,b2022,hisB,2033,2149
677,b2023,hisH,2034,2150
678,b2024,hisA,2035,2151
679,b2025,hisF,2036,2152
680,b2026,hisI,2037,2153
681,b2027,wzzB,2038,2154
682,b2028,ugd,2039,2155
683,b2029,gnd,2040,2156
684,b2032,wbbK,2043,2159
685,b2033,wbbJ,2044,2160
686,b2034,wbbI,2045,2161
687,b2035,wbbH,2046,2162
688,b2036,glf,2047,2163
689,b2037,rfbX,2048,2164
690,b2038,rfbC,2049,2165
691,b2039,rfbA,2050,2166
692,b2040,rfbD,2051,2167
693,b2041,rfbB,2052,2168
694,b2047,wcaJ,2058,2174
695,b2048,cpsG,2059,2175
696,b2049,cpsB,2060,2176
697,b2051,gmm,2062,2178
698,b2052,fcl,2063,2179
699,b2053,gmd,2064,2180
700,b2065,dcd,2076,2192
701,b2066,udk,2077,2193
702,b2091,gatD,2102,2221
703,b2092,gatC,2103,2222
704,b2093,gatB,2104,2223
705,b2094,gatA,2105,2224
706,b2095,gatZ,2106,2225
707,b2096,gatY,2107,2226
708,b2097,fbaB,2108,2227
709,b2103,thiD,2114,2233
710,b2104,thiM,2115,2234
711,b2128,yehW,2139,2259
712,b2129,yehX,2140,2260
713,b2130,yehY,2141,2261
714,b2131,osmF,2142,2262
715,b2132,bglX,2143,2263
716,b2133,dld,2144,2264
717,b2134,pbpG,2145,2265
718,b2143,cdd,2154,2274
719,b2146,preT,2157,2277
720,b2147,preA,2158,2278
721,b2148,mglC,2159,2279
722,b2149,mglA,2160,2280
723,b2150,mglB,2161,2281
724,b2153,folE,2164,2284
725,b2154,yeiG,2165,2285
726,b2155,cirA,2166,2286
727,b2156,lysP,2167,2287
728,b2162,rihB,2173,2293
729,b2164,psuT,2175,2295
730,b2165,psuG,2176,2296
731,b2166,psuK,2177,2297
732,b2167,fruA,2178,2298
733,b2168,fruK,2179,2299
734,b2169,fruB,2180,2300
735,b2170,setB,2181,2301
736,b2173,yeiR,2185,2305
737,b2174,lpxT,2186,2306
738,b2175,mepS,2187,2307
739,b2177,yejA,2189,2309
740,b2178,yejB,2190,2310
741,b2179,yejE,2191,2311
742,b2180,yejF,2192,2312
743,b2197,ccmE,2207,2328
744,b2198,ccmD,2208,2329
745,b2199,ccmC,2209,2330
746,b2200,ccmB,2210,2331
747,b2201,ccmA,2211,2332
748,b2202,napC,2212,2333
749,b2203,napB,2213,2334
750,b2204,napH,2214,2335
751,b2205,napG,2215,2336
752,b2206,napA,2216,2337
753,b2210,mqo,2221,2342
754,b2215,ompC,2226,2347
755,b2221,atoD,2232,2354
756,b2222,atoA,2233,2355
757,b2223,atoE,2234,2356
758,b2224,atoB,2235,2357
759,b2232,ubiG,2242,2364
760,b2234,nrdA,2245,2367
761,b2235,nrdB,2246,2369
762,b2239,glpQ,2250,2373
763,b2240,glpT,2251,2374
764,b2241,glpA,2252,2375
765,b2242,glpB,2253,2376
766,b2243,glpC,2254,2377
767,b2245,yfaU,2257,2380
768,b2247,rhmD,2259,2382
769,b2251,nudI,2263,2386
770,b2253,arnB,2265,2388
771,b2254,arnC,2266,2389
772,b2255,arnA,2267,2390
773,b2256,arnD,2268,2391
774,b2257,arnT,2269,2392
775,b4544,arnE,2270,2393
776,b2258,arnF,2271,2394
777,b2260,menE,2273,2396
778,b2261,menC,2274,2397
779,b2262,menB,2275,2398
780,b2263,menH,2276,2399
781,b2264,menD,2277,2400
782,b2265,menF,2278,2401
783,b2276,nuoN,2289,2412
784,b2277,nuoM,2290,2413
785,b2278,nuoL,2291,2414
786,b2279,nuoK,2292,2415
787,b2280,nuoJ,2293,2416
788,b2281,nuoI,2294,2417
789,b2282,nuoH,2295,2418
790,b2283,nuoG,2296,2419
791,b2284,nuoF,2297,2420
792,b2285,nuoE,2298,2421
793,b2286,nuoC,2299,2422
794,b2287,nuoB,2300,2423
795,b2288,nuoA,2301,2424
796,b2290,alaA,2303,2426
797,b2291,yfbR,2304,2427
798,b2293,hxpA,2306,2429
799,b2296,ackA,2309,2432
800,b2297,pta,2310,2433
801,b2302,yfcG,2315,2438
802,b2303,folX,2316,2439
803,b2306,hisP,2319,2442
804,b2307,hisM,2320,2443
805,b2308,hisQ,2321,2444
806,b2309,hisJ,2322,2445
807,b2310,argT,2323,2446
808,b2312,purF,2325,2448
809,b2315,folC,2328,2451
810,b2316,accD,2329,2452
811,b2320,pdxB,2333,2456
812,b2323,fabB,2336,2459
813,b2328,mepA,2341,2464
814,b2329,aroC,2342,2465
815,b2341,fadJ,2353,2476
816,b2342,fadI,2354,2477
817,b2344,fadL,2356,2479
818,b2361,yfdR,2371,2497
819,b2366,dsdA,2378,2505
820,b2371,yfdE,2383,2511
821,b2373,oxc,2385,2513
822,b2374,frc,2386,2514
823,b2378,lpxP,2390,2518
824,b2379,alaC,2392,2520
825,b2388,glk,2401,2529
826,b2392,mntH,2404,2532
827,b2393,nupC,2405,2534
828,b2400,gltX,2410,2541
829,b2406,xapB,2412,2547
830,b2407,xapA,2413,2548
831,b2411,ligA,2418,2553
832,b2413,cysZ,2420,2555
833,b2414,cysK,2421,2556
834,b2415,ptsH,2422,2557
835,b2416,ptsI,2423,2558
836,b2417,crr,2424,2559
837,b2418,pdxK,2425,2560
838,b2421,cysM,2428,2563
839,b2422,cysA,2429,2564
840,b2423,cysW,2430,2565
841,b2424,cysU,2431,2566
842,b2425,cysP,2432,2567
843,b2428,murQ,2435,2570
844,b2429,murP,2436,2571
845,b2430,yfeW,2437,2572
846,b2431,yfeX,2438,2573
847,b2435,amiA,2442,2577
848,b2436,hemF,2443,2578
849,b2440,eutC,2447,2582
850,b2441,eutB,2448,2583
851,b2458,eutD,2465,2600
852,b2463,maeB,2470,2605
853,b2464,talA,2471,2606
854,b2465,tktB,2472,2607
855,b2467,nudK,2474,2609
856,b2470,acrD,2477,2612
857,b2472,dapE,2480,2615
858,b2476,purC,2485,2620
859,b2478,dapA,2487,2622
860,b2480,bcp,2489,2624
861,b2481,hyfA,2490,2625
862,b2482,hyfB,2491,2626
863,b2483,hyfC,2492,2627
864,b2484,hyfD,2493,2628
865,b2485,hyfE,2494,2629
866,b2486,hyfF,2495,2630
867,b2487,hyfG,2496,2631
868,b2488,hyfH,2497,2632
869,b2489,hyfI,2498,2633
870,b2490,hyfJ,2499,2634
871,b2492,focB,2501,2636
872,b2497,uraA,2506,2641
873,b2498,upp,2507,2642
874,b2499,purM,2508,2643
875,b2500,purN,2509,2644
876,b2501,ppk,2510,2645
877,b2502,ppx,2511,2646
878,b2503,pdeF,2512,2647
879,b2507,guaA,2516,2651
880,b2508,guaB,2517,2652
881,b2515,ispG,2524,2660
882,b2518,ndk,2527,2663
883,b2519,pbpC,2528,2664
884,b2521,sseA,2530,2666
885,b2523,pepB,2532,2671
886,b2528,iscA,2537,2676
887,b2529,iscU,2538,2677
888,b2530,iscS,2539,2678
889,b2533,suhB,2542,2681
890,b2536,hcaT,2545,2684
891,b2538,hcaE,2548,2687
892,b2539,hcaF,2549,2688
893,b2540,hcaC,2550,2689
894,b2541,hcaB,2551,2690
895,b2542,hcaD,2552,2691
896,b2551,glyA,2561,2700
897,b2552,hmp,2562,2701
898,b2557,purL,2567,2707
899,b2558,mltF,2568,2708
900,b2563,acpS,2574,2715
901,b2564,pdxJ,2575,2716
902,b2574,nadB,2586,2727
903,b2578,eamB,2590,2731
904,b2579,grcA,2591,2732
905,b2582,trxC,2594,2735
906,b2585,pssA,2597,2739
907,b2587,kgtP,2599,2741
908,b2599,pheA,2606,2755
909,b2600,tyrA,2607,2756
910,b2601,aroF,2608,2757
911,b2615,nadK,2621,2770
912,b2660,lhgD,2658,2810
913,b2661,gabD,2659,2811
914,b2662,gabT,2660,2812
915,b2663,gabP,2661,2813
916,b2668,ygaP,2666,2818
917,b2670,alaE,2668,2820
918,b2675,nrdE,2673,2825
919,b2676,nrdF,2674,2826
920,b2677,proV,2675,2827
921,b2678,proW,2676,2828
922,b2679,proX,2677,2829
923,b2682,ygaZ,2679,2831
924,b2683,ygaH,2680,2832
925,b2687,luxS,2684,2836
926,b2688,gshA,2685,2838
927,b2690,yqaB,2687,2840
928,b2700,pncC,2692,2850
929,b2701,mltB,2693,2851
930,b2702,srlA,2694,2852
931,b2703,srlE,2695,2853
932,b2704,srlB,2696,2854
933,b2705,srlD,2697,2855
934,b2708,gutQ,2700,2858
935,b2710,norV,2702,2860
936,b2711,norW,2703,2861
937,b2715,ascF,2707,2865
938,b2716,ascB,2708,2866
939,b2719,hycG,2711,2869
940,b2720,hycF,2712,2870
941,b2721,hycE,2713,2871
942,b2722,hycD,2714,2872
943,b2723,hycC,2715,2873
944,b2724,hycB,2716,2874
945,b2727,hypB,2719,2877
946,b2738,ygbL,2730,2888
947,b2744,umpG,2736,2894
948,b2746,ispF,2738,2896
949,b2747,ispD,2739,2897
950,b2750,cysC,2742,2900
951,b2751,cysN,2743,2901
952,b2752,cysD,2744,2902
953,b2762,cysH,2754,2913
954,b2763,cysI,2755,2914
955,b2764,cysJ,2756,2915
956,b2765,queD,2757,2916
957,b2779,eno,2771,2930
958,b2780,pyrG,2772,2931
959,b2781,mazG,2773,2932
960,b2784,relA,2776,2935
961,b2787,gudD,2779,2938
962,b2788,gudX,2780,2939
963,b2789,gudP,2781,2940
964,b2794,queF,2786,2946
965,b2796,sdaC,2788,2948
966,b2797,sdaB,2789,2949
967,b2799,fucO,2791,2951
968,b2800,fucA,2792,2952
969,b2801,fucP,2793,2953
970,b2802,fucI,2794,2954
971,b2803,fucK,2795,2955
972,b2810,csdA,2802,2963
973,b2813,mltA,2805,2966
974,b2817,amiC,2806,2970
975,b2818,argA,2807,2971
976,b2827,thyA,2816,2980
977,b2835,lplT,2825,2989
978,b2836,aas,2826,2990
979,b2838,lysA,2828,2994
980,b2841,araE,2831,2997
981,b2842,kduD,2832,2998
982,b2843,kduI,2833,2999
983,b2866,xdhA,2855,3022
984,b2867,xdhB,2856,3023
985,b2868,xdhC,2857,3024
986,b2871,ygeX,2860,3027
987,b2873,hyuA,2862,3029
988,b2877,mocA,2866,3033
989,b2882,xanQ,2871,3038
990,b2883,guaD,2872,3039
991,b4464,ghxQ,2873,3040
992,b2888,uacT,2876,3043
993,b2889,idi,2879,3046
994,b2893,dsbC,2883,3050
995,b2895,fldB,2885,3052
996,b2901,bglA,2891,3058
997,b2903,gcvP,2893,3060
998,b2904,gcvH,2894,3061
999,b2905,gcvT,2895,3062
1000,b2906,ubiI,2897,3064
1001,b2907,ubiH,2898,3065
1002,b2912,fau,2902,3070
1003,b2913,serA,2904,3073
1004,b2914,rpiA,2905,3074
1005,b2917,scpA,2908,3077
1006,b2918,argK,2909,3078
1007,b2919,scpB,2910,3079
1008,b2920,scpC,2911,3080
1009,b2923,argO,2914,3083
1010,b2924,mscS,2915,3084
1011,b2925,fbaA,2916,3085
1012,b2926,pgk,2917,3086
1013,b2927,epd,2918,3087
1014,b2930,yggF,2921,3090
1015,b2933,cmtA,2923,3092
1016,b2934,cmtB,2924,3093
1017,b2935,tktA,2925,3094
1018,b2937,speB,2927,3096
1019,b2938,speA,2928,3097
1020,b2942,metK,2932,3102
1021,b2943,galP,2933,3103
1022,b2947,gshB,2937,3107
1023,b2954,rdgB,2944,3114
1024,b2957,ansB,2947,3117
1025,b2963,mltC,2953,3123
1026,b2964,nupG,2954,3124
1027,b2965,speC,2955,3125
1028,b2975,glcA,2963,3136
1029,b2976,glcB,2964,3137
1030,b4467,glcF,2966,3139
1031,b4468,glcE,2967,3140
1032,b2979,glcD,2968,3141
1033,b2987,pitB,2976,3149
1034,b2988,gss,2977,3150
1035,b2989,yghU,2978,3151
1036,b2994,hybC,2983,3156
1037,b2995,hybB,2984,3157
1038,b2996,hybA,2985,3158
1039,b2997,hybO,2986,3159
1040,b3001,gpr,2990,3163
1041,b3003,yghA,2992,3165
1042,b3005,exbD,2993,3166
1043,b3006,exbB,2994,3167
1044,b3008,metC,2995,3168
1045,b3011,yqhD,2998,3171
1046,b3012,dkgA,2999,3172
1047,b3018,plsC,3004,3177
1048,b3028,mdaB,3014,3187
1049,b3029,ygiN,3015,3188
1050,b3032,cpdA,3018,3191
1051,b3034,nudF,3020,3193
1052,b3035,tolC,3021,3194
1053,b3040,zupT,3025,3198
1054,b3041,ribB,3027,3200
1055,b3052,hldE,3040,3215
1056,b3057,bacA,3045,3220
1057,b3058,folB,3046,3221
1058,b3059,plsY,3047,3222
1059,b3061,ttdA,3049,3224
1060,b3062,ttdB,3050,3225
1061,b3063,ttdT,3051,3226
1062,b3070,nfeF,3057,3233
1063,b3073,patA,3060,3236
1064,b3089,sstT,3076,3252
1065,b3091,uxaA,3078,3254
1066,b3092,uxaC,3079,3255
1067,b3093,exuT,3080,3256
1068,b4471,tdcG,3097,3274
1069,b3114,tdcE,3099,3276
1070,b3115,tdcD,3100,3277
1071,b3116,tdcC,3101,3278
1072,b3117,tdcB,3102,3279
1073,b3124,garK,3107,3285
1074,b3125,garR,3108,3286
1075,b3126,garL,3109,3287
1076,b3127,garP,3110,3288
1077,b3128,garD,3111,3289
1078,b3132,kbaZ,3115,3293
1079,b3137,kbaY,3120,3298
1080,b3161,mtr,3144,3322
1081,b3172,argG,3155,3335
1082,b3176,glmM,3158,3339
1083,b3177,folP,3159,3340
1084,b3182,dacB,3164,3345
1085,b3187,ispB,3169,3350
1086,b3189,murA,3171,3352
1087,b3196,yrbG,3178,3359
1088,b3197,kdsD,3179,3360
1089,b3198,kdsC,3180,3361
1090,b3199,lptC,3181,3362
1091,b3200,lptA,3182,3363
1092,b3201,lptB,3183,3364
1093,b3208,mtgA,3190,3371
1094,b3212,gltB,3194,3376
1095,b3213,gltD,3195,3377
1096,b3222,nanK,3204,3386
1097,b3223,nanE,3205,3387
1098,b3224,nanT,3206,3388
1099,b3225,nanA,3207,3389
1100,b3236,mdh,3218,3400
1101,b3240,aaeB,3222,3404
1102,b3241,aaeA,3223,3405
1103,b3248,yhdE,3229,3411
1104,b3253,yhdH,3234,3416
1105,b3255,accB,3235,3419
1106,b3256,accC,3236,3420
1107,b3258,panF,3238,3422
1108,b3265,acrE,3245,3429
1109,b3266,acrF,3246,3430
1110,b3281,aroE,3254,3445
1111,b3290,trkA,3262,3453
1112,b3291,mscL,3263,3454
1113,b3336,bfr,3309,3500
1114,b3350,kefB,3324,3515
1115,b3359,argD,3333,3524
1116,b3360,pabA,3334,3526
1117,b3365,nirB,3339,3531
1118,b3366,nirD,3340,3532
1119,b3367,nirC,3341,3533
1120,b3368,cysG,3342,3534
1121,b3370,frlA,3344,3536
1122,b3371,frlB,3345,3537
1123,b4474,frlC,3346,3538
1124,b3374,frlD,3347,3539
1125,b3385,gph,3358,3550
1126,b3386,rpe,3359,3551
1127,b3389,aroB,3362,3554
1128,b3390,aroK,3363,3555
1129,b3396,mrcA,3369,3561
1130,b3397,nudE,3370,3562
1131,b3399,yrfG,3372,3564
1132,b3403,pck,3376,3568
1133,b3409,feoB,3382,3574
1134,b3412,bioH,3385,3577
1135,b3415,gntT,3388,3580
1136,b3416,malQ,3389,3581
1137,b3417,malP,3390,3582
1138,b3425,glpE,3397,3589
1139,b3426,glpD,3398,3590
1140,b3428,glgP,3400,3592
1141,b3429,glgA,3401,3593
1142,b3430,glgC,3402,3594
1143,b3431,glgX,3403,3595
1144,b3432,glgB,3404,3596
1145,b3433,asd,3405,3599
1146,b4476,gntU,3407,3601
1147,b3437,gntK,3408,3602
1148,b3447,ggt,3419,3614
1149,b3449,ugpQ,3421,3616
1150,b3450,ugpC,3422,3617
1151,b3451,ugpE,3423,3618
1152,b3452,ugpA,3424,3619
1153,b3453,ugpB,3425,3620
1154,b3454,livF,3426,3621
1155,b3455,livG,3427,3622
1156,b3456,livM,3428,3623
1157,b3457,livH,3429,3624
1158,b3458,livK,3430,3625
1159,b3460,livJ,3432,3627
1160,b3469,zntA,3441,3636
1161,b3475,acpT,3447,3642
1162,b3476,nikA,3448,3643
1163,b3477,nikB,3449,3644
1164,b3478,nikC,3450,3645
1165,b3479,nikD,3451,3646
1166,b3480,nikE,3452,3647
1167,b3488,yhiJ,3460,3657
1168,b3493,pitA,3464,3661
1169,b3496,dtpB,3467,3666
1170,b3500,gor,3471,3670
1171,b3502,arsB,3474,3675
1172,b3503,arsC,3475,3676
1173,b3517,gadA,3489,3693
1174,b3519,treF,3491,3695
1175,b3525,pdeH,3497,3701
1176,b3526,kdgK,3498,3702
1177,b3528,dctA,3500,3704
1178,b3540,dppF,3513,3718
1179,b3541,dppD,3514,3719
1180,b3542,dppC,3515,3720
1181,b3543,dppB,3516,3721
1182,b3544,dppA,3517,3722
1183,b3546,eptB,3518,3724
1184,b3551,bisC,3523,3729
1185,b3553,ghrB,3525,3731
1186,b3564,xylB,3538,3747
1187,b3565,xylA,3539,3749
1188,b3566,xylF,3540,3750
1189,b3567,xylG,3541,3751
1190,b3568,xylH,3542,3752
1191,b3571,malS,3545,3756
1192,b3572,avtA,3546,3757
1193,b3575,yiaK,3549,3760
1194,b3577,yiaM,3551,3762
1195,b3578,yiaN,3552,3763
1196,b3579,yiaO,3553,3764
1197,b3580,lyxK,3554,3765
1198,b3581,sgbH,3555,3766
1199,b3582,sgbU,3556,3767
1200,b3583,sgbE,3557,3768
1201,b3588,aldB,3562,3775
1202,b3589,yiaY,3563,3776
1203,b3590,selB,3564,3777
1204,b3599,mtlA,3575,3790
1205,b3600,mtlD,3576,3791
1206,b3603,lldP,3580,3795
1207,b3605,lldD,3582,3797
1208,b3607,cysE,3584,3799
1209,b3608,gpsA,3585,3800
1210,b3610,grxC,3587,3802
1211,b3612,gpmM,3589,3804
1212,b3614,yibQ,3591,3806
1213,b3616,tdh,3593,3808
1214,b3617,kbl,3594,3809
1215,b3619,rfaD,3596,3811
1216,b3620,waaF,3597,3812
1217,b3621,waaC,3598,3813
1218,b3622,waaL,3599,3814
1219,b3623,waaU,3600,3817
1220,b3624,waaZ,3601,3818
1221,b3625,waaY,3602,3819
1222,b3626,waaJ,3603,3820
1223,b3627,waaO,3604,3821
1224,b3628,waaB,3605,3822
1225,b3629,waaS,3606,3823
1226,b3630,waaP,3607,3824
1227,b3631,waaG,3608,3825
1228,b3632,waaQ,3609,3826
1229,b3633,waaA,3610,3828
1230,b3634,coaD,3611,3829
1231,b3639,dfp,3616,3834
1232,b3640,dut,3617,3835
1233,b3642,pyrE,3619,3837
1234,b3648,gmk,3625,3843
1235,b3650,spoT,3627,3845
1236,b3653,gltS,3630,3848
1237,b3654,xanP,3631,3849
1238,b3656,yicI,3633,3851
1239,b3662,nepI,3639,3860
1240,b3664,adeQ,3641,3862
1241,b3665,adeD,3642,3863
1242,b3666,uhpT,3643,3865
1243,b3670,ilvN,3647,3869
1244,b3671,ilvB,3648,3870
1245,b3679,yidK,3657,3881
1246,b3691,dgoT,3668,3893
1247,b4478,dgoD,3669,3894
1248,b4477,dgoA,3670,3895
1249,b3693,dgoK,3671,3896
1250,b3697,yidA,3674,3899
1251,b3708,tnaA,3687,3912
1252,b3709,tnaB,3688,3913
1253,b3713,yieF,3692,3917
1254,b3714,adeP,3693,3918
1255,b3715,yieH,3694,3919
1256,b3721,bglB,3700,3925
1257,b3722,bglF,3701,3926
1258,b3725,pstB,3704,3929
1259,b3726,pstA,3705,3930
1260,b3727,pstC,3706,3931
1261,b3728,pstS,3707,3932
1262,b3729,glmS,3708,3933
1263,b3730,glmU,3709,3934
1264,b3731,atpC,3710,3935
1265,b3732,atpD,3711,3936
1266,b3733,atpG,3712,3937
1267,b3734,atpA,3713,3938
1268,b3735,atpH,3714,3939
1269,b3736,atpF,3715,3940
1270,b3737,atpE,3716,3941
1271,b3738,atpB,3717,3942
1272,b3739,atpI,3718,3943
1273,b3744,asnA,3723,3948
1274,b3747,kup,3726,3951
1275,b3748,rbsD,3727,3952
1276,b3749,rbsA,3728,3953
1277,b3750,rbsC,3729,3954
1278,b3751,rbsB,3730,3955
1279,b3752,rbsK,3731,3957
1280,b3770,ilvE,3742,3974
1281,b3771,ilvD,3743,3975
1282,b3772,ilvA,3744,3976
1283,b3774,ilvC,3746,3978
1284,b3779,gpp,3750,3982
1285,b3781,trxA,3752,3984
1286,b3784,rfe,3755,3987
1287,b3785,wzzE,3756,3988
1288,b3786,wecB,3757,3989
1289,b3787,wecC,3758,3990
1290,b3788,rffG,3759,3991
1291,b3789,rffH,3760,3992
1292,b3790,rffC,3761,3993
1293,b3791,wecE,3762,3994
1294,b3792,wzxE,3763,3995
1295,b4481,wecF,3764,3996
1296,b3793,wzyE,3765,3997
1297,b3794,rffM,3766,3998
1298,b3804,hemD,3772,4009
1299,b3805,hemC,3773,4010
1300,b3806,cyaA,3774,4011
1301,b3809,dapF,3778,4015
1302,b3812,yigB,3781,4018
1303,b3816,corA,3784,4022
1304,b3821,pldA,3789,4027
1305,b3823,rhtC,3791,4029
1306,b3824,rhtB,3792,4030
1307,b3825,pldB,3793,4031
1308,b3826,yigL,3794,4032
1309,b3829,metE,3797,4035
1310,b3831,udp,3799,4037
1311,b3833,ubiE,3801,4039
1312,b3843,ubiD,3809,4048
1313,b3844,fre,3810,4049
1314,b3845,fadA,3811,4050
1315,b3846,fadB,3812,4051
1316,b3849,trkH,3815,4054
1317,b3850,hemG,3816,4055
1318,b3856,mobB,3817,4061
1319,b3857,mobA,3818,4062
1320,b3860,dsbA,3821,4065
1321,b3867,hemN,3827,4073
1322,b3870,glnA,3831,4077
1323,b3875,ompL,3836,4082
1324,b3876,yihO,3837,4083
1325,b3877,yihP,3838,4084
1326,b3878,yihQ,3839,4085
1327,b3880,yihS,3841,4087
1328,b3881,yihT,3842,4088
1329,b3882,yihU,3843,4089
1330,b3883,yihV,3844,4090
1331,b3885,yihX,3846,4092
1332,b3892,fdoI,3853,4099
1333,b3893,fdoH,3854,4100
1334,b3894,fdoG,3855,4101
1335,b3902,rhaD,3863,4109
1336,b3903,rhaA,3864,4110
1337,b3904,rhaB,3865,4111
1338,b3907,rhaT,3868,4114
1339,b3908,sodA,3869,4115
1340,b3909,kdgT,3870,4116
1341,b3915,fieF,3875,4122
1342,b3916,pfkA,3876,4123
1343,b3917,sbp,3877,4124
1344,b3918,cdh,3878,4125
1345,b3919,tpiA,3879,4126
1346,b3924,fpr,3884,4131
1347,b3925,glpX,3885,4132
1348,b3926,glpK,3886,4133
1349,b3927,glpF,3887,4134
1350,b3930,menA,3890,4137
1351,b3939,metB,3899,4146
1352,b3940,metL,3900,4147
1353,b3941,metF,3901,4148
1354,b3942,katG,3902,4149
1355,b3943,yijE,3903,4150
1356,b3945,gldA,3905,4152
1357,b3946,fsaB,3906,4153
1358,b3951,pflD,3910,4157
1359,b3952,pflC,3911,4158
1360,b3956,ppc,3915,4162
1361,b3957,argE,3916,4163
1362,b3958,argC,3917,4164
1363,b3959,argB,3918,4165
1364,b3960,argH,3919,4166
1365,b3962,sthA,3921,4169
1366,b3966,btuB,3925,4173
1367,b3967,murI,3926,4174
1368,b3972,murB,3927,4179
1369,b3974,coaA,3929,4181
1370,b3990,thiH,3940,4197
1371,b3991,thiG,3941,4198
1372,b4407,thiS,3942,4199
1373,b3992,thiF,3943,4200
1374,b3993,thiE,3944,4201
1375,b3994,thiC,3945,4202
1376,b3996,nudC,3947,4204
1377,b3997,hemE,3948,4205
1378,b4005,purD,3956,4213
1379,b4006,purH,3957,4214
1380,b4013,metA,3960,4221
1381,b4014,aceB,3961,4222
1382,b4015,aceA,3962,4223
1383,b4019,metH,3966,4228
1384,b4020,yjbB,3967,4229
1385,b4024,lysC,3971,4233
1386,b4025,pgi,3972,4234
1387,b4031,xylE,3979,4241
1388,b4032,malG,3980,4243
1389,b4033,malF,3981,4244
1390,b4034,malE,3982,4245
1391,b4035,malK,3983,4246
1392,b4036,lamB,3984,4247
1393,b4039,ubiC,3987,4250
1394,b4040,ubiA,3988,4251
1395,b4041,plsB,3989,4252
1396,b4042,dgkA,3990,4253
1397,b4053,alr,4001,4265
1398,b4054,tyrB,4002,4266
1399,b4055,aphA,4004,4268
1400,b4064,ghxP,4013,4278
1401,b4067,actP,4016,4281
1402,b4069,acs,4018,4283
1403,b4070,nrfA,4019,4285
1404,b4071,nrfB,4020,4286
1405,b4072,nrfC,4021,4287
1406,b4073,nrfD,4022,4288
1407,b4077,gltP,4026,4292
1408,b4079,fdhF,4028,4294
1409,b4084,alsK,4034,4300
1410,b4085,alsE,4035,4301
1411,b4086,alsC,4036,4302
1412,b4087,alsA,4037,4303
1413,b4088,alsB,4038,4304
1414,b4090,rpiB,4040,4306
1415,b4092,phnP,4042,4308
1416,b4093,phnO,4043,4309
1417,b4094,phnN,4044,4310
1418,b4095,phnM,4045,4311
1419,b4096,phnL,4046,4312
1420,b4098,phnJ,4048,4314
1421,b4099,phnI,4049,4315
1422,b4100,phnH,4050,4316
1423,b4101,phnG,4051,4317
1424,b4105,phnD,4054,4320
1425,b4106,phnC,4055,4321
1426,b4111,proP,4060,4326
1427,b4115,adiC,4065,4331
1428,b4117,adiA,4067,4333
1429,b4119,melA,4069,4335
1430,b4120,melB,4070,4336
1431,b4122,fumB,4072,4338
1432,b4123,dcuB,4073,4339
1433,b4129,lysU,4080,4346
1434,b4130,dtpC,4081,4347
1435,b4131,cadA,4082,4348
1436,b4132,cadB,4083,4349
1437,b4136,dsbD,4086,4354
1438,b4138,dcuA,4088,4356
1439,b4139,aspA,4089,4358
1440,b4141,yjeH,4091,4360
1441,b4146,epmB,4096,4365
1442,b4151,frdD,4103,4372
1443,b4152,frdC,4104,4373
1444,b4153,frdB,4105,4374
1445,b4154,frdA,4106,4375
1446,b4159,mscM,4111,4380
1447,b4160,psd,4112,4381
1448,b4161,rsgA,4113,4382
1449,b4167,nnr,4117,4389
1450,b4169,amiB,4119,4391
1451,b4173,hflX,4123,4395
1452,b4177,purA,4127,4399
1453,b4192,ulaG,4142,4414
1454,b4193,ulaA,4143,4415
1455,b4194,ulaB,4144,4416
1456,b4195,ulaC,4145,4417
1457,b4196,ulaD,4146,4418
1458,b4197,ulaE,4147,4419
1459,b4198,ulaF,4148,4420
1460,b4208,cycA,4158,4430
1461,b4209,ytfE,4159,4431
1462,b4213,cpdB,4163,4435
1463,b4214,cysQ,4164,4436
1464,b4219,msrA,4169,4441
1465,b4226,ppa,4175,4447
1466,b4227,ytfQ,4176,4448
1467,b4485,ytfR,4177,4449
1468,b4230,ytfT,4178,4450
1469,b4231,yjfF,4179,4451
1470,b4232,fbp,4180,4452
1471,b4233,mpl,4181,4453
1472,b4237,nrdG,4184,4457
1473,b4238,nrdD,4185,4458
1474,b4239,treC,4186,4459
1475,b4240,treB,4187,4460
1476,b4242,mgtA,4190,4463
1477,b4244,pyrI,4192,4465
1478,b4245,pyrB,4193,4466
1479,b4254,argI,4200,4473
1480,b4260,pepA,4206,4479
1481,b4261,lptF,4207,4482
1482,b4262,lptG,4208,4483
1483,b4265,idnT,4211,4486
1484,b4266,idnO,4212,4487
1485,b4267,idnD,4213,4488
1486,b4268,idnK,4214,4489
1487,b4269,ahr,4215,4490
1488,b4287,fecE,4230,4507
1489,b4288,fecD,4231,4508
1490,b4289,fecC,4232,4509
1491,b4290,fecB,4233,4510
1492,b4291,fecA,4234,4511
1493,b4297,yjhG,4240,4519
1494,b4298,yjhH,4241,4520
1495,b4311,nanC,4257,4539
1496,b4321,gntP,4267,4549
1497,b4322,uxuA,4268,4550
1498,b4323,uxuB,4269,4551
1499,b4337,mdtM,4287,4569
1500,b4352,yjiA,4300,4584
1501,b4356,lgoT,4304,4588
1502,b4358,lgoD,4306,4590
1503,b4367,fhuF,4315,4599
1504,b4374,yjjG,4320,4607
1505,b4381,deoC,4328,4615
1506,b4382,deoA,4329,4616
1507,b4383,deoB,4330,4617
1508,b4384,deoD,4331,4618
1509,b4386,lplA,4333,4620
1510,b4388,serB,4335,4622
1511,b4390,nadR,4337,4624
1512,b4392,slt,4339,4626
1513,b4394,yjjX,4341,4628
