locus,symbol,matrix_idx,ecocyc_pos_regulatee,ecocyc_neg_regulatee,ecocyc_dual_regulatee,ecocyc_pos_regulatee_closure,ecocyc_neg_regulatee_closure,ecocyc_dual_regulatee_closure,refined_regulatee
b0020,nhaR,20,25.0,22.0,5,2,0,0,9.0
b0034,caiF,34,10.0,0.0,0,4,0,0,10.0
b0064,araC,64,10.0,12.0,4,2,1,1,18.0
b0069,sgrR,70,4.0,5.0,0,384,344,329,7.0
b0076,leuO,79,18.0,7.0,1,384,344,329,23.0
b0080,cra,83,73.0,84.0,24,384,344,329,132.0
b0081,mraZ,84,0.0,18.0,0,0,0,0,17.0
b0113,pdhR,116,16.0,38.0,0,2,0,0,53.0
b0118,acnB,121,1.0,0.0,0,1,0,0,1.0
b0145,dksA,148,45.0,121.0,4,384,344,329,118.0
b0162,cdaR,167,10.0,0.0,0,1,0,0,9.0
b0169,rpsB,174,0.0,3.0,0,0,0,0,2.0
b0185,accA,191,0.0,2.0,0,0,0,0,2.0
b0208,yafC,215,1.0,0.0,0,0,0,0,1.0
b0225,yafQ,235,0.0,3.0,0,0,0,0,3.0
b0226,dinJ,236,0.0,3.0,0,0,0,0,3.0
b0272,xynR,290,0.0,4.0,0,0,0,0,4.0
b0294,matA,315,2.0,7.0,0,384,344,329,8.0
b0305,rclR,329,3.0,0.0,0,0,0,0,3.0
b0313,betI,336,0.0,4.0,0,0,3,0,4.0
b0315,pdeL,339,2.0,6.0,0,1,0,0,8.0
b0330,prpR,354,4.0,1.0,0,3,0,0,5.0
b0338,cynR,361,3.0,1.0,0,2,0,0,4.0
b0345,lacI,368,0.0,3.0,0,0,0,0,3.0
b0346,mhpR,369,6.0,0.0,0,0,0,0,6.0
b0357,frmR,380,0.0,3.0,0,0,1,0,3.0
b0399,phoB,421,56.0,13.0,5,384,344,329,64.0
b0413,nrdR,435,0.0,9.0,0,0,2,0,9.0
b0435,bolA,457,8.0,5.0,2,384,344,329,11.0
b0440,hupB,462,1.0,8.0,0,384,344,329,8.0
b0447,decR,469,2.0,0.0,0,0,0,0,2.0
b0464,acrR,486,0.0,15.0,0,384,344,329,13.0
b0487,cueR,510,2.0,7.0,0,1,0,0,9.0
b0504,allS,527,3.0,0.0,0,0,0,0,3.0
b0506,allR,529,0.0,8.0,0,0,3,0,8.0
b0535,fimZ,558,5.0,0.0,0,0,0,0,5.0
b0564,appY,594,10.0,0.0,0,3,0,0,10.0
b0566,envY,596,2.0,0.0,0,2,0,0,2.0
b0571,cusR,601,14.0,0.0,0,2,0,0,14.0
b0620,dpiA,654,10.0,1.0,0,9,0,0,11.0
b0676,nagC,706,3.0,34.0,2,6,11,5,34.0
b0683,fur,714,87.0,199.0,11,384,344,329,271.0
b0694,kdpE,727,6.0,3.0,0,1,1,0,9.0
b0730,mngR,766,0.0,3.0,0,0,2,0,3.0
b0761,modE,798,31.0,15.0,0,46,51,25,46.0
b0796,cecR,833,1.0,5.0,0,0,0,0,6.0
b0817,mntR,858,1.0,4.0,0,0,0,0,4.0
b0840,deoR,881,0.0,6.0,0,0,1,0,6.0
b0846,rcdA,887,10.0,4.0,0,384,345,329,14.0
b0889,lrp,932,225.0,257.0,78,384,344,329,326.0
b0911,rpsA,954,4.0,1.0,0,384,344,329,5.0
b0912,ihfB,955,168.0,91.0,27,384,344,329,226.0
b0959,sxy,1002,1.0,0.0,0,0,0,0,1.0
b0995,torR,1042,20.0,3.0,2,384,344,329,21.0
b1013,rutR,1060,2.0,15.0,0,384,344,329,17.0
b1014,putA,1061,0.0,2.0,0,0,1,0,2.0
b1040,csgD,1085,12.0,15.0,0,384,344,329,27.0
b1084,rne,1129,0.0,1.0,0,0,0,0,1.0
b1111,comR,1157,0.0,1.0,0,0,0,0,1.0
b1130,phoP,1177,49.0,14.0,3,384,344,329,57.0
b1162,bluR,1215,0.0,4.0,0,0,0,0,4.0
b1187,fadR,1243,12.0,10.0,0,4,3,1,22.0
b1201,dhaR,1258,3.0,1.0,0,0,0,0,4.0
b1221,narL,1284,45.0,87.0,7,36,45,15,124.0
b1237,hns,1302,89.0,211.0,21,384,344,329,207.0
b1275,cysB,1342,26.0,7.0,0,15,4,4,33.0
b1284,yciT,1354,2.0,2.0,0,0,1,0,4.0
b1299,puuR,1373,0.0,8.0,0,0,0,0,8.0
b1303,pspF,1377,7.0,1.0,0,1,0,0,7.0
b1320,ycjW,1395,0.0,10.0,0,0,2,0,10.0
b1323,tyrR,1398,3.0,10.0,1,1,4,1,12.0
b1328,pgrR,1405,0.0,9.0,0,1,6,1,9.0
b1334,fnr,1411,220.0,120.0,17,384,344,329,318.0
b1356,racR,1440,0.0,5.0,0,384,344,329,5.0
b1358,ydaT,1442,1.0,0.0,0,384,344,329,1.0
b1384,feaR,1470,2.0,0.0,0,0,0,0,2.0
b1399,paaX,1485,0.0,14.0,0,0,6,0,14.0
b1422,ydcI,1511,5.0,0.0,0,0,0,0,4.0
b1434,sutR,1523,2.0,7.0,1,384,344,329,8.0
b1438,hicB,1527,0.0,2.0,0,0,0,0,2.0
b1450,mcbR,1540,5.0,1.0,0,0,0,0,6.0
b1499,ydeO,1591,21.0,3.0,0,384,344,329,23.0
b1507,hipA,1599,0.0,5.0,0,0,0,0,5.0
b1508,hipB,1600,0.0,8.0,0,0,0,0,8.0
b1512,lsrR,1603,0.0,9.0,0,0,0,0,9.0
b1530,marR,1621,0.0,3.0,0,384,344,329,3.0
b1531,marA,1622,47.0,10.0,0,384,344,329,56.0
b1540,rspR,1634,0.0,2.0,0,0,0,0,2.0
b1563,relE,1664,0.0,3.0,0,0,0,0,3.0
b1564,relB,1665,0.0,3.0,0,0,0,0,3.0
b1570,dicA,1671,1.0,5.0,0,0,0,0,6.0
b1594,mlc,1696,0.0,10.0,0,6,1,0,10.0
b1608,rstA,1712,5.0,5.0,0,384,344,329,10.0
b1618,uidR,1722,0.0,4.0,0,0,2,0,4.0
b1620,malI,1724,0.0,3.0,0,0,0,0,3.0
b1642,slyA,1747,39.0,9.0,0,384,344,329,48.0
b1649,nemR,1754,0.0,3.0,0,0,0,0,3.0
b1658,purR,1764,0.0,32.0,0,0,8,0,32.0
b1659,punR,1765,1.0,0.0,0,0,0,0,1.0
b1696,ydiP,1805,2.0,0.0,0,384,344,329,2.0
b1712,ihfA,1821,168.0,91.0,27,384,344,329,226.0
b1716,rplT,1825,0.0,2.0,0,0,0,0,2.0
b1719,thrS,1828,0.0,1.0,0,0,0,0,1.0
b1735,chbR,1844,6.0,6.0,6,5,5,5,6.0
b1790,nimR,1899,0.0,2.0,0,0,0,0,2.0
b1827,kdgR,1940,0.0,2.0,0,0,0,0,2.0
b1853,yebK,1968,0.0,1.0,0,0,0,0,1.0
b1891,flhC,2010,89.0,4.0,0,384,344,329,92.0
b1892,flhD,2011,89.0,4.0,0,384,344,329,92.0
b1914,uvrY,2034,6.0,0.0,0,384,344,329,3.0
b1916,sdiA,2037,6.0,3.0,1,384,344,329,7.0
b1921,fliZ,2043,0.0,22.0,0,384,344,329,21.0
b1922,fliA,2044,79.0,0.0,0,384,344,329,76.0
b1951,rcsA,2072,10.0,6.0,0,384,344,329,16.0
b1969,hprR,2089,9.0,5.0,0,2,0,0,14.0
b1987,cbl,2106,9.0,0.0,0,7,0,0,9.0
b1988,nac,2107,160.0,373.0,3,384,344,329,518.0
b4539,yoeB,2143,0.0,2.0,0,0,0,0,2.0
b2017,yefM,2144,0.0,2.0,0,0,0,0,2.0
b2079,baeR,2210,9.0,0.0,0,0,0,0,9.0
b2101,yegW,2231,0.0,3.0,0,0,0,0,3.0
b2105,rcnR,2235,0.0,3.0,0,0,0,0,3.0
b2125,btsR,2255,1.0,14.0,0,384,344,329,15.0
b2127,mlrA,2257,10.0,0.0,0,384,344,329,10.0
b2151,galS,2282,4.0,10.0,4,2,2,2,10.0
b2157,yeiE,2288,4.0,11.0,0,0,5,0,15.0
b2163,yeiL,2294,1.0,0.0,0,0,0,0,1.0
b2185,rplY,2317,0.0,1.0,0,0,0,0,1.0
b2193,narP,2324,33.0,33.0,15,18,18,10,51.0
b2213,ada,2345,4.0,2.0,2,0,0,0,4.0
b2217,rcsB,2350,58.0,8.0,2,384,344,329,62.0
b2220,atoC,2353,4.0,0.0,0,1,0,0,4.0
b2289,lrhA,2425,3.0,2.0,0,384,344,329,5.0
b2316,accD,2452,0.0,2.0,0,0,0,0,2.0
b2364,dsdC,2503,2.0,1.0,0,0,0,0,3.0
b2369,evgA,2509,19.0,0.0,0,384,344,329,17.0
b2381,pyrR,2522,1.0,0.0,0,0,0,0,1.0
b2398,yfeC,2539,1.0,5.0,0,0,0,0,6.0
b2405,xapR,2546,2.0,0.0,0,0,0,0,2.0
b2427,murR,2569,1.0,3.0,1,0,0,0,3.0
b2491,hyfR,2635,12.0,0.0,0,10,0,0,12.0
b2531,iscR,2679,11.0,22.0,0,0,11,0,33.0
b2537,hcaR,2685,5.0,2.0,0,0,0,0,7.0
b2554,glrR,2703,6.0,0.0,0,384,344,329,5.0
b2573,rpoE,2725,130.0,0.0,0,384,344,329,126.0
b2576,srmB,2729,2.0,0.0,0,0,0,0,2.0
b2624,alpA,2779,1.0,2.0,0,384,344,329,3.0
b2664,glaR,2814,44.0,75.0,0,386,346,330,119.0
b2669,stpA,2819,11.0,10.0,0,384,344,329,19.0
b2684,mprA,2833,0.0,5.0,0,0,0,0,5.0
b2696,csrA,2846,6.0,19.0,0,384,344,329,25.0
b2697,alaS,2847,0.0,1.0,0,0,0,0,1.0
b2706,gutM,2856,7.0,0.0,0,2,2,2,7.0
b2707,srlR,2857,0.0,7.0,0,2,2,2,7.0
b2709,norR,2859,2.0,1.0,0,2,0,0,3.0
b2714,ascG,2864,0.0,5.0,0,3,1,0,5.0
b2731,fhlA,2881,30.0,0.0,0,12,0,0,30.0
b2735,ygbI,2885,0.0,2.0,0,0,0,0,2.0
b2741,rpoS,2891,337.0,0.0,0,384,344,329,325.0
b2782,mazF,2933,0.0,3.0,0,0,0,0,3.0
b2783,mazE,2934,0.0,3.0,0,0,0,0,3.0
b2805,fucR,2957,7.0,0.0,0,4,0,0,7.0
b2808,gcvA,2960,4.0,4.0,3,384,344,329,4.0
b2837,galR,2993,4.0,10.0,4,2,2,2,10.0
b2839,lysR,2995,1.0,1.0,0,0,0,0,2.0
b2916,argP,3076,14.0,1.0,0,384,344,329,15.0
b2980,glcC,3142,6.0,1.0,0,0,0,0,7.0
b3010,yqhC,3170,2.0,0.0,0,0,0,0,2.0
b3021,mqsA,3180,0.0,11.0,0,384,344,329,11.0
b3023,ygiV,3182,0.0,1.0,0,0,0,0,1.0
b3025,qseB,3184,12.0,2.0,1,384,344,329,13.0
b3060,ttdR,3223,4.0,0.0,0,0,0,0,4.0
b3067,rpoD,3230,1697.0,0.0,0,384,344,329,1547.0
b3071,nfeR,3234,0.0,2.0,0,0,0,0,2.0
b3075,ebgR,3238,0.0,2.0,0,0,0,0,2.0
b3082,higA,3245,0.0,2.0,0,0,0,0,2.0
b3083,higB,3246,0.0,2.0,0,0,0,0,2.0
b3094,exuR,3257,0.0,10.0,0,0,4,0,10.0
b3105,yhaJ,3269,8.0,0.0,0,0,0,0,8.0
b3118,tdcA,3280,7.0,0.0,0,4,0,0,7.0
b3119,tdcR,3281,7.0,0.0,0,4,0,0,7.0
b3131,agaR,3292,0.0,9.0,0,0,2,0,9.0
b3162,deaD,3323,4.0,0.0,0,384,344,329,4.0
b3164,pnp,3326,0.0,1.0,0,0,0,0,1.0
b3165,rpsO,3328,0.0,1.0,0,0,0,0,1.0
b3202,rpoN,3365,139.0,6.0,0,384,344,329,142.0
b3226,nanR,3390,1.0,10.0,0,0,3,0,11.0
b3231,rplM,3395,0.0,2.0,0,0,0,0,2.0
b3237,argR,3401,12.0,51.0,0,384,344,329,61.0
b3243,aaeR,3407,3.0,0.0,0,0,0,0,3.0
b3255,accB,3419,0.0,2.0,0,0,1,0,2.0
b3261,fis,3425,161.0,91.0,6,384,344,329,167.0
b3264,envR,3428,0.0,2.0,0,0,0,0,2.0
b3292,zntR,3456,1.0,3.0,1,1,1,1,3.0
b3296,rpsD,3460,0.0,4.0,0,0,0,0,4.0
b3306,rpsH,3470,0.0,12.0,0,0,0,0,12.0
b3319,rplD,3483,0.0,12.0,0,0,0,0,12.0
b3341,rpsG,3505,0.0,4.0,0,0,0,0,4.0
b3357,crp,3522,496.0,158.0,58,384,344,329,564.0
b3375,frlR,3540,0.0,5.0,0,0,3,0,5.0
b3405,ompR,3570,30.0,26.0,1,384,344,329,51.0
b3418,malT,3583,11.0,0.0,0,6,1,0,10.0
b3422,rtcR,3586,2.0,0.0,0,0,0,0,2.0
b3438,gntR,3603,0.0,12.0,0,4,5,4,12.0
b3461,rpoH,3628,174.0,0.0,0,384,344,329,139.0
b3481,nikR,3648,0.0,6.0,0,0,5,0,6.0
b3501,arsR,3674,0.0,3.0,0,0,2,0,3.0
b3512,gadE,3686,40.0,0.0,0,384,344,329,38.0
b3515,gadW,3690,11.0,11.0,7,384,344,329,13.0
b3516,gadX,3692,27.0,11.0,4,384,344,329,32.0
b3556,cspA,3734,2.0,0.0,0,384,344,329,2.0
b3569,xylR,3753,7.0,1.0,0,2,1,1,8.0
b3574,plaR,3759,0.0,14.0,0,0,9,0,14.0
b3585,yiaU,3772,6.0,0.0,0,1,0,0,6.0
b3590,selB,3777,0.0,2.0,0,0,1,0,2.0
b3604,lldR,3796,11.0,3.0,3,384,344,329,10.0
b3669,uhpA,3868,2.0,0.0,0,384,344,329,1.0
b3687,ibpA,3889,0.0,2.0,0,0,0,0,2.0
b4479,dgoR,3897,0.0,5.0,0,0,4,0,5.0
b3702,dnaA,3904,7.0,17.0,6,384,344,329,18.0
b3711,yidZ,3915,0.0,4.0,0,0,1,0,4.0
b3723,bglG,3927,3.0,0.0,0,1,0,0,3.0
b3743,asnC,3947,1.0,3.0,0,0,0,0,4.0
b3753,rbsR,3958,3.0,9.0,0,1,3,0,11.0
b3755,yieP,3960,1.0,4.0,0,0,2,0,5.0
b4480,hdfR,3967,4.0,2.0,0,384,344,329,6.0
b3773,ilvY,3977,1.0,1.0,0,0,0,0,2.0
b3783,rho,3986,0.0,1.0,0,0,0,0,1.0
b3828,metR,4034,4.0,2.0,1,1,0,0,5.0
b3868,glnG,4075,49.0,7.0,6,384,344,329,50.0
b3884,csqR,4091,0.0,5.0,0,0,4,0,5.0
b3905,rhaS,4112,9.0,6.0,3,1,1,1,6.0
b3906,rhaR,4113,2.0,0.0,0,1,1,1,2.0
b3912,cpxR,4119,76.0,50.0,0,384,344,329,122.0
b3934,cytR,4141,0.0,14.0,0,384,344,329,14.0
b3936,rpmE,4143,0.0,1.0,0,0,0,0,1.0
b3938,metJ,4145,0.0,15.0,0,1,4,0,15.0
b3961,oxyR,4168,33.0,13.0,1,384,344,329,43.0
b3963,fabR,4170,0.0,2.0,0,0,2,0,2.0
b3973,birA,4180,0.0,5.0,0,0,1,0,5.0
b3984,rplA,4190,0.0,6.0,0,0,0,0,6.0
b4000,hupA,4208,1.0,8.0,0,384,344,329,8.0
b4004,zraR,4212,24.0,3.0,0,384,344,329,26.0
b4018,iclR,4227,0.0,4.0,0,0,2,0,4.0
b4043,lexA,4254,0.0,63.0,0,384,344,329,62.0
b4046,zur,4257,0.0,7.0,0,0,0,0,7.0
b4062,soxS,4275,48.0,3.0,0,384,344,329,50.0
b4063,soxR,4276,7.0,1.0,0,384,344,329,8.0
b4089,alsR,4305,0.0,6.0,0,0,5,0,6.0
b4113,basR,4329,24.0,2.0,0,392,344,329,26.0
b4116,adiY,4332,8.0,0.0,0,384,344,329,8.0
b4118,melR,4334,3.0,3.0,3,1,1,1,3.0
b4124,dcuR,4340,12.0,0.0,0,14,0,0,12.0
b4133,cadC,4350,3.0,0.0,0,2,0,0,3.0
b4172,hfq,4394,1.0,5.0,0,0,1,0,6.0
b4178,nsrR,4400,2.0,83.0,0,384,347,331,84.0
b4187,aidB,4409,0.0,1.0,0,0,0,0,1.0
b4191,ulaR,4413,0.0,7.0,0,0,6,0,7.0
b4200,rpsF,4422,0.0,4.0,0,0,0,0,4.0
b4202,rpsR,4424,0.0,4.0,0,0,0,0,4.0
b4241,treR,4461,0.0,2.0,0,0,2,0,2.0
b4260,pepA,4479,0.0,3.0,0,0,1,0,3.0
b4264,idnR,4485,5.0,2.0,0,4,1,0,7.0
b4293,fecI,4513,5.0,0.0,0,0,0,0,5.0
b4324,uxuR,4552,0.0,11.0,0,0,4,0,11.0
b4327,hypT,4558,8.0,5.0,0,4,0,0,13.0
b4365,yjjQ,4597,0.0,10.0,0,384,344,329,10.0
b4366,bglJ,4598,15.0,0.0,0,384,344,329,15.0
b4390,nadR,4624,0.0,4.0,0,0,2,0,4.0
b4393,trpR,4627,0.0,12.0,0,0,3,0,12.0
b4396,rob,4630,37.0,12.0,0,384,344,329,48.0
b4398,creB,4632,12.0,4.0,0,1,4,0,15.0
b4401,arcA,4635,83.0,162.0,11,384,344,329,229.0
