regulator,edge,regulated
C0293,-,hcaR
C0293,-,FadR
C0293,-,HcaR
C0293,-,fadR
C0293,-,iroK
aaeR,+,aaeX
aaeR,+,aaeA
aaeR,+,aaeB
accA;accD,-,accD
accA;accD,-,accA
accB,-,accB
accB,-,accC
accB,-,AccB
acnB,+,acnB
acrR,-,SoxR
acrR,-,MarR
acrR,-,mdtJ
acrR,-,AcrR
acrR,-,MarA
acrR,-,mdtI
acrR,-,SoxS
acrR,-,mdtU
acrR,-,puuA
acrR,-,flhD
acrR,-,soxR
acrR,-,soxS
acrR,-,flhC
acrR,-,marR
acrR,-,marB
acrR,-,marA
acrR,-,micF
acrR,-,acrR
acrR,-,acrB
acrR,-,acrA
ada,-+,alkB
ada,+,aidB
ada,+,alkA
ada,+,AidB
ada,-+,ada
ada,-+,Ada
adiY,+,gltB
adiY,+,gadA
adiY,+,GadX
adiY,+,gadX
adiY,+,gltF
adiY,+,adiA
adiY,+,gadC
adiY,+,gltD
adiY,+,gadB
agaR,-,agaD
agaR,-,agaV
agaR,-,agaW
agaR,-,agaS
agaR,-,agaR
agaR,-,agaB
agaR,-,agaC
agaR,-,kbaZ
agaR,-,agaA
agaR,-,AgaR
agaR,-,agaI
agaR,-,kbaY
agrB,-,dinQ
aidB,-,aidB
aidB,-,AidB
alaS,-,alaS
alaS,-,AlaS
allR,-,AllS
allR,-,glxK
allR,-,allS
allR,-,allA
allR,-,hyi
allR,-,glxR
allR,-,allW
allR,-,allB
allR,-,ybbY
allR,-,gcl
allS,+,allE
allS,+,allC
allS,+,allD
alpA,-,PhoB
alpA,+,intA
alpA,-,phoR
alpA,-,phoB
alsR,-,alsR
alsR,-,AlsR
alsR,-,alsE
alsR,-,rpiB
alsR,-,alsA
alsR,-,alsB
alsR,-,alsC
ameF,+,MazE
ameF,+,mazF
ameF,+,mazE
appY,+,hyaC
appY,+,hyaD
appY,+,hyaE
appY,+,hyaA
appY,+,appA
appY,+,appB
appY,+,appC
appY,+,appX
appY,+,hyaB
appY,+,hyaF
araC,-,xylB
araC,-+,araA
araC,+,ygeA
araC,-+,AraC
araC,-+,araC
araC,-,yjfF
araC,-,ytfQ
araC,-,ytfR
araC,-,xylA
araC,-,ytfT
araC,-,ydeM
araC,+,araJ
araC,+,araH
araC,-+,araB
araC,+,araG
araC,+,araF
araC,-,ydeN
araC,+,araE
araC,-+,araD
arcA,-,puuR
arcA,-,cycA
arcA,+,caiE
arcA,-,gatD
arcA,-,gatY
arcA,+,prmC
arcA,-,gatC
arcA,-,puuB
arcA,-,gatA
arcA,-,lldR
arcA,-,lldP
arcA,+,sstT
arcA,-,hybG
arcA,-,hybF
arcA,-,hybE
arcA,-,hybD
arcA,-,lldD
arcA,-,hybC
arcA,-,hybA
arcA,+,yfiF
arcA,+,grcA
arcA,-,nuoF
arcA,-,nuoM
arcA,-,rsd
arcA,-,phoH
arcA,-,hybB
arcA,-,yeiQ
arcA,-,yejG
arcA,-,mqo
arcA,-,msrB
arcA,-,acnB
arcA,-,yhjE
arcA,+,gadX
arcA,+,treB
arcA,-,feoA
arcA,-,nuoN
arcA,-,nuoL
arcA,-,nuoK
arcA,-,nuoJ
arcA,-,nuoI
arcA,-,nuoH
arcA,-,nuoG
arcA,-,nuoE
arcA,-,nuoC
arcA,-,nuoB
arcA,-,nuoA
arcA,-,gatB
arcA,-,dctA
arcA,+,nupC
arcA,+,xylR
arcA,+,rutA
arcA,+,iraM
arcA,-,puuP
arcA,-,puuA
arcA,-,puuD
arcA,-,puuE
arcA,-,tpx
arcA,-,ynaJ
arcA,-,pqqU
arcA,-,yncE
arcA,-,ydgC
arcA,+,rstA
arcA,-,gatZ
arcA,-,fadJ
arcA,-,fadI
arcA,+,pyrS
arcA,-,glaH
arcA,-,glcA
arcA,-,glcG
arcA,-,glcE
arcA,-,glcD
arcA,-,glcC
arcA,-,hybO
arcA,-,nudE
arcA,+,igaA
arcA,+,yhgE
arcA,-,yjiR
arcA,+,rutB
arcA,-,glcB
arcA,+,rutC
arcA,+,rutE
arcA,+,micF
arcA,+,acpP
arcA,-,rmf
arcA,+,gadA
arcA,+,appX
arcA,+,gadF
arcA,-,ymjE
arcA,-+,sdhX
arcA,-,glcF
arcA,+,gcvB
arcA,-,arcZ
arcA,-,sroD
arcA,-,fadH
arcA,-,fadE
arcA,+,ybdN
arcA,-,citG
arcA,-,citX
arcA,-,citF
arcA,-,citD
arcA,-,citC
arcA,+,dpiB
arcA,+,dpiA
arcA,+,dcuC
arcA,-+,b0725
arcA,-,ybiU
arcA,+,rutG
arcA,+,rutF
arcA,+,rutD
arcA,-,citE
arcA,+,appC
arcA,-,ydeA
arcA,+,RstA
arcA,+,DpiA
arcA,+,GadX
arcA,-,PutA
arcA,-,GlcC
arcA,-,PuuR
arcA,-,FNR
arcA,-,glpE
arcA,-,glpC
arcA,-,glpB
arcA,-,glpA
arcA,-,fumC
arcA,+,fumB
arcA,-,fumA
arcA,-,glpD
arcA,-,fnr
arcA,+,ArgR
arcA,+,AppY
arcA,-,rpoS
arcA,-,icd
arcA,+,hyaF
arcA,+,hyaE
arcA,+,hyaD
arcA,+,hyaC
arcA,+,ArcA
arcA,+,hyaB
arcA,+,hemA
arcA,-,gltA
arcA,-,LldR
arcA,-,BetI
arcA,+,GadE
arcA,-,yieE
arcA,+,hyaA
arcA,-,kdpA
arcA,-,fadL
arcA,-,fadA
arcA,+,argR
arcA,+,arcA
arcA,+,appY
arcA,+,appA
arcA,-,puuC
arcA,-,aldA
arcA,-,argT
arcA,+,ackA
arcA,-,aceF
arcA,-,aceE
arcA,-,aceB
arcA,-,aceA
arcA,+,cydC
arcA,+,dcuB
arcA,-,aceK
arcA,-,fadB
arcA,-,betA
arcA,-,betI
arcA,+,dppA
arcA,-,cyoE
arcA,-,cyoD
arcA,-,cyoC
arcA,-,cyoB
arcA,-,cyoA
arcA,-,betB
arcA,+,cydB
arcA,+,moeB
arcA,+,moeA
arcA,+,carA
arcA,-,cadB
arcA,-,cadA
arcA,-,betT
arcA,+,cydA
arcA,-,kgtP
arcA,+,XylR
arcA,+,manA
arcA,-,ubiC
arcA,-,acnA
arcA,-,rhaT
arcA,-+,focA
arcA,-,lpd
arcA,-,ompW
arcA,-,xthA
arcA,-,uvrA
arcA,-,thrA
arcA,-+,sucD
arcA,-+,sucC
arcA,-+,sucB
arcA,-+,sucA
arcA,-,ssb
arcA,-,sodA
arcA,-,ubiA
arcA,-+,sdhD
arcA,-,folE
arcA,-,osmY
arcA,-,potF
arcA,-,thiC
arcA,+,caiT
arcA,+,caiA
arcA,+,caiB
arcA,+,caiC
arcA,+,caiD
arcA,+,gadE
arcA,-,fadD
arcA,+,ybfA
arcA,-,yigI
arcA,-,sthA
arcA,+,cydD
arcA,+,treC
arcA,+,dsbB
arcA,+,appB
arcA,-+,sdhC
arcA,+,dcuA
arcA,-,oppC
arcA,-,oppD
arcA,+,pflB
arcA,+,pldA
arcA,+,pncB
arcA,+,pntA
arcA,+,prfA
arcA,-,ptsG
arcA,-,putA
arcA,-,putP
arcA,-,oppB
arcA,+,rho
arcA,-,rplB
arcA,-,rplC
arcA,-,oppF
arcA,-,rplD
arcA,-,rplV
arcA,-,rplW
arcA,-,rpmC
arcA,-,rpsC
arcA,-,rpsJ
arcA,-,rpsQ
arcA,-,rpsS
arcA,-+,sdhA
arcA,-+,sdhB
arcA,-+,oppA
arcA,-,ndk
arcA,-,ndh
arcA,-,mdh
arcA,-,rplP
arcA,-,pepN
arcZ,+,rpoS
arcZ,-,mutS
arcZ,-,LrhA
arcZ,-,flhC
arcZ,-,flhD
arcZ,-,eptB
arcZ,-,lrhA
argP,-,ArgP
argP,+,asd
argP,+,dapB
argP,+,dapD
argP,+,dnaA
argP,+,DnaA
argP,+,dnaN
argP,+,gdhA
argP,-,argP
argP,+,lysC
argP,+,nrdA
argP,+,nrdB
argP,+,recF
argP,+,argO
argP,+,lysP
argP,+,yfaE
argP,+,lysA
argR,+,astB
argR,-,lysO
argR,+,ykgA
argR,-,ydgI
argR,+,astE
argR,+,astD
argR,-,yhcC
argR,+,astC
argR,-,hchA
argR,-,yfcC
argR,+,eutS
argR,+,yraQ
argR,-,mcaS
argR,+,astA
argR,-,metY
argR,-,artI
argR,-,hisJ
argR,-,waaA
argR,-,infB
argR,-,hisP
argR,+,gltP
argR,-,gltB
argR,-,hisQ
argR,-,ArgR
argR,-,StpA
argR,-,Lrp
argR,-,ftsZ
argR,-,dacC
argR,-,cvpA
argR,-,carB
argR,-,carA
argR,+,aroP
argR,-,aroK
argR,-,argR
argR,-,argI
argR,-,argG
argR,-,argF
argR,-,argD
argR,-,argC
argR,-,argB
argR,-,argA
argR,-,hisM
argR,-,lrp
argR,-,nusA
argR,-,gltD
argR,-,hisL
argR,-,argE
argR,-,stpA
argR,-,pyrL
argR,+,yaaU
argR,-,artP
argR,-,mukE
argR,-,argH
argR,-,rimP
argR,-,dps
argR,-,artQ
argR,-,rbfA
argR,-,artM
argR,-,artJ
argR,-,potF
argR,-,truB
argR,+,yffB
argR,-,rpsO
argR,-,pnp
argR,-,pfkB
argR,+,puuB
argR,-,gltF
arrS,+,gadF
arrS,+,GadE
arrS,+,cfa
arrS,+,gadE
arsR,-,ArsR
arsR,-,arsB
arsR,-,arsC
arsR,-,arsR
ascG,-,ybiT
ascG,-,prpR
ascG,-,PrpR
ascG,-,htpG
ascG,-,ascF
ascG,-,ascB
asflhD,-,flhD
asnC,-,AsnC
asnC,+,asnA
asnC,-,asnC
asnC,-,mnmG
asnC,-,mioC
atoC,+,atoD
atoC,+,atoA
atoC,+,atoB
atoC,+,atoE
azuR,-,galE
azuR,-,cadA
baeR,+,mdtC
baeR,+,mdtB
baeR,+,spy
baeR,+,mdtD
baeR,+,baeR
baeR,+,baeS
baeR,+,ycaC
baeR,+,acrD
baeR,+,mdtA
baeR,+,BaeR
basR,+,fimB
basR,+,glpB
basR,+,glpC
basR,+,hha
basR,-,putA
basR,+,waaH
basR,+,eptA
basR,+,emrD
basR,+,tomB
basR,+,qseC
basR,+,arnE
basR,+,csgG
basR,+,csgF
basR,+,glpA
basR,+,csgD
basR,+,cspI
basR,+,arnB
basR,+,arnC
basR,+,arnA
basR,+,CsgD
basR,+,QseB
basR,-,PutA
basR,+,arnD
basR,+,arnT
basR,+,arnF
basR,+,qseB
basR,-,yrbL
basR,+,dgkA
basR,+,csgE
betI,-,BetI
betI,-,betT
betI,-,betI
betI,-,betB
betI,-,betA
bglJ;rcsB,+,ynbD
bglJ;rcsB,+,LeuO
bglJ;rcsB,+,ykiA
bglJ;rcsB,+,yehF
bglJ;rcsB,+,yidL
bglJ;rcsB,+,sfsB
bglJ;rcsB,+,leuO
bglJ;rcsB,+,bglG
bglJ;rcsB,+,bglF
bglJ;rcsB,+,bglB
bglJ;rcsB,+,ynbB
bglJ;rcsB,+,ygiZ
bglJ;rcsB,+,yqhG
bglJ;rcsB,+,yecT
bglJ;rcsB,+,ynjI
bglJ;rcsB,+,ynbA
bglJ;rcsB,+,ynbC
birA,-,bioF
birA,-,bioD
birA,-,bioC
birA,-,bioB
birA,-,bioA
bluR,-,ymgC
bluR,-,ycgZ
bluR,-,ymgA
bluR,-,ariR
bolA,+,csgE
bolA,+,csgD
bolA,+,csgF
bolA,+,csgG
bolA,+,csgA
bolA,-,mreD
bolA,-,mreC
bolA,-,mreB
bolA,+,fimH
bolA,-+,dacC
bolA,-+,ampC
bolA,+,CsgD
btsR,-,aceF
btsR,-,aceE
btsR,-,lpd
btsR,-,PdhR
btsR,-,mdh
btsR,-,pdhR
btsR,-,csgB
btsR,-,cspC
btsR,-,csgD
btsR,-,csgG
btsR,-,csgF
btsR,-,csgE
btsR,+,btsT
btsR,-,yobF
btsR,-,csgC
btsR,-,csgA
btsR,-,CsgD
cadC,+,cadC
cadC,+,CadC
cadC,+,cadA
cadC,+,cadB
caiF,+,caiA
caiF,+,caiE
caiF,+,caiT
caiF,+,fixA
caiF,+,fixB
caiF,+,fixC
caiF,+,fixX
caiF,+,caiB
caiF,+,caiC
caiF,+,caiD
cbl,+,tauA
cbl,+,tauB
cbl,+,tauC
cbl,+,ssuC
cbl,+,ssuD
cbl,+,ssuA
cbl,+,ssuE
cbl,+,ssuB
cbl,+,tauD
cdaR,+,garK
cdaR,+,garR
cdaR,+,cdaR
cdaR,+,garD
cdaR,+,garP
cdaR,+,CdaR
cdaR,+,gudP
cdaR,+,gudX
cdaR,+,gudD
cdaR,+,garL
cdaR,+,rnpB
cecR,-,cecR
cecR,-,ybhR
cecR,-,ybhS
cecR,-,ybhF
cecR,-,ybhG
cecR,+,rhlE
cecR,-,CecR
chbR,-+,chbC
chbR,-+,ChbR
chbR,-+,chbB
chbR,-+,chbR
chbR,-+,chbG
chbR,-+,chbF
chbR,-+,chbA
chiX,-,DpiA
chiX,-,chiQ
chiX,-,chiP
chiX,-,dpiA
chiX,-,dpiB
chiX,-,chiZ
chiX,-,chbC
citR,-,citR
citR,-,ybdN
citR,-,CitR
citR,-,ybdM
comR,-,bhsA
cpxQ,-,skp
cpxQ,-,cfa
cpxQ,-,cpxP
cpxR,+,MarA
cpxR,+,MarR
cpxR,-,Cbl
cpxR,+,CspA
cpxR,-,CsgD
cpxR,-,btsT
cpxR,+,gapC
cpxR,-,MatA
cpxR,+,yjfN
cpxR,+,CpxR
cpxR,+,mdtB
cpxR,+,mdtC
cpxR,-,fadI
cpxR,+,frc
cpxR,-,rseC
cpxR,-,rseB
cpxR,+,slt
cpxR,+,yqaE
cpxR,+,casA
cpxR,+,ygjR
cpxR,+,yqjA
cpxR,+,mzrA
cpxR,+,cpxP
cpxR,+,epmB
cpxR,-,mscM
cpxR,-,motR
cpxR,+,BaeR
cpxR,-,FeaR
cpxR,+,sbmA
cpxR,-,motA
cpxR,-,psd
cpxR,+,acrD
cpxR,+,cpxR
cpxR,+,aroG
cpxR,-,ascF
cpxR,+,atpB
cpxR,+,atpI
cpxR,+,carA
cpxR,+,carB
cpxR,-,cheA
cpxR,-,cheW
cpxR,+,cpxA
cpxR,+,cspA
cpxR,+,dgt
cpxR,+,edd
cpxR,+,exbB
cpxR,-,fimB
cpxR,+,lpxD
cpxR,+,hha
cpxR,+,skp
cpxR,+,degP
cpxR,+,lpxA
cpxR,+,metC
cpxR,+,mdtA
cpxR,-,motB
cpxR,+,ompC
cpxR,-,ompF
cpxR,+,pflB
cpxR,-,plsB
cpxR,+,ppiA
cpxR,+,rpoH
cpxR,-,cbl
cpxR,-,sdhC
cpxR,-,astC
cpxR,+,baeS
cpxR,+,baeR
cpxR,-,eamA
cpxR,-,ydeE
cpxR,+,dgcZ
cpxR,+,bacA
cpxR,+,ftnB
cpxR,+,chaA
cpxR,+,yebE
cpxR,+,srkA
cpxR,-,rpoE
cpxR,-,nuoA
cpxR,+,mdtD
cpxR,-,galP
cpxR,+,yibN
cpxR,+,marB
cpxR,-,yhdJ
cpxR,-,csgA
cpxR,-,acs
cpxR,-,bamE
cpxR,-,tsr
cpxR,-,ung
cpxR,+,dsbC
cpxR,-,xylE
cpxR,+,mtn
cpxR,+,yccA
cpxR,+,gpmM
cpxR,+,fdnG
cpxR,+,focA
cpxR,+,fabZ
cpxR,+,dsbA
cpxR,-,appC
cpxR,+,inaA
cpxR,+,marA
cpxR,+,marR
cpxR,+,ldtD
cpxR,+,yacH
cpxR,+,yidQ
cpxR,-,rseA
cpxR,-,glsA
cpxR,-,qmcA
cpxR,+,dsbG
cpxR,+,hcp
cpxR,-,efeU
cpxR,-,csgG
cpxR,-,csgF
cpxR,-,csgE
cpxR,-,csgB
cpxR,-,csgC
cpxR,+,ldtC
cpxR,-,feaR
cpxR,+,yncE
cpxR,+,gstA
cpxR,+,spy
cpxR,-,pdeB
cpxR,+,ppiD
cpxR,-,csgD
cpxR,-,chaB
cpxR,+,ettA
cpxR,+,yaiW
cpxR,+,tomB
cpxR,+,yddG
cpxR,-,yhdW
cpxR,+,ampH
cpxR,-,yfaH
cpxR,-,shoB
cpxR,+,kbp
cpxR,-,gmhA
cpxR,-,rseD
cpxR,+,rprA
cpxR,-,cyaR
cpxR,-,fadE
cpxR,+,cpxQ
cpxR,-,matA
cpxR,-,frmB
cra,-+,hisG
cra,-+,hisF
cra,-+,hisD
cra,+,tmaR
cra,-+,hisH
cra,-+,hisB
cra,-+,hisA
cra,-,pfkA
cra,-+,hisC
cra,-+,hisI
cra,-+,manZ
cra,-,lpd
cra,-+,manX
cra,-+,manY
cra,+,metE
cra,-+,mtlA
cra,-+,mtlD
cra,-,nirB
cra,-,nirC
cra,-,nirD
cra,+,icd
cra,+,pck
cra,+,mdtA
cra,+,nuoB
cra,+,nikD
cra,+,nikC
cra,+,nikB
cra,+,nikA
cra,-+,mtlR
cra,+,nuoF
cra,+,nuoM
cra,-,setA
cra,-,marB
cra,-,hypF
cra,+,nikR
cra,-,marR
cra,+,nikE
cra,-,nrdF
cra,-,mpl
cra,-+,glk
cra,-,marA
cra,+,treC
cra,-,ychE
cra,+,acnA
cra,-,pdeL
cra,+,nuoN
cra,+,raiA
cra,+,ppsR
cra,-,pdhR
cra,-,tpiA
cra,+,msrB
cra,+,nuoA
cra,+,CsgD
cra,+,BetI
cra,+,nuoL
cra,+,nuoK
cra,-,eno
cra,-,fbaA
cra,+,fbp
cra,-,fruA
cra,-,fruK
cra,-,gapA
cra,-,epd
cra,-,gpmM
cra,-,envC
cra,-,yibQ
cra,-+,acnB
cra,+,nuoJ
cra,+,nuoI
cra,+,nuoH
cra,+,nuoG
cra,+,nuoE
cra,+,nuoC
cra,-,ssuB
cra,+,NikR
cra,-,GlcC
cra,+,CRP
cra,-,PdeL
cra,-,PdhR
cra,-,MarR
cra,-,MarA
cra,-,pykF
cra,-+,ptsI
cra,-,zwf
cra,+,ppsA
cra,+,csgE
cra,+,csgD
cra,-,fumD
cra,+,yeaC
cra,-+,ptsH
cra,+,betT
cra,+,betI
cra,+,betB
cra,+,betA
cra,+,aroP
cra,-,adhE
cra,+,aceK
cra,-,aceF
cra,-,aceE
cra,+,aceB
cra,+,aceA
cra,-,fruB
cra,-,yhfX
cra,-,yhfW
cra,-,php
cra,-,yhfU
cra,-,yhfT
cra,-,yhfS
cra,-,glcC
cra,-,nrdI
cra,-,nrdH
cra,-,fbaB
cra,+,csgF
cra,+,csgG
cra,-,yeaD
cra,-,ssuA
cra,-,ppc
cra,+,poxB
cra,-,pgk
cra,-,nrdE
cra,-,sgrT
cra,-,sgrS
cra,-,prpB
cra,-,prpC
cra,-,prpD
cra,-,ssuE
cra,-,prpE
cra,-,ssuC
cra,-,ssuD
cra,-,edd
cra,+,treB
cra,-,cysG
cra,-+,cyoE
cra,-+,cyoD
cra,+,crp
cra,-+,crr
cra,-+,cyoC
cra,+,cydA
cra,+,cydB
cra,-+,cyoB
cra,-+,cyoA
cra,-,eda
creB,-,malH
creB,+,pta
creB,+,nudF
creB,+,talA
creB,+,cbrB
creB,+,yqiA
creB,+,cpdA
creB,+,cbrA
creB,+,recG
creB,+,parE
creB,-,malG
creB,-,malF
creB,+,creD
creB,+,ackA
creB,+,yqiB
creB,-,malE
crp,+,sroD
crp,+,rmf
crp,+,b0725
crp,+,chiQ
crp,+,chiZ
crp,+,chiP
crp,+,rihA
crp,-,dpiA
crp,-,dpiB
crp,-,citC
crp,-,citD
crp,-,citE
crp,-,citF
crp,-,citX
crp,-,citG
crp,+,sfmA
crp,+,mhpE
crp,+,mhpR
crp,+,prpE
crp,+,prpD
crp,+,prpC
crp,+,prpB
crp,-,csrC
crp,+,yahN
crp,-,yaeQ
crp,-,rof
crp,+,caiF
crp,+,cyaR
crp,+,nanT
crp,-,yaeP
crp,+,fadH
crp,+,fiu
crp,-,spf
crp,-+,ldtB
crp,+,elfA
crp,-,gadA
crp,+,sgcB
crp,+,mcaS
crp,+,paaC
crp,+,paaB
crp,+,paaA
crp,+,paaZ
crp,+,hicA
crp,+,yeiW
crp,-,azuC
crp,+,ykgR
crp,-,gadF
crp,+,rseD
crp,+,feaR
crp,+,abgR
crp,-,puuE
crp,+,sdhX
crp,+,rbsZ
crp,+,raiZ
crp,+,malH
crp,-,puuD
crp,+,hlyE
crp,-,bhsA
crp,-,comR
crp,+,csgD
crp,+,csgE
crp,+,csgF
crp,+,csgG
crp,-+,ycdZ
crp,-+,ybiT
crp,+,prpR
crp,+,mokB
crp,+,paaE
crp,+,mhpD
crp,+,mhpF
crp,+,uhpU
crp,-,azuR
crp,-,spfP
crp,-+,glnZ
crp,-,ExuR
crp,+,DgoR
crp,+,TdcA
crp,+,CsgD
crp,+,AraC
crp,+,FucR
crp,+,DcuR
crp,-+,NagC
crp,+,GalS
crp,+,DksA
crp,-+,OmpR
crp,+,mhpC
crp,+,ChbR
crp,+,mhpB
crp,+,dgoD
crp,+,idnO
crp,+,idnD
crp,+,yjhG
crp,+,yjhH
crp,+,yjhI
crp,+,sgcR
crp,+,sgcE
crp,+,sgcQ
crp,+,nanS
crp,+,nanM
crp,+,nanC
crp,+,btsT
crp,+,lgoR
crp,+,lgoD
crp,+,feaB
crp,+,uxaC
crp,+,srlA
crp,+,mhpA
crp,+,GutM
crp,-+,Fis
crp,+,RbsR
crp,+,MhpR
crp,+,PdhR
crp,+,RhaS
crp,+,MalT
crp,+,LsrR
crp,-,DpiA
crp,-+,MalI
crp,-,GadX
crp,-+,CRP
crp,+,GlcC
crp,-,PuuR
crp,+,HyfR
crp,+,LacI
crp,+,MazE
crp,+,OxyR
crp,-+,Mlc
crp,-,AaeR
crp,-+,NtrC
crp,+,SrlR
crp,+,FrlR
crp,+,UxuR
crp,+,PrpR
crp,+,IdnR
crp,+,MarA
crp,+,ZraR
crp,-,GadE
crp,-,ComR
crp,-,PlaR
crp,+,MelR
crp,+,idnR
crp,+,XylR
crp,+,GlpR
crp,+,RhaR
crp,-+,CytR
crp,+,CaiF
crp,+,MarR
crp,+,FeaR
crp,-+,CsqR
crp,+,HicB
crp,+,Fur
crp,+,paaD
crp,+,ytfK
crp,+,ulaE
crp,-+,mlc
crp,+,uidC
crp,+,gatZ
crp,+,preT
crp,+,yfcV
crp,+,murQ
crp,+,murP
crp,+,hyfC
crp,+,hyfD
crp,+,hyfE
crp,+,hyfF
crp,+,hyfG
crp,+,hyfH
crp,+,hyfI
crp,+,hyfJ
crp,+,hyfR
crp,+,focB
crp,+,bidA
crp,+,csiE
crp,+,rspA
crp,+,tam
crp,+,paaF
crp,+,paaG
crp,+,paaH
crp,+,paaI
crp,+,paaJ
crp,+,paaK
crp,+,hicB
crp,-,ortT
crp,-,gadC
crp,+,lsrK
crp,+,lsrR
crp,+,lsrA
crp,+,lsrC
crp,+,lsrD
crp,+,lsrB
crp,+,lsrF
crp,+,lsrG
crp,+,rspB
crp,+,rseC
crp,+,rseB
crp,+,patZ
crp,+,aaeB
crp,+,aaeA
crp,+,aaeX
crp,-,aaeR
crp,+,frlB
crp,+,frlC
crp,+,frlD
crp,+,hofP
crp,+,hofO
crp,+,hofN
crp,+,hofM
crp,+,yhgH
crp,+,nfuA
crp,+,dgoR
crp,+,dcuR
crp,+,ulaA
crp,+,ulaD
crp,+,nanE
crp,+,nanK
crp,+,nanQ
crp,+,yraH
crp,+,glaH
crp,-,cas1
crp,-,casE
crp,-,casD
crp,-,casC
crp,-,casB
crp,-,casA
crp,+,ygcW
crp,+,ulaF
crp,+,yqeF
crp,+,glcC
crp,+,aer
crp,+,tdcG
crp,+,tdcF
crp,+,tdcE
crp,+,kbaZ
crp,+,agaV
crp,+,agaW
crp,+,ygeW
crp,+,frlR
crp,+,cycA
crp,+,entC
crp,+,guaA
crp,+,grpE
crp,-,gltD
crp,-,gltB
crp,+,gltA
crp,+,glpT
crp,-,psiE
crp,+,dcuA
crp,+,melR
crp,+,mazF
crp,+,glpR
crp,+,guaB
crp,+,glpQ
crp,+,focA
crp,+,ivbL
crp,+,tnaC
crp,+,hyfB
crp,+,preA
crp,-+,dusB
crp,+,rhaT
crp,+,malS
crp,+,acnA
crp,+,glpG
crp,+,glpF
crp,+,glpK
crp,-+,yhfA
crp,-,rimP
crp,-,rbfA
crp,+,lamB
crp,-+,lacZ
crp,-+,lacY
crp,-,ompW
crp,+,ubiG
crp,+,lacI
crp,+,hyfA
crp,-+,lacA
crp,+,raiA
crp,-,rpoS
crp,-,infB
crp,+,ilvN
crp,+,ilvB
crp,+,zraR
crp,+,hupB
crp,+,hupA
crp,-,htpG
crp,-,hfq
crp,-,hflX
crp,-,hflK
crp,-,hflC
crp,+,gyrA
crp,+,ygeA
crp,+,tdcD
crp,-,truB
crp,+,glpE
crp,+,gabD
crp,+,gabP
crp,+,glgS
crp,+,fucK
crp,+,fucI
crp,+,fucA
crp,+,flhD
crp,+,flhC
crp,-+,fis
crp,+,fepA
crp,+,fecE
crp,+,fecD
crp,+,fecC
crp,+,fecB
crp,+,fecA
crp,+,fbaA
crp,+,fadL
crp,-+,envZ
crp,-,entF
crp,+,entE
crp,+,entD
crp,+,pdhR
crp,+,entB
crp,+,entA
crp,+,ebgC
crp,+,ebgA
crp,+,dsdX
crp,+,dsdA
crp,+,fucO
crp,-+,lpd
crp,+,fucP
crp,+,fucU
crp,-,osmY
crp,+,glpD
crp,+,glpC
crp,+,glpB
crp,+,glpA
crp,-+,glnL
crp,-+,glnG
crp,-+,glnA
crp,+,glgP
crp,+,glgC
crp,+,glgA
crp,-,gdhA
crp,+,gcvH
crp,-,gcd
crp,+,epd
crp,+,gapA
crp,-+,galT
crp,+,galS
crp,-+,galK
crp,-+,galE
crp,+,gabT
crp,+,fur
crp,+,fumC
crp,+,fumB
crp,+,fumA
crp,+,fucR
crp,+,dksA
crp,+,malE
crp,+,malG
crp,+,gutM
crp,+,srlD
crp,+,srlB
crp,+,srlE
crp,-,speC
crp,-,sohB
crp,-,sodB
crp,+,sodA
crp,+,sfsA
crp,-,serC
crp,+,serA
crp,+,gutQ
crp,+,secB
crp,+,sdhC
crp,+,sdhB
crp,+,sdhA
crp,+,rpsR
crp,-,rpsO
crp,-,rpsI
crp,+,rpsF
crp,-+,rpoH
crp,-,rplM
crp,+,rplI
crp,+,rhaS
crp,+,sdhD
crp,+,srlR
crp,+,cspD
crp,+,sucA
crp,+,xylE
crp,+,xylB
crp,+,xylA
crp,-,xseA
crp,+,uxuA
crp,+,uxaB
crp,+,uidA
crp,+,uhpT
crp,+,ugpQ
crp,+,ugpE
crp,+,ugpC
crp,+,ugpB
crp,+,ugpA
crp,-+,udp
crp,-+,tsx
crp,-,trxA
crp,+,trg
crp,+,tnaB
crp,+,tnaA
crp,+,tdcC
crp,+,tdcB
crp,+,tdcA
crp,+,sucD
crp,+,sucC
crp,+,sucB
crp,+,rhaR
crp,+,relA
crp,+,rbsR
crp,+,rbsK
crp,-+,nagC
crp,-+,nagE
crp,-+,umpH
crp,-+,nagB
crp,-+,nagA
crp,+,mtlD
crp,+,mtlA
crp,+,mglC
crp,+,mglB
crp,+,mglA
crp,-,metK
crp,+,melB
crp,+,melA
crp,+,mdh
crp,+,mazE
crp,+,manZ
crp,+,manY
crp,+,manX
crp,-+,manA
crp,+,malY
crp,+,malX
crp,+,malT
crp,+,malM
crp,+,malK
crp,-+,malI
crp,+,nanA
crp,+,malF
crp,-,nirB
crp,-,nirD
crp,+,rbsD
crp,+,rbsC
crp,+,rbsB
crp,+,rbsA
crp,-,putP
crp,-,purH
crp,-+,ptsI
crp,-+,ptsH
crp,+,ptsG
crp,+,priB
crp,-+,ppiA
crp,-,pnp
crp,-,pncB
crp,+,pgk
crp,+,pflB
crp,-+,pck
crp,+,oxyR
crp,-+,ompR
crp,+,ompF
crp,+,ompA
crp,-,nusA
crp,-+,nupG
crp,+,nrdB
crp,+,nrdA
crp,+,nmpC
crp,-,nirC
crp,-+,deoD
crp,+,entH
crp,-+,deoB
crp,-,aegA
crp,+,lhgD
crp,+,gntT
crp,+,marB
crp,-+,proP
crp,+,psuK
crp,+,yfaE
crp,+,ybgD
crp,-,arfB
crp,-+,deoC
crp,+,rseA
crp,+,acnB
crp,+,aldB
crp,+,sgbE
crp,+,sgbU
crp,+,uidB
crp,+,sgbH
crp,+,gatA
crp,+,gatB
crp,+,gatC
crp,+,gatD
crp,+,agaA
crp,-,cas2
crp,+,frlA
crp,+,fixB
crp,+,fixC
crp,+,fixX
crp,+,dctA
crp,+,dgoA
crp,+,lyxK
crp,+,dgoK
crp,+,gpsA
crp,+,hpt
crp,+,xylH
crp,+,uxuR
crp,+,mpl
crp,-,puuR
crp,+,modA
crp,+,gatY
crp,+,dgoT
crp,+,yiaO
crp,+,yiaN
crp,-,metY
crp,+,yehA
crp,+,yehB
crp,+,yehC
crp,+,yehD
crp,+,psuG
crp,+,yeiP
crp,+,hofB
crp,+,ppdD
crp,+,nupC
crp,+,treB
crp,+,galP
crp,+,idnK
crp,+,cspE
crp,+,chbG
crp,-,mdtE
crp,-,mdtF
crp,-,gadX
crp,+,xylG
crp,-,nlpE
crp,-,exuR
crp,+,mtlR
crp,+,actP
crp,+,xylR
crp,+,xylF
crp,+,ulaC
crp,+,yiaM
crp,+,yiaL
crp,+,yiaK
crp,-+,galM
crp,+,grcA
crp,+,yjcH
crp,+,hofC
crp,-,puuB
crp,-+,csqR
crp,+,rhaD
crp,+,rhaA
crp,+,rhaB
crp,+,sbmC
crp,+,rpoE
crp,+,aphA
crp,+,gcvP
crp,+,ulaB
crp,+,uxuB
crp,+,uxaA
crp,-,cysG
crp,+,cyoE
crp,+,cyoD
crp,+,cyoC
crp,+,cyoB
crp,+,cyoA
crp,-,cyaA
crp,+,cstA
crp,-+,crr
crp,-+,crp
crp,+,cpdB
crp,+,exuT
crp,+,cirA
crp,+,modC
crp,+,chbF
crp,+,chbR
crp,+,chbA
crp,+,chbC
crp,+,chbB
crp,-+,cytR
crp,-+,cdd
crp,-+,deoA
crp,+,caiT
crp,+,treC
crp,-+,dadA
crp,-+,dadX
crp,+,marA
crp,+,marR
crp,+,gcvT
crp,+,acs
crp,-,narQ
crp,-,gadB
crp,-,gltF
crp,+,glpX
crp,+,fadD
crp,+,ychH
crp,-,gadE
crp,+,nadC
crp,+,caiD
crp,+,caiC
crp,+,caiB
crp,+,caiA
crp,+,fixA
crp,+,bglG
crp,-,plaR
crp,+,bglB
crp,+,zraS
crp,-,aceA
crp,-,aceB
crp,+,aceE
crp,+,aceF
crp,-,aceK
crp,+,agp
crp,+,aldA
crp,-,puuC
crp,-,ampD
crp,-,ampE
crp,+,ansB
crp,+,araA
crp,+,araB
crp,+,araC
crp,+,bglF
crp,+,araD
crp,+,dcuB
crp,+,araE
crp,+,modB
crp,+,sgcA
crp,+,aspA
crp,+,ascF
crp,+,ascB
crp,+,cas3
crp,+,gntU
crp,+,gntK
crp,-,aroA
crp,+,caiE
crp,+,argG
crp,-+,araJ
crp,+,araH
crp,+,araG
crp,+,gntP
crp,+,sgcX
crp,+,sgcC
crp,+,idnT
crp,+,araF
csgD,-,FliZ
csgD,+,CsgD
csgD,-,tcyJ
csgD,-,yhbS
csgD,+,nlpA
csgD,-,pepD
csgD,+,dgcC
csgD,-,fliE
csgD,-,fliF
csgD,-,fliA
csgD,-,fliZ
csgD,+,csgA
csgD,-,ubiT
csgD,-,fliG
csgD,-,fliH
csgD,+,yccJ
csgD,+,wrbA
csgD,-,fliI
csgD,-,flgN
csgD,+,csgC
csgD,-,flgM
csgD,+,csgD
csgD,+,csgE
csgD,+,csgB
csgD,+,csgG
csgD,+,csgI
csgD,-,fliK
csgD,-,fliJ
csgD,+,csgF
csgD,+,iraP
cspA,+,H-NS
cspA,+,gyrA
cspA,+,hns
csqR,-,csqR
csqR,-,yihU
csqR,-,yihT
csqR,-,yihS
csqR,-,yihV
csqR,-,CsqR
csrA,-,glgC
csrA,-,evgA
csrA,-,glgS
csrA,-,acnA
csrA,-,nhaR
csrA,-,pgaC
csrA,-,pgaB
csrA,-,pgaA
csrA,-,glgA
csrA,-,dgcT
csrA,-,EvgA
csrA,-,NhaR
csrA,-,dgcZ
csrA,-,SdiA
csrA,+,ymdA
csrA,-,ytiD
csrA,-,ytiC
csrA,-,idlP
csrA,-,rpoE
csrA,+,moaC
csrA,+,moaE
csrA,+,moaD
csrA,+,moaB
csrA,+,moaA
csrA,-,sdiA
csrA,-,glgP
csrA,-,iraD
csrA,-,pgaD
cueR,-,moaC
cueR,-,moaB
cueR,-,moaD
cueR,-,rsd
cueR,+,cueO
cueR,-,rmf
cueR,+,copA
cueR,-,moaA
cueR,-,moaE
cusR,+,cyoB
cusR,+,cusB
cusR,+,msrP
cusR,+,cyoA
cusR,+,hiuH
cusR,+,cusF
cusR,+,cusC
cusR,+,msrQ
cusR,+,cusR
cusR,+,cusA
cusR,+,cyoE
cusR,+,cyoD
cusR,+,CusR
cusR,+,cyoC
cusR,+,cusS
cyaR,-,yliM
cyaR,-,rpoS
cyaR,-,luxS
cyaR,-,nadE
cyaR,-,yacL
cyaR,-,yobF
cyaR,-,ompX
cyaR,-,hdeD
cyaR,-,yqaE
cynR,+,cynX
cynR,+,cynS
cynR,+,cynT
cynR,-,cynR
cynR,-,CynR
cysB,+,yciW
cysB,-,hslJ
cysB,+,ybdN
cysB,+,tcyP
cysB,-,ssuE
cysB,-,ssuD
cysB,-,ssuC
cysB,+,ariR
cysB,+,tauC
cysB,-,CysB
cysB,+,tauA
cysB,+,cysA
cysB,-,cysB
cysB,+,cysC
cysB,+,cysD
cysB,+,cysH
cysB,+,cysI
cysB,+,cysJ
cysB,+,cysK
cysB,+,cysM
cysB,+,cysN
cysB,+,cysP
cysB,+,yoaC
cysB,+,cysU
cysB,+,cysW
cysB,+,dgcZ
cysB,-,ssuB
cysB,+,tauD
cysB,+,tauB
cysB,+,tcyJ
cysB,-,ssuA
cysB,+,yfbR
cysB,+,Cbl
cysB,+,cbl
cysB,+,ygeH
cytR,-,CytR
cytR,-,ycdZ
cytR,-,nupC
cytR,-,aphA
cytR,-,udp
cytR,-,cytR
cytR,-,rpoH
cytR,-,ppiA
cytR,-,nupG
cytR,-,deoD
cytR,-,deoC
cytR,-,deoB
cytR,-,deoA
cytR,-,tsx
cytR,-,cdd
dcuR,+,aspA
dcuR,+,DpiA
dcuR,+,dcuB
dcuR,+,frdA
dcuR,+,frdB
dcuR,+,frdC
dcuR,+,frdD
dcuR,+,fumB
dcuR,+,pck
dcuR,+,dcuA
dcuR,+,dctA
dcuR,+,dpiA
dcuR,+,dpiB
deaD,+,SdiA
deaD,+,MntR
deaD,+,mntR
deaD,+,ldtD
deaD,+,UvrY
deaD,+,uvrY
deaD,+,sdiA
decR,+,cyuA
decR,+,cyuP
deoR,-,deoD
deoR,-,deoC
deoR,-,nupG
deoR,-,deoA
deoR,-,deoB
deoR,-,tsx
dgoR,-,dgoR
dgoR,-,dgoT
dgoR,-,dgoK
dgoR,-,dgoA
dgoR,-,DgoR
dgoR,-,dgoD
dhaR,-,DhaR
dhaR,+,dhaL
dhaR,+,dhaK
dhaR,+,dhaM
dhaR,-,dhaR
dicA,-,ydfD
dicA,-,intQ
dicA,-,insD7
dicA,-,ydfX
dicA,-,ydfW
dicA,-,ydfE
dicA,-,dicC
dicA,+,DicA
dicA,-,dicB
dicA,+,dicA
dicD,-,dicC
dicD,-,dicB
dicD,-,dicA
dicF,-,XylR
dicF,-,ftsZ
dicF,-,xylR
dicF,-,pykA
dicF,-,manX
dksA,-,rplU
dksA,-,tufA
dksA,-,rimM
dksA,-,rpmI
dksA,-,rpmJ
dksA,+,iraP
dksA,+,hisL
dksA,-,pheM
dksA,+,thrL
dksA,-,dusB
dksA,-,fabD
dksA,-,fabG
dksA,-,trmD
dksA,-,gluQ
dksA,-,thrS
dksA,+,thrB
dksA,-,rpsI
dksA,-,rpsJ
dksA,-,rpsK
dksA,-,rpsL
dksA,-,rpsM
dksA,-,rpsN
dksA,+,thrC
dksA,-,rpsP
dksA,-,rpsS
dksA,-,rpsT
dksA,-,rpsU
dksA,-,spoT
dksA,-,trmH
dksA,+,thrA
dksA,-,rpsQ
dksA,-,folK
dksA,+,csrA
dksA,-,yhbE
dksA,-,rrlA
dksA,-,rrfH
dksA,-,rrfG
dksA,-,rrfE
dksA,-,rrfD
dksA,-,rrfC
dksA,-,rrfB
dksA,-,rrfA
dksA,-+,proM
dksA,-+,leuT
dksA,-,ileV
dksA,-,ileU
dksA,-,ileT
dksA,-+,hisR
dksA,-,gltW
dksA,-,gltV
dksA,-,gltU
dksA,+,thiQ
dksA,+,thiP
dksA,+,thiB
dksA,+,setA
dksA,+,talA
dksA,+,rpoE
dksA,-,rpsH
dksA,+,sgrR
dksA,+,rseA
dksA,-,alaT
dksA,-,alaU
dksA,-,alaV
dksA,-+,argX
dksA,-,gltT
dksA,+,tktB
dksA,-,rpsG
dksA,-,rpsD
dksA,-,rrlB
dksA,-,pheT
dksA,-,pheS
dksA,-,pcnB
dksA,+,livJ
dksA,+,rpoS
dksA,-,infC
dksA,+,hmp
dksA,+,hisI
dksA,+,hisH
dksA,+,hisG
dksA,+,hisF
dksA,+,hisD
dksA,+,hisC
dksA,+,hisB
dksA,-,secY
dksA,+,hisA
dksA,-,fusA
dksA,-,mutM
dksA,-,fis
dksA,+,fimB
dksA,-,fadR
dksA,-,fabH
dksA,-,dnaG
dksA,-,dksA
dksA,+,argI
dksA,-,thrV
dksA,-,FadR
dksA,+,SgrR
dksA,-,Fis
dksA,-,DksA
dksA,-,ihfA
dksA,-,rpsE
dksA,-,recG
dksA,-,rplB
dksA,-,rpsC
dksA,-,rpsA
dksA,-,rpoZ
dksA,-,rpoD
dksA,-,rpoC
dksA,-,rpoB
dksA,-,rpoA
dksA,-,rpmG
dksA,-,rpmD
dksA,-,rpmC
dksA,-,rpmB
dksA,-,rplY
dksA,-,rplX
dksA,-,rplW
dksA,-,rplA
dksA,-,rplV
dksA,-,rplS
dksA,-,rplR
dksA,-,rplQ
dksA,-,rplP
dksA,-,rplO
dksA,-,rplN
dksA,-,rplM
dksA,-,rplL
dksA,-,rplK
dksA,-,rplJ
dksA,-,rplF
dksA,-,rplE
dksA,-,rplD
dksA,-,rplC
dksA,-,rplT
dksA,-,rrlC
dksA,-,ihfB
dksA,-,rrsE
dksA,-,rrsH
dksA,-,rrsD
dksA,+,sgrT
dksA,-,rrsG
dksA,-,rrfF
dksA,+,csrC
dksA,-,ytiD
dksA,+,rybB
dksA,+,csrB
dksA,+,isrC
dksA,+,sroA
dksA,+,hlyE
dksA,+,dsrA
dksA,-,idlP
dksA,+,sgrS
dksA,-,ytiC
dksA,-,rpmA
dksA,-,iraD
dksA,-,obgE
dksA,+,rseB
dksA,-,rrsC
dksA,-,rrlD
dksA,+,rseC
dksA,-,rrsB
dksA,-,rrlH
dksA,-,rrlG
dksA,-,rrlE
dksA,+,flu
dksA,-,rrsA
dnaA,-,ytiD
dnaA,-+,DnaA
dnaA,-,guaA
dnaA,-,yjeV
dnaA,-,aldA
dnaA,-+,dnaA
dnaA,-+,dnaN
dnaA,-,guaB
dnaA,-+,recF
dnaA,-+,nrdB
dnaA,-,idlP
dnaA,-,iraD
dnaA,-+,nrdA
dnaA,-,uvrB
dnaA,-,rpoH
dnaA,-,ytiC
dnaA,-+,yfaE
dnaA,-,recN
dnaA,+,polA
dpiA,+,mdh
dpiA,+,citF
dpiA,+,citG
dpiA,+,citX
dpiA,+,dpiA
dpiA,+,dpiB
dpiA,+,citC
dpiA,+,citD
dpiA,-,AppY
dpiA,+,DpiA
dpiA,+,citE
dpiA,-,appY
dpiA,+,exuT
dsdC,+,dsdX
dsdC,-,dsdC
dsdC,-,DsdC
dsdC,+,dsdA
dsrA,-,rbsC
dsrA,-,lrp
dsrA,-,rbsB
dsrA,-,rbsD
dsrA,-,rbsA
dsrA,-,rbsR
dsrA,-,rbsK
dsrA,-,H-NS
dsrA,-,Lrp
dsrA,-,RbsR
dsrA,-,rbsZ
dsrA,-,hns
dsrA,+,rpoS
ebgR,-,ebgC
ebgR,-,ebgA
envR,-,acrA
envR,-,acrB
envY,+,ompC
envY,+,ompF
evgA,+,ydeO
evgA,+,safA
evgA,+,ydeP
evgA,+,yegZ
evgA,+,yegR
evgA,+,emrK
evgA,+,EvgA
evgA,+,gadF
evgA,+,acrD
evgA,+,gadE
evgA,+,evgA
evgA,+,evgS
evgA,+,mdtE
evgA,+,mdtF
evgA,+,emrY
evgA,+,YdeO
evgA,+,yfdE
evgA,+,yfdV
evgA,+,oxc
evgA,+,frc
evgA,+,yfdX
evgA,+,evgL
evgA,+,GadE
exuR,-,uxuR
exuR,-,lgoR
exuR,-,UxuR
exuR,-,ExuR
exuR,-,uxaC
exuR,-,lgoD
exuR,-,uxaB
exuR,-,uxuA
exuR,-,uxaA
exuR,-,exuT
exuR,-,exuR
exuR,-,uxuB
fabR,-,fabB
fabR,-,fabA
fadR,+,accA
fadR,-,fadD
fadR,-,sroD
fadR,-,fadL
fadR,-,fadB
fadR,-,fadA
fadR,-,uspA
fadR,+,fabG
fadR,+,fadR
fadR,+,iclR
fadR,+,fabD
fadR,+,fabI
fadR,+,fabH
fadR,-,fadM
fadR,+,accB
fadR,+,fabB
fadR,+,fabA
fadR,+,accD
fadR,-,fadJ
fadR,-,fadI
fadR,-,fadH
fadR,+,AccB
fadR,+,FadR
fadR,+,IclR
fadR,+,accC
fadR,-,fadE
feaR,+,tynA
feaR,+,feaB
fhlA,+,hyfA
fhlA,+,hyfB
fhlA,+,hycH
fhlA,+,hyfE
fhlA,+,hyfF
fhlA,+,hyfG
fhlA,+,hydN
fhlA,+,hypF
fhlA,+,fdhF
fhlA,+,fhlA
fhlA,+,hycA
fhlA,+,hycB
fhlA,+,hycC
fhlA,+,hycD
fhlA,+,hycE
fhlA,+,hycF
fhlA,+,hyfH
fhlA,+,hyfI
fhlA,+,hyfJ
fhlA,+,hyfR
fhlA,+,focB
fhlA,+,hycI
fhlA,+,hycG
fhlA,+,hypA
fhlA,+,FhlA
fhlA,+,HyfR
fhlA,+,hypB
fhlA,+,hypC
fhlA,+,hypD
fhlA,+,hypE
fhlA,+,hyfD
fhlA,+,hyfC
fimR2,-,fliG
fimR2,-,fliJ
fimR2,-,fliI
fimR2,-,fliR
fimR2,+,hofQ
fimZ,+,puuC
fimZ,+,puuB
fimZ,+,sfmA
fimZ,+,sfmC
fimZ,+,puuD
fis,+,pheU
fis,+,metY
fis,+,metU
fis,+,metT
fis,+,leuX
fis,+,lysV
fis,+,lysT
fis,+,leuW
fis,+,leuV
fis,+,leuT
fis,+,lysW
fis,+,pheV
fis,+,argW
fis,+,leuQ
fis,+,proL
fis,+,proM
fis,-+,rnpB
fis,+,rrfA
fis,+,rrfB
fis,+,rrfC
fis,+,rrfD
fis,+,rrfG
fis,+,rrfH
fis,+,rrlA
fis,+,proK
fis,+,leuP
fis,+,hisR
fis,+,ileU
fis,+,argU
fis,+,alaX
fis,+,alaW
fis,+,alaV
fis,+,alaU
fis,+,alaT
fis,-,xylR
fis,-,xylF
fis,+,yfaE
fis,+,rrlB
fis,-,acnB
fis,+,ileV
fis,+,aspV
fis,+,glnV
fis,+,glnW
fis,+,glnX
fis,+,gltT
fis,+,gltU
fis,+,gltV
fis,+,gltW
fis,+,glyT
fis,+,glyU
fis,+,argX
fis,+,ileT
fis,+,glnU
fis,+,rrlC
fis,+,tyrT
fis,+,rrlE
fis,-,cspI
fis,+,flxA
fis,-,yoaG
fis,-,yeaR
fis,+,yodD
fis,-,glcC
fis,-,nanQ
fis,-,nanK
fis,-,nanE
fis,-,narS
fis,+,fimR2
fis,+,glnZ
fis,-,DnaA
fis,+,H-NS
fis,+,CspA
fis,-,Fis
fis,+,MarA
fis,-,XylR
fis,+,MarR
fis,+,NtrC
fis,-,GadX
fis,-,CRP
fis,-,GlcC
fis,+,MazE
fis,-,gadC
fis,+,rrlD
fis,-,hlyE
fis,+,malH
fis,+,rrlG
fis,+,rrlH
fis,+,rrsA
fis,+,rrsB
fis,+,rrsC
fis,+,rrsD
fis,+,rrsE
fis,+,rrsG
fis,+,rrsH
fis,+,rrfF
fis,+,serT
fis,+,serX
fis,-+,ssrS
fis,+,thrT
fis,+,thrU
fis,+,thrV
fis,+,thrW
fis,-,aldB
fis,+,tyrU
fis,+,tyrV
fis,+,valT
fis,+,valU
fis,+,valX
fis,+,valY
fis,-,gadA
fis,-,nanT
fis,-,xylH
fis,+,rrfE
fis,-,gadX
fis,+,hns
fis,-,gyrB
fis,-,gyrA
fis,-,guaB
fis,-,guaA
fis,-,gltX
fis,+,hupA
fis,+,glpT
fis,+,glpC
fis,+,glpB
fis,+,glpA
fis,-,glnQ
fis,+,glnL
fis,+,glnG
fis,+,glpQ
fis,-,hupB
fis,-,hyaA
fis,-,hyaB
fis,-,mglC
fis,-,mglA
fis,+,mazG
fis,+,mazE
fis,+,malG
fis,+,malF
fis,+,malE
fis,+,lpd
fis,+,rsmA
fis,-,katE
fis,+,infB
fis,-,hyaF
fis,-,hyaE
fis,-,hyaD
fis,-,hyaC
fis,+,glnA
fis,-,fumB
fis,-,fis
fis,+,fimH
fis,+,cyoC
fis,+,cyoB
fis,+,cyoA
fis,-,xylG
fis,-,crp
fis,+,carB
fis,+,carA
fis,-,bglG
fis,-,bglF
fis,-,bglB
fis,+,apaH
fis,+,apaG
fis,-,ansB
fis,-,osmE
fis,+,adhE
fis,+,cyoD
fis,-,mtlA
fis,+,cyoE
fis,+,deoA
fis,+,fimG
fis,+,fimF
fis,+,fimD
fis,+,fimC
fis,+,fimA
fis,+,fadB
fis,+,fadA
fis,-,dnaN
fis,-,dnaA
fis,-,dmsC
fis,-,dmsB
fis,-,dmsA
fis,+,deoD
fis,+,deoC
fis,+,deoB
fis,-,cysG
fis,-,mtlD
fis,+,cspA
fis,-,narG
fis,-,dps
fis,-,osmY
fis,-,dusB
fis,+,mazF
fis,-,nrfB
fis,-,yjcH
fis,+,nuoC
fis,+,nuoE
fis,+,nuoG
fis,+,nuoH
fis,+,nuoI
fis,+,nuoJ
fis,+,nuoK
fis,+,nuoL
fis,+,fimI
fis,-,msrA
fis,+,marA
fis,+,marR
fis,-,acs
fis,+,nuoA
fis,+,nuoB
fis,-,nrfG
fis,-,actP
fis,+,grcA
fis,-,nrfA
fis,+,nuoF
fis,+,nuoN
fis,+,nuoM
fis,-,nrfF
fis,-,nrfE
fis,-,nrfD
fis,+,marB
fis,+,sra
fis,-,nrfC
fis,-,gadB
fis,+,proP
fis,-,cbpA
fis,-,mtlR
fis,-,rpsI
fis,-,ogt
fis,+,pdxA
fis,-,pflB
fis,+,pnp
fis,-+,ptsG
fis,-,pyrD
fis,+,queA
fis,-,recF
fis,-,rplM
fis,-,cbpM
fis,+,rpsO
fis,-,tolB
fis,-+,topA
fis,+,nrdA
fis,-,nirD
fis,-,nirC
fis,-,nirB
fis,+,rimP
fis,+,rbfA
fis,-,narH
fis,+,truB
fis,-,nanA
fis,-+,fau
fis,+,nusA
fis,+,tufB
fis,+,trg
fis,+,tpr
fis,-,narI
fis,-,narJ
fis,-,narK
fis,-+,ndh
fis,+,trmA
fis,+,nrdB
flhD;flhC,+,ppdA
flhD;flhC,+,gltL
flhD;flhC,+,gltK
flhD;flhC,+,gltJ
flhD;flhC,+,pdeH
flhD;flhC,+,napG
flhD;flhC,+,napA
flhD;flhC,+,napF
flhD;flhC,+,ccmD
flhD;flhC,+,sroC
flhD;flhC,+,napD
flhD;flhC,+,flhA
flhD;flhC,+,flgB
flhD;flhC,+,ymdB
flhD;flhC,+,ymdA
flhD;flhC,+,csgC
flhD;flhC,+,fliK
flhD;flhC,+,fliJ
flhD;flhC,+,fliI
flhD;flhC,+,napH
flhD;flhC,+,flgA
flhD;flhC,+,flgM
flhD;flhC,+,flgI
flhD;flhC,+,flgH
flhD;flhC,+,flgG
flhD;flhC,+,flgF
flhD;flhC,+,flgE
flhD;flhC,+,flgD
flhD;flhC,+,flgC
flhD;flhC,+,flgJ
flhD;flhC,+,napB
flhD;flhC,+,fliT
flhD;flhC,+,ccmA
flhD;flhC,+,fliO
flhD;flhC,+,ppdB
flhD;flhC,+,ygdB
flhD;flhC,+,ppdC
flhD;flhC,+,fliD
flhD;flhC,+,recC
flhD;flhC,+,ptsH
flhD;flhC,+,pfkA
flhD;flhC,-,mglC
flhD;flhC,-,mglB
flhD;flhC,-,mglA
flhD;flhC,+,fliE
flhD;flhC,-,mdh
flhD;flhC,+,glpC
flhD;flhC,+,glpB
flhD;flhC,+,glpA
flhD;flhC,+,epd
flhD;flhC,+,fliN
flhD;flhC,+,fliM
flhD;flhC,+,fliL
flhD;flhC,+,adhE
flhD;flhC,+,aceB
flhD;flhC,+,IclR
flhD;flhC,+,FliZ
flhD;flhC,+,iclR
flhD;flhC,+,napC
flhD;flhC,+,fliF
flhD;flhC,+,fliZ
flhD;flhC,+,ccmB
flhD;flhC,+,ccmC
flhD;flhC,+,ccmE
flhD;flhC,+,ccmF
flhD;flhC,+,ccmG
flhD;flhC,+,ccmH
flhD;flhC,+,setB
flhD;flhC,+,fliR
flhD;flhC,+,fliQ
flhD;flhC,+,fliP
flhD;flhC,+,nrfG
flhD;flhC,+,fliA
flhD;flhC,+,nrfF
flhD;flhC,+,nrfD
flhD;flhC,+,nrfC
flhD;flhC,+,nrfB
flhD;flhC,+,nrfA
flhD;flhC,+,nfrB
flhD;flhC,+,fliH
flhD;flhC,+,fliG
flhD;flhC,+,hydN
flhD;flhC,+,hypF
flhD;flhC,+,clsC
flhD;flhC,+,fliS
flhD;flhC,+,nrfE
flhD;flhC,+,flgN
flhD;flhC,+,gltI
flhD;flhC,+,flhE
flhD;flhC,+,flhB
flhD;flhC,+,yecR
flhD;flhC,+,tcyJ
flhD;flhC,+,ygbK
flhD;flhC,+,fruB
flhD;flhC,+,ycgR
fliX,-,rpsS
fliX,-,fliC
fliX,-,rplC
fliX,-,rplD
fliX,-,rplP
fliX,-,rplV
fliX,-,rplW
fliX,-,rpmC
fliX,-,rplB
fliX,-,rpsC
fliX,-,rpsJ
fliX,-,rpsQ
fliZ,-,pdeR
fliZ,-,osmY
fliZ,-,hdeA
fliZ,-,GadE
fliZ,-,yhiD
fliZ,-,csgA
fliZ,-,gadB
fliZ,-,gadE
fliZ,-,yjbJ
fliZ,-,MlrA
fliZ,-,mlrA
fliZ,-,mdtF
fliZ,-,csgC
fliZ,-,gadF
fliZ,-,csgG
fliZ,-,csgF
fliZ,-,csgE
fliZ,-,csgD
fliZ,-,csgB
fliZ,-,flhD
fliZ,-,CsgD
fliZ,-,gadC
fliZ,-,mdtE
fliZ,-,flhC
fliZ,-,hdeB
fnr,+,nikA
fnr,-,hyfC
fnr,+,yffS
fnr,+,emrK
fnr,+,yfcZ
fnr,-,nac
fnr,+,yecR
fnr,+,ydhY
fnr,+,ydhV
fnr,+,ydhW
fnr,+,ydhX
fnr,+,ydhU
fnr,-,nuoM
fnr,-,nuoF
fnr,+,nrfA
fnr,-+,grcA
fnr,+,gcvP
fnr,-+,amtB
fnr,+,nrfB
fnr,+,nrfC
fnr,+,nrfD
fnr,+,nrfE
fnr,+,nrfF
fnr,+,nrfG
fnr,-,yeiL
fnr,+,ccmH
fnr,+,ydhT
fnr,-,nuoC
fnr,-,hyfD
fnr,-,hyfE
fnr,-,hyfF
fnr,-,hyfI
fnr,+,uxaC
fnr,-,nuoA
fnr,-,nuoB
fnr,-,puuP
fnr,+,nrdG
fnr,+,iraD
fnr,-,ytfE
fnr,+,dcuS
fnr,+,dcuR
fnr,-,ysgA
fnr,+,tdcE
fnr,+,tdcF
fnr,+,tdcG
fnr,-,nuoE
fnr,+,aer
fnr,+,scpC
fnr,+,scpB
fnr,+,xdhC
fnr,+,xdhB
fnr,+,xdhA
fnr,+,mltA
fnr,-,norV
fnr,-,hyfH
fnr,-,hyfG
fnr,+,pdeF
fnr,-,focB
fnr,-,hyfR
fnr,-,hyfJ
fnr,+,nfeR
fnr,-,nuoG
fnr,-,nuoH
fnr,+,bidA
fnr,+,uxaA
fnr,-,dppF
fnr,-,dppD
fnr,-,dppC
fnr,-,dppB
fnr,+,caiE
fnr,+,ccmG
fnr,+,ccmF
fnr,+,ccmE
fnr,+,ccmC
fnr,+,ccmB
fnr,+,garD
fnr,-,norW
fnr,+,garP
fnr,-,prmC
fnr,-,msrB
fnr,+,ssuB
fnr,+,yibN
fnr,+,bcsB
fnr,+,bcsZ
fnr,+,ccp
fnr,+,ccmA
fnr,+,napC
fnr,+,napB
fnr,+,napH
fnr,+,napG
fnr,+,napA
fnr,+,napF
fnr,-,ychO
fnr,+,nikB
fnr,+,feoC
fnr,+,metV
fnr,+,dmsD
fnr,+,ynfH
fnr,+,ynfG
fnr,+,ynfF
fnr,+,ynfE
fnr,+,ydfO
fnr,+,ydfZ
fnr,-,nuoI
fnr,-,nuoJ
fnr,-,nuoK
fnr,-,nuoL
fnr,-,nuoN
fnr,+,feoA
fnr,+,emrY
fnr,+,feoB
fnr,+,nikE
fnr,+,uraA
fnr,+,napD
fnr,+,ccmD
fnr,-+,glnK
fnr,+,pitA
fnr,-,gadW
fnr,-,gadX
fnr,+,nikD
fnr,+,nikC
fnr,+,ortT
fnr,-,tpx
fnr,-,puuA
fnr,-,ompX
fnr,-,zwf
fnr,+,fepE
fnr,+,viaA
fnr,+,gdhA
fnr,+,glpA
fnr,+,glpB
fnr,-,citG
fnr,+,ybdN
fnr,+,glpC
fnr,+,caiF
fnr,+,glpQ
fnr,+,glpT
fnr,-,gltB
fnr,-,gltD
fnr,-,rplT
fnr,-,rplS
fnr,+,rplP
fnr,-,rplM
fnr,-,sdhX
fnr,-,ymjE
fnr,-,gndA
fnr,+,idlP
fnr,+,fnrS
fnr,+,ybdZ
fnr,-,gadA
fnr,+,rplD
fnr,+,gcvH
fnr,-,fumC
fnr,+,fumB
fnr,-,fumA
fnr,-+,cydB
fnr,+,ravA
fnr,-,cyoA
fnr,-,cyoB
fnr,-,cyoC
fnr,-,cyoD
fnr,-,cyoE
fnr,+,cysG
fnr,+,dmsA
fnr,+,dmsB
fnr,+,dmsC
fnr,+,rplC
fnr,-,dppA
fnr,+,acrE
fnr,+,acrF
fnr,+,fdhF
fnr,-,gapC
fnr,+,fes
fnr,+,fhlA
fnr,-+,fnr
fnr,+,frdA
fnr,+,frdB
fnr,+,frdC
fnr,+,frdD
fnr,+,entF
fnr,-+,cydA
fnr,+,rplB
fnr,-,purN
fnr,+,nirD
fnr,+,nirC
fnr,+,nirB
fnr,-,ndh
fnr,-,narX
fnr,-,narL
fnr,+,narK
fnr,+,narJ
fnr,+,narI
fnr,+,narH
fnr,+,narG
fnr,+,malQ
fnr,+,malP
fnr,-+,lpd
fnr,+,katG
fnr,+,hypE
fnr,+,hypD
fnr,-,gnd
fnr,-,hemA
fnr,-,hmp
fnr,+,hypB
fnr,+,hypC
fnr,+,rnpB
fnr,+,pflB
fnr,+,pstS
fnr,+,phoU
fnr,+,NikR
fnr,-,purM
fnr,+,pstC
fnr,+,pstB
fnr,+,pstA
fnr,-,prfA
fnr,+,poxB
fnr,+,TdcA
fnr,-,NarL
fnr,-,GadW
fnr,+,DcuR
fnr,-,YeiL
fnr,+,pykA
fnr,-,SoxR
fnr,-+,ArcA
fnr,+,NfeR
fnr,+,CaiF
fnr,-+,FNR
fnr,-,Nac
fnr,-+,PdhR
fnr,-,DpiA
fnr,-,GadX
fnr,-,SoxS
fnr,+,CadC
fnr,-,HyfR
fnr,+,FhlA
fnr,-,moeB
fnr,+,narS
fnr,+,cheZ
fnr,-,ycaC
fnr,-+,fdnI
fnr,-+,fdnH
fnr,-+,fdnG
fnr,+,dcuA
fnr,+,hlyE
fnr,+,garR
fnr,+,garK
fnr,+,tdcD
fnr,-,rimM
fnr,-,hyfA
fnr,-+,ompW
fnr,-+,pdhR
fnr,+,focA
fnr,+,ung
fnr,+,thrA
fnr,+,tdcC
fnr,+,iraM
fnr,+,tdcB
fnr,+,tdcA
fnr,+,tar
fnr,+,ssuE
fnr,+,ssuA
fnr,+,ssuD
fnr,+,ssuC
fnr,+,hcp
fnr,+,hcr
fnr,-,b0725
fnr,-,trmD
fnr,-,moeA
fnr,-,pheM
fnr,-,ygbA
fnr,+,moaC
fnr,+,ydeJ
fnr,+,moaE
fnr,+,moaD
fnr,+,moaB
fnr,+,moaA
fnr,+,fixX
fnr,+,fixC
fnr,+,fixB
fnr,+,fixA
fnr,+,caiT
fnr,+,caiA
fnr,+,caiB
fnr,-,hyfB
fnr,+,caiC
fnr,+,pepT
fnr,+,nikR
fnr,-,gltF
fnr,+,argK
fnr,+,scpA
fnr,+,gcvT
fnr,+,nrdD
fnr,-+,glnD
fnr,+,cydD
fnr,-,ubiA
fnr,-,ubiC
fnr,+,upp
fnr,-,acnA
fnr,+,caiD
fnr,-,dpiA
fnr,+,dcuC
fnr,-,citC
fnr,+,rpmC
fnr,+,rplW
fnr,+,rplV
fnr,-,citX
fnr,+,dcuB
fnr,-,dpiB
fnr,+,garL
fnr,-+,aceE
fnr,-+,aceF
fnr,+,ackA
fnr,+,adhE
fnr,-,aldA
fnr,+,ansB
fnr,-+,arcA
fnr,+,aroP
fnr,+,aspA
fnr,-+,aspC
fnr,+,cadC
fnr,+,cheB
fnr,+,cheR
fnr,+,cheY
fnr,+,rpsC
fnr,-,rpsI
fnr,+,cydC
fnr,-,rpsP
fnr,-,citD
fnr,-,citE
fnr,-,citF
fnr,+,rpsJ
fnr,-,sucD
fnr,-,sucC
fnr,-,sucB
fnr,-,sucA
fnr,+,tap
fnr,-,soxR
fnr,-,soxS
fnr,-,sdhA
fnr,-,sdhB
fnr,-,sdhD
fnr,-,sdhC
fnr,+,rpsQ
fnr,-,sodA
fnr,+,rpsS
fnrS,-,folX
fnrS,-,iscR
fnrS,-,IscR
fnrS,-,azuR
fnrS,-,yobA
fnrS,-,yebZ
fnrS,-,yebY
fnrS,-,MarA
fnrS,-,yfcH
fnrS,-,cydD
fnrS,-,marA
fnrS,-,folE
fnrS,-,yeiB
fnrS,-,sodB
fnrS,-,cydC
fnrS,-,glpD
fnrS,-,metE
fnrS,-,maeA
fnrS,-,sodA
fnrS,-,gpmA
fnrS,-,azuC
frlR,-,frlB
frlR,-,frlC
frlR,-,frlA
frlR,-,FrlR
frlR,-,frlD
frlR,-,frlR
frmR,-,FrmR
frmR,-,frmA
frmR,-,frmB
frmR,-,frmR
fucR,+,fucA
fucR,+,fucK
fucR,+,fucO
fucR,+,fucP
fucR,+,fucR
fucR,+,fucU
fucR,+,FucR
fucR,+,fucI
fur,+,udp
fur,+,tsx
fur,-+,tonB
fur,-,sulA
fur,+,sucD
fur,-,garL
fur,+,adk
fur,+,ansB
fur,+,araB
fur,+,araF
fur,+,argF
fur,-,argG
fur,-,argR
fur,-,aspC
fur,+,bfr
fur,+,cadC
fur,-,cirA
fur,-,cyoA
fur,-,cyoB
fur,-,cyoC
fur,-,cyoD
fur,-,cyoE
fur,-,dapB
fur,+,dmsA
fur,+,dmsB
fur,+,dmsC
fur,-,entA
fur,-,ugpA
fur,-,ugpB
fur,+,XynR
fur,+,uxaB
fur,-,waaL
fur,-,glnD
fur,-,sufA
fur,-,gspO
fur,-,lysP
fur,+,acnA
fur,-,zwf
fur,-,bfd
fur,-,garR
fur,-,garK
fur,+,CadC
fur,-,MetJ
fur,+,sucB
fur,-,SoxS
fur,+,NtrC
fur,-,FNR
fur,-,PurR
fur,-,ArgR
fur,-,NfeR
fur,-,Fur
fur,-,HcaR
fur,-,entB
fur,-,SoxR
fur,+,SdiA
fur,+,ompW
fur,-,entH
fur,-+,entS
fur,+,uxuA
fur,-,Nac
fur,-,ugpE
fur,-,entC
fur,-,entE
fur,-,oppB
fur,-,oppA
fur,+,ompF
fur,-,nth
fur,-,ndh
fur,+,mglB
fur,-,metJ
fur,-,metH
fur,-,mdh
fur,-,map
fur,+,manZ
fur,+,manY
fur,+,manX
fur,-+,lpd
fur,+,katG
fur,-,oppC
fur,-,oppD
fur,-+,oppF
fur,-,pstB
fur,+,sucA
fur,-,soxS
fur,-,soxR
fur,-,sodA
fur,+,serS
fur,+,sdiA
fur,-+,sdhD
fur,-,rpoS
fur,-+,sdhC
fur,-+,sdhA
fur,+,ftnA
fur,-,rimK
fur,-,recN
fur,-,pyrC
fur,-,purR
fur,-,purL
fur,-+,sdhB
fur,-,entD
fur,+,katE
fur,-,gnd
fur,-,fepE
fur,-,fepD
fur,-,fepC
fur,-,fepB
fur,-,fepA
fur,-,fecR
fur,-,fecI
fur,-,fecE
fur,-,fecD
fur,-,fecC
fur,-,fecB
fur,-,fecA
fur,-,exbD
fur,-,exbB
fur,-,entF
fur,-,fepG
fur,-,fes
fur,-,fhuA
fur,-,fhuB
fur,-,gltD
fur,-,gltB
fur,+,glpK
fur,+,glpF
fur,+,glnL
fur,+,glnG
fur,-+,gdhA
fur,-,hmp
fur,-,fur
fur,+,fumB
fur,-,fnr
fur,-,flhD
fur,-,flhC
fur,-,fhuE
fur,-,fhuD
fur,-,fhuC
fur,-,fumC
fur,-,paaB
fur,-,paaA
fur,-,fhuF
fur,-,yejG
fur,-,mqo
fur,-,yojI
fur,-,feoA
fur,-,feoB
fur,-,ydcF
fur,+,hscA
fur,-,punC
fur,+,narU
fur,-,gspM
fur,-+,glnK
fur,-,ygaC
fur,-,yhjE
fur,-,erpA
fur,-,tcyN
fur,-,yjcH
fur,-,actP
fur,-,yjbJ
fur,+,pepE
fur,-,paaJ
fur,-,paaI
fur,-,paaH
fur,-,paaG
fur,-,paaF
fur,-,paaE
fur,-,paaD
fur,-,nrdF
fur,-,paaC
fur,-,yddA
fur,-,yddB
fur,-,grcA
fur,-+,amtB
fur,+,yihN
fur,+,yihX
fur,+,zapB
fur,-,rsd
fur,-,paaK
fur,-,ydiE
fur,+,dppC
fur,-,tauA
fur,-,tauB
fur,-,tauC
fur,+,cusC
fur,+,b0725
fur,-,ybiX
fur,-,fiu
fur,-,ybiU
fur,-,rimO
fur,+,bssR
fur,-,efeU
fur,-,efeO
fur,+,ycgR
fur,+,xynR
fur,-,dinB
fur,-,tisB
fur,-,ryhB
fur,+,dppD
fur,+,dppF
fur,-,grxB
fur,-,garP
fur,-,ybaN
fur,-,feoC
fur,+,uxuB
fur,+,dppB
fur,-,nrdE
fur,+,rmf
fur,-,ybdZ
fur,-,yjjZ
fur,+,mntS
fur,+,esrE
fur,-,gndA
fur,+,sdhX
fur,-,rnpB
fur,-,ortT
fur,-,pqqU
fur,-,yncE
fur,+,gpr
fur,+,yghW
fur,+,hybO
fur,+,yghF
fur,-,mocA
fur,+,yqeC
fur,+,yqeB
fur,-,nrdI
fur,-,nrdH
fur,-,hcaR
fur,+,pdeF
fur,-,maeB
fur,-,mntH
fur,+,yfcV
fur,-,rcnB
fur,+,yqhD
fur,+,dkgA
fur,-,nfeF
fur,-,nfeR
fur,-,bglJ
fur,-,yjiT
fur,-,yjiR
fur,+,yhhY
fur,-,gspL
fur,-,gspK
fur,-,gspJ
fur,-,rcnA
fur,-,gspI
fur,-,gspG
fur,-,gspF
fur,-,gspE
fur,-,gspD
fur,-,gspC
fur,+,yhcC
fur,-,yrbL
fur,-,gspH
fur,-,yoeA
fur,-,nac
fur,+,zinT
fur,-,rsxC
fur,-,rsxB
fur,-,rsxA
fur,+,tqsA
fur,-,ynfD
fur,-,yciI
fur,-,nohA
fur,-,rsxD
fur,-,eamA
fur,-,mdtL
fur,-,stfQ
fur,-,phoH
fur,-,efeB
fur,-,tfaQ
fur,-,ydeN
fur,-,adhP
fur,-,gpmA
fur,+,uxaC
fur,-,rsxG
fur,-,sufE
fur,+,ftnB
fur,+,narQ
fur,-,rmuC
fur,+,qorA
fur,-,gltF
fur,+,flgL
fur,-,leuD
fur,-,rsxE
fur,-,moaA
fur,+,mntP
fur,+,yobD
fur,-,selO
fur,-,sufB
fur,-,sufC
fur,-,sufD
fur,-,sufS
fur,+,sseB
fur,+,sucC
gadE,+,gadE
gadE,+,fliX
gadE,+,lpxA
gadE,+,skp
gadE,+,gnd
gadE,+,gltD
gadE,+,gltB
gadE,+,fliC
gadE,+,lpxD
gadE,+,cyoE
gadE,+,cyoD
gadE,+,cyoC
gadE,+,cyoB
gadE,+,cyoA
gadE,+,GadX
gadE,+,GadE
gadE,+,GadW
gadE,+,Lrp
gadE,+,purA
gadE,+,lrp
gadE,+,fabZ
gadE,+,gndA
gadE,+,gadF
gadE,+,gadX
gadE,+,gadW
gadE,+,mdtF
gadE,+,mdtE
gadE,+,rcsA
gadE,+,yhiM
gadE,+,yjbQ
gadE,+,gltF
gadE,+,hdeD
gadE,+,gadB
gadE,+,yhiD
gadE,+,hdeB
gadE,+,hdeA
gadE,+,yjbR
gadE,+,gadC
gadW,-,GadW
gadW,-+,GadX
gadW,+,GadE
gadW,-+,gadX
gadW,-+,hdeA
gadW,-+,hdeB
gadW,-+,yhiD
gadW,-+,gadB
gadW,+,gadE
gadW,-,dctR
gadW,-,slp
gadW,+,mdtE
gadW,-+,gadC
gadW,-,gadY
gadW,+,gadF
gadW,-+,gadA
gadW,+,mdtF
gadW,-,gadW
gadX,+,glsA
gadX,+,gadC
gadX,+,ybaT
gadX,-,btuB
gadX,+,gadY
gadX,-,ydeM
gadX,-,ynfB
gadX,+,cadA
gadX,-,dtpA
gadX,+,gadF
gadX,+,H-NS
gadX,-+,GadW
gadX,+,GadE
gadX,+,GadX
gadX,-,speG
gadX,+,gadA
gadX,-,ydeN
gadX,-+,gadW
gadX,-+,yhiD
gadX,+,gadX
gadX,-+,hdeB
gadX,-+,hdeA
gadX,+,uspE
gadX,-,murI
gadX,+,hdeD
gadX,+,asnB
gadX,+,rpoS
gadX,+,hns
gadX,+,lon
gadX,+,gadE
gadX,+,cadB
gadX,+,mdtE
gadX,+,glnK
gadX,+,slp
gadX,+,dctR
gadX,+,mdtF
gadX,+,gadB
gadX,+,amtB
gadY,+,gadW
gadY,+,gadX
gadY,+,GadW
gadY,+,GadX
galR,-,galP
galR,-+,galM
galR,-,mglC
galR,-,mglB
galR,-,mglA
galR,-,GalR
galR,-,galS
galR,-+,galK
galR,-+,galE
galR,-,GalS
galR,-+,galT
galR,-,galR
galS,-+,galK
galS,-,galR
galS,-,galS
galS,-,mglA
galS,-,mglB
galS,-,mglC
galS,-,GalS
galS,-,GalR
galS,-,galP
galS,-+,galE
galS,-+,galM
galS,-+,galT
gatR,-,gatZ
gatR,-,gatY
gatR,-,gatD
gatR,-,gatC
gatR,-,gatB
gatR,-,gatA
gcvA,-+,gcvH
gcvA,-,gcvA
gcvA,-+,gcvT
gcvA,-,GcvA
gcvA,+,gcvB
gcvA,-+,gcvP
gcvB,-,asnB
gcvB,-,ilvM
gcvB,-,aroC
gcvB,-,ilvD
gcvB,-,dppA
gcvB,-,gdhA
gcvB,-,gltP
gcvB,-,icd
gcvB,-,aroP
gcvB,-,nlpA
gcvB,-,oppF
gcvB,-,acs
gcvB,-,inaA
gcvB,-,ivbL
gcvB,-,ilvL
gcvB,-,trpE
gcvB,-,trpD
gcvB,-,trpC
gcvB,-,trpB
gcvB,-,trpA
gcvB,-,asd
gcvB,-,ilvB
gcvB,-,rbsK
gcvB,-,rbsD
gcvB,-,rbsC
gcvB,-,rbsB
gcvB,-,rbsA
gcvB,-,phoQ
gcvB,-,asnA
gcvB,-,rbsR
gcvB,-,trpL
gcvB,-,phoP
gcvB,-,csgF
gcvB,-,csgG
gcvB,-,rbsZ
gcvB,-,sstT
gcvB,-,dppF
gcvB,-,dppD
gcvB,-,oppB
gcvB,-,csgE
gcvB,-,kgtP
gcvB,-,dppC
gcvB,-,dppB
gcvB,-,map
gcvB,+,OxyR
gcvB,-,PhoP
gcvB,-,RbsR
gcvB,-,cycA
gcvB,-,lrp
gcvB,+,oxyR
gcvB,-,csgD
gcvB,+,rbn
gcvB,-,panD
gcvB,-,cstA
gcvB,-,CsgD
gcvB,-,mltC
gcvB,-,ydeE
gcvB,-,oppC
gcvB,-,ysgA
gcvB,-,purU
gcvB,-,hisQ
gcvB,-,oppD
gcvB,-,oppA
gcvB,-,Lrp
gcvB,-,tcyJ
glaR,-,yobD
glaR,-,yeaE
glaR,+,yfbO
glaR,-,yfcO
glaR,+,yfbU
glaR,+,yfcV
glaR,+,yfdV
glaR,-,yfdC
glaR,+,yodB
glaR,+,yfbN
glaR,-,hxpA
glaR,-,oxc
glaR,+,yehS
glaR,-,yfiR
glaR,-,GadW
glaR,-,Dan
glaR,-,YgiV
glaR,+,YdeO
glaR,-,GcvA
glaR,+,PdhR
glaR,-,YqhC
glaR,+,GadX
glaR,+,CadC
glaR,-,yjjQ
glaR,+,yjjP
glaR,+,idnD
glaR,-,bdcR
glaR,+,bdcA
glaR,-,yjfY
glaR,+,orn
glaR,-,rsgA
glaR,-,yhcD
glaR,+,ygiW
glaR,-,ygiV
glaR,-,yqhC
glaR,-,casA
glaR,+,alaE
glaR,-,glaH
glaR,-,ynjH
glaR,-,rssB
glaR,-,ypjA
glaR,+,ypdC
glaR,-,ydhS
glaR,-,YjjQ
glaR,-,ydfI
glaR,-,cysS
glaR,+,cysN
glaR,+,cadC
glaR,-,aroP
glaR,-,aroB
glaR,-,apt
glaR,+,smg
glaR,-,baeS
glaR,-,fhuE
glaR,-,phoH
glaR,-,gcvA
glaR,+,ydfK
glaR,+,rpiB
glaR,-,idnK
glaR,+,hinT
glaR,-,gadW
glaR,+,gadX
glaR,+,yadN
glaR,-,chaA
glaR,-,lhgD
glaR,-,gabT
glaR,-,zraR
glaR,-,inaA
glaR,-,ppx
glaR,-,gabP
glaR,-,gabD
glaR,+,yidB
glaR,-,ttdA
glaR,+,pdhR
glaR,-,tar
glaR,-,gdhA
glaR,+,rpsF
glaR,+,priC
glaR,+,ppiB
glaR,-,pdxA
glaR,-,nlpA
glaR,+,murD
glaR,-,mrdA
glaR,-,mglA
glaR,+,kdsA
glaR,-,rhsD
glaR,+,yigG
glaR,-,chaB
glaR,+,rfbB
glaR,+,ycgY
glaR,-,ycgV
glaR,-,kdgT
glaR,-,tehA
glaR,+,ychQ
glaR,-,yciU
glaR,+,dctR
glaR,+,htrE
glaR,-,yihM
glaR,-,ycjP
glaR,-,ydcK
glaR,+,ydeO
glaR,+,yehD
glaR,-,yehE
glaR,-,ZraR
glaR,+,safA
glaR,+,lsrG
glaR,-,tam
glaR,-,ynaE
glaR,-,chaC
glaR,+,pliG
glaR,-,pdeG
glaR,-,prmC
glaR,-,yfjD
glaR,-,yfiL
glaR,-,sgcC
glaR,-,ttdR
glaR,+,ygjI
glaR,-,ybaN
glaR,-,dgcN
glaR,-,ycgJ
glaR,-,yjdP
glaR,-,ldcC
glaR,-,elfC
glaR,-,ycbU
glaR,-,ycbV
glaR,-,csgI
glaR,+,yihD
glaR,-,yccU
glaR,+,bssS
glaR,-,dinQ
glaR,+,gltF
glcC,+,glcF
glcC,+,glcD
glcC,+,glcE
glcC,+,glcG
glcC,+,glcA
glcC,+,glcB
glcC,-,GlcC
glcC,-,glcC
glmZ,+,glmS
glmZ,+,glmU
glnG,-+,glnA
glnG,+,argT
glnG,+,hisM
glnG,+,Cbl
glnG,+,Nac
glnG,-+,NtrC
glnG,+,ddpA
glnG,+,ddpD
glnG,+,ddpC
glnG,+,ddpB
glnG,+,ddpX
glnG,+,astE
glnG,+,hisP
glnG,-+,glnQ
glnG,-+,glnP
glnG,-+,glnL
glnG,-+,glnH
glnG,-+,glnG
glnG,-+,glnZ
glnG,+,patA
glnG,+,rseB
glnG,+,rseC
glnG,+,nac
glnG,+,cbl
glnG,+,astB
glnG,+,astD
glnG,+,astA
glnG,+,astC
glnG,-,yeaE
glnG,+,yeaG
glnG,+,ddpF
glnG,+,yeaH
glnG,+,rutB
glnG,+,rpoE
glnG,+,hisJ
glnG,+,hisQ
glnG,+,glnK
glnG,+,rseA
glnG,+,yhdW
glnG,+,potG
glnG,+,potF
glnG,+,rutA
glnG,+,potH
glnG,+,amtB
glnG,+,yhdX
glnG,+,yhdY
glnG,+,yhdZ
glnG,+,rseD
glnG,+,rutG
glnG,+,rutF
glnG,+,rutE
glnG,+,rutD
glnG,+,rutC
glnG,+,relA
glnG,+,potI
glnZ,-,sucA
glnZ,-,glnP
glpR,-,glpF
glpR,-,glpX
glpR,-,glpT
glpR,-,glpQ
glpR,-,glpD
glpR,-,glpC
glpR,-,glpB
glpR,-,glpA
glpR,-,glpK
glrR,+,rseB
glrR,+,rseC
glrR,+,glmY
glrR,+,rseD
glrR,+,rpoE
glrR,+,rseA
gntR,-,idnK
gntR,-,eda
gntR,-,gntT
gntR,-,gntU
gntR,-,edd
gntR,-,idnT
gntR,-,yhgH
gntR,-,gntK
gntR,-,idnD
gntR,-,idnO
gntR,-,idnR
gntR,-,nfuA
gntR,-,IdnR
gutM,+,srlD
gutM,+,gutM
gutM,+,gutQ
gutM,+,srlB
gutM,+,srlA
gutM,+,SrlR
gutM,+,GutM
gutM,+,srlR
gutM,+,srlE
hcaR,+,hcaE
hcaR,+,hcaC
hcaR,+,hcaF
hcaR,-,HcaR
hcaR,+,hcaD
hcaR,-,iroK
hcaR,+,hcaB
hcaR,-,hcaR
hdfR,+,maoP
hdfR,-,flhD
hdfR,+,gltF
hdfR,+,gltD
hdfR,-,flhC
hdfR,+,gltB
hfq,-,oppA
hfq,-,mutS
hfq,-,cirA
hfq,-,manX
hfq,+,hpf
hfq,-,ptsN
hicB,-,hicA
hicB,-,HicB
hicB,-,hicB
higA,-,HigA
higA,-,higB
higA,-,higA
higA;higB,-,HigA
higA;higB,-,higA
higA;higB,-,higB
hipB,-,HipB
hipB,-,mazF
hipB,-,fadH
hipB,-,relA
hipB,-,mazE
hipB,-,hipA
hipB,-,hipB
hipB,-,MazE
hipB,-,eutH
hipB,-,eutA
hipB;hipA,-,hipB
hipB;hipA,-,mazF
hipB;hipA,-,HipB
hipB;hipA,-,relA
hipB;hipA,-,mazE
hipB;hipA,-,hipA
hipB;hipA,-,MazE
hns,+,gutM
hns,+,gutQ
hns,+,srlR
hns,+,fliA
hns,+,srlD
hns,+,cspD
hns,-,caiA
hns,-,caiB
hns,-,nhaR
hns,+,srlB
hns,+,srlE
hns,-,ftnA
hns,+,relA
hns,-,rcsB
hns,-,rcsA
hns,-,proX
hns,-,proW
hns,-,caiT
hns,-,proV
hns,-,evgA
hns,-,evgS
hns,-,osmC
hns,-,nrdB
hns,-,nrdA
hns,-,nirD
hns,-,caiC
hns,-,caiD
hns,-,ydcC
hns,-,gadE
hns,+,gabP
hns,+,gabD
hns,-,gspB
hns,-,iraP
hns,+,mukE
hns,+,mazF
hns,-,chiA
hns,-,pdeL
hns,-,garR
hns,-,garK
hns,-,gspO
hns,-,nirC
hns,-,stpA
hns,-,hdeA
hns,-,hdeB
hns,-,yhiD
hns,-,yciG
hns,-,dps
hns,-,nrdD
hns,-,hdfR
hns,-,gadB
hns,-,hdeD
hns,-,adiA
hns,-,yciF
hns,-,yciE
hns,+,fliZ
hns,-,fau
hns,-,nirB
hns,-,cysU
hns,+,mukB
hns,-,degP
hns,-,hns
hns,+,hisP
hns,-,galT
hns,-,galK
hns,-,galE
hns,-,dgcZ
hns,-,fimB
hns,+,hisM
hns,-,garL
hns,-,appY
hns,-,ascF
hns,-,ascG
hns,-,bglB
hns,+,fimC
hns,+,fimD
hns,-,fimE
hns,+,fimF
hns,+,fimG
hns,+,fimH
hns,+,gabT
hns,-,fucA
hns,+,fliC
hns,+,flhD
hns,+,flhC
hns,-,ilvH
hns,-,ilvI
hns,-,lacA
hns,-,lacY
hns,+,mazE
hns,+,malG
hns,+,malF
hns,+,malE
hns,-,bolA
hns,-,cadA
hns,-,cadB
hns,-,cadC
hns,-,cspA
hns,-,cydA
hns,-,cydB
hns,-,cysA
hns,-,nhaA
hns,-,cysG
hns,-,cysP
hns,-,cysW
hns,-,ddlA
hns,+,entF
hns,-,acrE
hns,-,acrF
hns,+,fepE
hns,+,fes
hns,+,fimA
hns,-,lrp
hns,-,leuO
hns,-,lacZ
hns,-,cysM
hns,-,yadC
hns,-,bglF
hns,-,CsgD
hns,-,GadX
hns,-,EvgA
hns,-,AscG
hns,-,PdeL
hns,-,AdiY
hns,+,SrlR
hns,-,yraH
hns,-,casA
hns,-,CadC
hns,-,casB
hns,-,YdeO
hns,-,CaiF
hns,-,BolA
hns,-,YjjQ
hns,-,AppY
hns,-,HdfR
hns,-,NhaR
hns,-,GadE
hns,-,casC
hns,-,LeuO
hns,+,MazE
hns,-,gadA
hns,-,rnpB
hns,-,rrfB
hns,-,rrfC
hns,-,rrfD
hns,-,rrfG
hns,-,rrfH
hns,-,rrlB
hns,-,rrlC
hns,-,rrlD
hns,-,csgE
hns,-,rrlH
hns,-,rrsB
hns,-,rrsC
hns,-,rrsD
hns,-,rrsG
hns,-,rrsH
hns,-,rrfF
hns,-,ssrS
hns,-,thrV
hns,-,HprR
hns,+,ybdZ
hns,-,gadF
hns,-,StpA
hns,-,mdtI
hns,-,asr
hns,-,mdtU
hns,-,evgL
hns,+,malH
hns,-,caiF
hns,-,sfmA
hns,-,pdeI
hns,-,elfA
hns,-,dgcT
hns,-,csgG
hns,-,ydeP
hns,-,ydeO
hns,-,gadC
hns,-,dosC
hns,-+,hlyE
hns,-,pdeG
hns,-,bluF
hns,-,csgD
hns,-,mdtJ
hns,-,micF
hns,-,rflP
hns,-,dgcJ
hns,+,GutM
hns,-,CspA
hns,-,RcsB
hns,-,GadW
hns,-,H-NS
hns,-,casD
hns,-,Lrp
hns,+,FliZ
hns,-,Dan
hns,-,casE
hns,-,cas1
hns,+,glaH
hns,+,csiE
hns,-,pdeF
hns,-,oxc
hns,-,yfcV
hns,-,hprR
hns,-,hchA
hns,+,tcyJ
hns,-,cdgI
hns,-,ileV
hns,-,rrlG
hns,-,gltW
hns,-,yehD
hns,+,hisJ
hns,-,gspK
hns,-,gspJ
hns,+,hisQ
hns,+,mukF
hns,+,cmoM
hns,-,yehC
hns,-,gspM
hns,-,cbpA
hns,-,ileU
hns,-,mdtE
hns,-,mdtF
hns,-,gadW
hns,-,gadX
hns,-,ybgD
hns,-,pagP
hns,-,yfaE
hns,-,yehB
hns,+,fimI
hns,-,bglG
hns,+,fimR2
hns,+,fliX
hns,+,srlA
hns,-,nrdG
hns,-,bglJ
hns,-,yjjQ
hns,-,yehA
hns,-,yjjP
hns,-,adeD
hns,-,galM
hns,-,glvC
hns,-,dctR
hns,-,slp
hns,-,pdeC
hns,-,adiY
hns,-,gspL
hns,-,rcsD
hns,-,yhiM
hns,-,csgF
hns,-,gspG
hns,-,gspH
hns,-,gspI
hns,-,gspD
hns,-,gspC
hns,-,alaU
hns,-,cas2
hns,-,garP
hns,-,ttdR
hns,-,gspF
hns,-,caiE
hns,-,adiC
hns,+,lhgD
hns,-,gspA
hns,-,gltU
hns,-,gltT
hns,-,alaV
hns,+,cycA
hns,-,gspE
hprR,+,CusR
hprR,+,cusS
hprR,+,cusR
hprR,+,msrQ
hprR,+,hiuH
hprR,+,msrP
hprR,+,cusC
hprR,-,cyoA
hprR,-,cyoB
hprR,-,cyoC
hprR,-,cyoD
hprR,-,cyoE
hprR,+,cusA
hprR,+,cusB
hprR,+,cusF
hupA;hupB,-,galE
hupA;hupB,-,galK
hupA;hupB,-,mtr
hupA;hupB,-,tyrP
hupA;hupB,-,galM
hupA;hupB,-,pgm
hupA;hupB,-,seqA
hupA;hupB,+,micF
hupA;hupB,-,galT
hyfR,+,hyfD
hyfR,+,hyfA
hyfR,+,hyfB
hyfR,+,hyfC
hyfR,+,hyfE
hyfR,+,hyfF
hyfR,+,hyfG
hyfR,+,hyfR
hyfR,+,hyfI
hyfR,+,hyfJ
hyfR,+,HyfR
hyfR,+,focB
hyfR,+,hyfH
hypT,-,fecC
hypT,-,fecB
hypT,-,fecA
hypT,+,cysH
hypT,+,cydB
hypT,+,metI
hypT,-,fecD
hypT,+,metQ
hypT,+,metL
hypT,+,metB
hypT,+,cydA
hypT,-,fecE
hypT,+,metN
ibpA,-,ibpA
ibpA,-,ibpB
iclR,-,aceB
iclR,-,aceA
iclR,-,aceK
iclR,-,iclR
iclR,-,IclR
idnR,+,idnR
idnR,-,gntU
idnR,+,idnK
idnR,+,idnO
idnR,+,idnD
idnR,+,IdnR
idnR,-,gntK
idnR,+,idnT
ihfA;ihfB,-+,norV
ihfA;ihfB,-,PlaR
ihfA;ihfB,+,FhlA
ihfA;ihfB,+,Fis
ihfA;ihfB,+,YeiL
ihfA;ihfB,-,OmpR
ihfA;ihfB,+,CsgD
ihfA;ihfB,-,FliZ
ihfA;ihfB,+,TdcA
ihfA;ihfB,-,tcyJ
ihfA;ihfB,+,sufB
ihfA;ihfB,+,sufC
ihfA;ihfB,+,sufD
ihfA;ihfB,+,sufS
ihfA;ihfB,+,sufE
ihfA;ihfB,+,paaK
ihfA;ihfB,+,paaJ
ihfA;ihfB,+,paaI
ihfA;ihfB,+,FNR
ihfA;ihfB,+,HipB
ihfA;ihfB,+,fimR2
ihfA;ihfB,+,narS
ihfA;ihfB,+,hycI
ihfA;ihfB,+,glcA
ihfA;ihfB,+,glcG
ihfA;ihfB,+,glcE
ihfA;ihfB,+,glcD
ihfA;ihfB,+,tdcG
ihfA;ihfB,+,tdcF
ihfA;ihfB,-,rseB
ihfA;ihfB,+,tdcE
ihfA;ihfB,+,rtcA
ihfA;ihfB,+,rtcB
ihfA;ihfB,-,ulaG
ihfA;ihfB,-,rseC
ihfA;ihfB,-,ulaD
ihfA;ihfB,-,ulaE
ihfA;ihfB,-,ulaF
ihfA;ihfB,-+,ilvG
ihfA;ihfB,+,dcuD
ihfA;ihfB,-,ulaA
ihfA;ihfB,+,folA
ihfA;ihfB,+,yjbE
ihfA;ihfB,+,fis
ihfA;ihfB,-,flhC
ihfA;ihfB,-,flhD
ihfA;ihfB,+,hycB
ihfA;ihfB,+,hycA
ihfA;ihfB,+,hipA
ihfA;ihfB,+,hipB
ihfA;ihfB,-,ihfB
ihfA;ihfB,-,ihfA
ihfA;ihfB,+,hemA
ihfA;ihfB,+,gltD
ihfA;ihfB,+,gltB
ihfA;ihfB,+,gltA
ihfA;ihfB,-,glpT
ihfA;ihfB,-,glpQ
ihfA;ihfB,+,glnQ
ihfA;ihfB,+,glnP
ihfA;ihfB,+,glnH
ihfA;ihfB,+,gcd
ihfA;ihfB,+,fimH
ihfA;ihfB,+,fimG
ihfA;ihfB,+,fimF
ihfA;ihfB,+,fimD
ihfA;ihfB,+,paaH
ihfA;ihfB,+,aceA
ihfA;ihfB,+,aceB
ihfA;ihfB,+,aceK
ihfA;ihfB,-,osmE
ihfA;ihfB,-+,carA
ihfA;ihfB,-+,carB
ihfA;ihfB,-+,cysG
ihfA;ihfB,+,cysH
ihfA;ihfB,+,fnr
ihfA;ihfB,+,cysI
ihfA;ihfB,-,dmsA
ihfA;ihfB,-,dmsB
ihfA;ihfB,-,dmsC
ihfA;ihfB,+,dppA
ihfA;ihfB,-,envZ
ihfA;ihfB,+,fhlA
ihfA;ihfB,+,fimA
ihfA;ihfB,+,fimB
ihfA;ihfB,+,fimC
ihfA;ihfB,+,cysJ
ihfA;ihfB,+,paaG
ihfA;ihfB,-,rpoE
ihfA;ihfB,+,paaE
ihfA;ihfB,+,prfA
ihfA;ihfB,+,phoU
ihfA;ihfB,+,pstS
ihfA;ihfB,+,pflB
ihfA;ihfB,-,ompR
ihfA;ihfB,-+,ompF
ihfA;ihfB,-,ompC
ihfA;ihfB,-,nmpC
ihfA;ihfB,-+,nirD
ihfA;ihfB,+,proV
ihfA;ihfB,-+,nirC
ihfA;ihfB,-,ndh
ihfA;ihfB,+,narK
ihfA;ihfB,+,narJ
ihfA;ihfB,+,narI
ihfA;ihfB,+,narH
ihfA;ihfB,+,narG
ihfA;ihfB,-,mtr
ihfA;ihfB,-+,ilvM
ihfA;ihfB,-+,ilvE
ihfA;ihfB,-+,nirB
ihfA;ihfB,-+,ilvD
ihfA;ihfB,+,proW
ihfA;ihfB,+,proX
ihfA;ihfB,+,tdcD
ihfA;ihfB,-,tyrP
ihfA;ihfB,+,tdcC
ihfA;ihfB,+,tdcB
ihfA;ihfB,+,sgbH
ihfA;ihfB,-,sucD
ihfA;ihfB,-,sucC
ihfA;ihfB,-,sucB
ihfA;ihfB,-,sucA
ihfA;ihfB,+,paaF
ihfA;ihfB,-,sodB
ihfA;ihfB,+,rpoH
ihfA;ihfB,+,pstC
ihfA;ihfB,+,pstB
ihfA;ihfB,+,pstA
ihfA;ihfB,+,pspE
ihfA;ihfB,+,pspD
ihfA;ihfB,+,pspC
ihfA;ihfB,+,pspB
ihfA;ihfB,+,pspA
ihfA;ihfB,-,sodA
ihfA;ihfB,-+,ilvA
ihfA;ihfB,-,icd
ihfA;ihfB,+,hypE
ihfA;ihfB,-,nuoC
ihfA;ihfB,-,nuoE
ihfA;ihfB,-,nuoG
ihfA;ihfB,-,nuoH
ihfA;ihfB,-,nuoI
ihfA;ihfB,-,nuoJ
ihfA;ihfB,-,nuoK
ihfA;ihfB,-,nuoL
ihfA;ihfB,-,nuoN
ihfA;ihfB,-,nuoB
ihfA;ihfB,-,hemF
ihfA;ihfB,-,plaR
ihfA;ihfB,+,yiaK
ihfA;ihfB,+,yiaL
ihfA;ihfB,+,yiaM
ihfA;ihfB,+,yiaN
ihfA;ihfB,+,yiaO
ihfA;ihfB,-,rseA
ihfA;ihfB,+,sgbE
ihfA;ihfB,+,sgbU
ihfA;ihfB,-,uspB
ihfA;ihfB,-,nuoA
ihfA;ihfB,+,yeiL
ihfA;ihfB,+,fimI
ihfA;ihfB,+,hypD
ihfA;ihfB,+,hypC
ihfA;ihfB,+,hypB
ihfA;ihfB,+,hypA
ihfA;ihfB,+,hycH
ihfA;ihfB,+,hycG
ihfA;ihfB,+,hycF
ihfA;ihfB,+,hycE
ihfA;ihfB,+,hycD
ihfA;ihfB,+,hycC
ihfA;ihfB,+,pspG
ihfA;ihfB,-,actP
ihfA;ihfB,-,yjcH
ihfA;ihfB,-+,nrfB
ihfA;ihfB,-+,nrfC
ihfA;ihfB,-+,nrfD
ihfA;ihfB,-+,nrfE
ihfA;ihfB,-+,nrfF
ihfA;ihfB,-+,nrfG
ihfA;ihfB,+,htrE
ihfA;ihfB,+,yadV
ihfA;ihfB,+,focA
ihfA;ihfB,-+,ilvL
ihfA;ihfB,+,tdcA
ihfA;ihfB,-,ulaC
ihfA;ihfB,+,pspH
ihfA;ihfB,-,rseD
ihfA;ihfB,-+,ilvX
ihfA;ihfB,-,micF
ihfA;ihfB,-,hpt
ihfA;ihfB,+,glcB
ihfA;ihfB,+,dppF
ihfA;ihfB,+,dppD
ihfA;ihfB,+,dppC
ihfA;ihfB,+,dppB
ihfA;ihfB,+,cycA
ihfA;ihfB,+,yjbG
ihfA;ihfB,+,yjbH
ihfA;ihfB,+,atoA
ihfA;ihfB,+,atoD
ihfA;ihfB,+,ibpB
ihfA;ihfB,+,gltF
ihfA;ihfB,+,sra
ihfA;ihfB,+,adiA
ihfA;ihfB,+,yjbF
ihfA;ihfB,+,atoE
ihfA;ihfB,+,atoB
ihfA;ihfB,-,nuoM
ihfA;ihfB,+,paaD
ihfA;ihfB,+,paaC
ihfA;ihfB,+,paaB
ihfA;ihfB,+,paaA
ihfA;ihfB,+,paaZ
ihfA;ihfB,+,csgD
ihfA;ihfB,+,csgE
ihfA;ihfB,+,csgF
ihfA;ihfB,+,csgG
ihfA;ihfB,-,acs
ihfA;ihfB,-+,ssuE
ihfA;ihfB,-+,ssuD
ihfA;ihfB,-+,ssuC
ihfA;ihfB,+,glmY
ihfA;ihfB,+,csrB
ihfA;ihfB,+,glcF
ihfA;ihfB,-,sdhX
ihfA;ihfB,-,amiA
ihfA;ihfB,-+,nrfA
ihfA;ihfB,-,nuoF
ihfA;ihfB,-+,ssuA
ihfA;ihfB,+,dps
ihfA;ihfB,+,lyxK
ihfA;ihfB,+,uspA
ihfA;ihfB,-+,ssuB
ihfA;ihfB,+,dusB
ihfA;ihfB,-,osmY
ihfA;ihfB,-,fliZ
ihfA;ihfB,-,ubiC
ihfA;ihfB,-,fliA
ihfA;ihfB,-+,norW
ihfA;ihfB,-,ulaB
ihfA;ihfB,-,ubiA
ihfA;ihfB,+,sufA
ihfA;ihfB,+,prmC
ilvY,-,IlvY
ilvY,+,ilvC
ilvY,-,ilvY
iscR,-,iscA
iscR,-,erpA
iscR,+,nrdF
iscR,+,nrdE
iscR,-,torT
iscR,+,sufE
iscR,+,sufS
iscR,-,napD
iscR,-,iscU
iscR,+,sufC
iscR,+,sufB
iscR,+,selO
iscR,-,napF
iscR,-,iscS
iscR,-,iscR
iscR,-,rnlA
iscR,-,IscR
iscR,-,rnlB
iscR,+,nrdH
iscR,+,sufD
iscR,-,napA
iscR,-,nfuA
iscR,-,napB
iscR,+,nrdI
iscR,-,hyaA
iscR,-,hyaB
iscR,-,hyaC
iscR,-,hyaD
iscR,-,hyaE
iscR,-,hyaF
iscR,+,sufA
iscR,-,napC
iscR,-,napH
iscR,-,napG
istR,-,tisB
kdgR,-,eda
kdgR,-,edd
kdpE,+,kdpA
kdpE,+,kdpF
kdpE,-,rmf
kdpE,+,uxaA
kdpE,-,rsd
kdpE,-,adeP
kdpE,+,kdpB
kdpE,+,uxaC
kdpE,+,kdpC
lacI,-,lacZ
lacI,-,lacY
lacI,-,lacA
leuO,-+,LeuO
leuO,-,CadC
leuO,+,YjjQ
leuO,+,casE
leuO,+,bglF
leuO,+,casB
leuO,+,bglG
leuO,-,cadC
leuO,-+,leuO
leuO,+,leuA
leuO,+,leuL
leuO,-,gltF
leuO,+,bglB
leuO,+,leuD
leuO,+,yjjQ
leuO,-,yghS
leuO,-,yghR
leuO,+,casA
leuO,+,bglJ
leuO,+,casC
leuO,+,casD
leuO,+,leuC
leuO,+,cas1
leuO,-,dsrA
leuO,-,ybeQ
leuO,+,cas2
leuO,+,leuB
lexA,-,hokE
lexA,-,yafN
lexA,-,dinB
lexA,-,uvrY
lexA,-,ftsL
lexA,-,uvrD
lexA,-,uvrC
lexA,-,dinF
lexA,-,ybiB
lexA,-,ybfE
lexA,-,yebG
lexA,-,sbmC
lexA,-,yehF
lexA,-,recX
lexA,-,sulA
lexA,-,dinJ
lexA,-,yafQ
lexA,-,dinQ
lexA,-,ftsO
lexA,-,tisB
lexA,-,ssb
lexA,-,umuC
lexA,-,rpoD
lexA,-,ftsI
lexA,-,ftsQ
lexA,-,ftsW
lexA,-,ftsZ
lexA,-,lexA
lexA,-,mraY
lexA,-,murC
lexA,-,murD
lexA,-,murE
lexA,-,murF
lexA,-,murG
lexA,-,phr
lexA,-,polB
lexA,-,umuD
lexA,-,ptrA
lexA,-,recA
lexA,-,recB
lexA,-,recD
lexA,-,yafO
lexA,-,recN
lexA,-,recQ
lexA,-,rpsU
lexA,-,yafP
lexA,-,dinI
lexA,-,dinG
lexA,-,lpxC
lexA,-,ftsA
lexA,-,uvrA
lexA,-,dnaG
lexA,-,ddlB
lexA,-,ruvB
lexA,-,ruvA
lexA,-,symE
lexA,-,insK
lexA,-,yoaA
lexA,-,cho
lexA,-,ydjM
lexA,-,uvrB
lexA,-,LexA
lexA,-,UvrY
lexA,-,ftsK
lexA,-,dinD
lldR,+,fadE
lldR,+,yhcO
lldR,+,glcD
lldR,-+,LldR
lldR,+,fadL
lldR,+,GadW
lldR,+,lpxP
lldR,+,yfdY
lldR,-+,lldP
lldR,-+,lldD
lldR,+,gadW
lldR,+,gadY
lldR,-+,lldR
lrhA,+,fimE
lrhA,+,LrhA
lrhA,+,LeuO
lrhA,+,lrhA
lrhA,+,leuO
lrhA,-,flhD
lrhA,-,flhC
lrp,-,yhbY
lrp,+,yhdW
lrp,-,sstT
lrp,+,yhjJ
lrp,+,yhjR
lrp,+,yhjE
lrp,-+,gadW
lrp,-,dtpB
lrp,-,yhiM
lrp,-+,panZ
lrp,+,chbG
lrp,+,glnK
lrp,-,brnQ
lrp,+,eptB
lrp,+,can
lrp,+,rseA
lrp,+,lhgD
lrp,+,ybiI
lrp,-,ybiJ
lrp,+,modA
lrp,+,ycfJ
lrp,-,yjeM
lrp,-,cycA
lrp,+,yacL
lrp,-,yiaG
lrp,+,yabQ
lrp,-,Lrp
lrp,+,lrhA
lrp,-,rpiA
lrp,-+,GadW
lrp,+,rhtB
lrp,-,gadB
lrp,+,rlmE
lrp,-,ppk
lrp,-+,gcvT
lrp,+,gltF
lrp,+,ibpA
lrp,+,ibpB
lrp,+,stpA
lrp,-,thiC
lrp,+,proP
lrp,-+,artP
lrp,-+,ycgB
lrp,-+,artI
lrp,-,sthA
lrp,-+,dadA
lrp,-,ribE
lrp,+,gabD
lrp,+,gabP
lrp,-,upp
lrp,-+,lysP
lrp,-,ychE
lrp,-,dadX
lrp,-,mnmA
lrp,+,ubiA
lrp,-,osmY
lrp,-,hdeA
lrp,-,hdeB
lrp,-,yhiD
lrp,-+,ppx
lrp,-+,fliA
lrp,-,sdaC
lrp,-+,potF
lrp,+,dgcZ
lrp,-,yjbQ
lrp,+,yjbR
lrp,+,yibL
lrp,+,zntR
lrp,+,yhdN
lrp,+,htrE
lrp,-,aphA
lrp,+,fimI
lrp,+,yeiL
lrp,-,radD
lrp,-,napF
lrp,-,mqo
lrp,+,yojI
lrp,-,nuoA
lrp,-,yehL
lrp,-,ydeE
lrp,+,pspG
lrp,-+,tsuA
lrp,+,slyX
lrp,-,hpf
lrp,-,ptsN
lrp,+,yicH
lrp,-,emrD
lrp,+,phoH
lrp,-,yjbJ
lrp,+,rsd
lrp,+,purT
lrp,+,gcvP
lrp,-,aidB
lrp,+,rpiB
lrp,-,yiiM
lrp,+,menA
lrp,-,yebF
lrp,-,cpoB
lrp,-,ileU
lrp,-,alaT
lrp,-,yfcC
lrp,-+,alaA
lrp,+,yfaP
lrp,+,nac
lrp,+,cbl
lrp,-,yodC
lrp,-,dgcQ
lrp,+,yoaH
lrp,-,leuE
lrp,-,dgcJ
lrp,+,yeaG
lrp,-,yeaE
lrp,+,ynjH
lrp,-+,astC
lrp,+,ydhQ
lrp,-+,slyA
lrp,-,dtpA
lrp,+,ydgH
lrp,+,sad
lrp,+,ydeN
lrp,+,ydcL
lrp,+,ydcK
lrp,-+,dgcM
lrp,+,yciT
lrp,-,dhaK
lrp,-,hlyE
lrp,+,lolC
lrp,+,bssS
lrp,+,hspQ
lrp,-+,fadI
lrp,-,ycaM
lrp,-,yfcZ
lrp,-,intZ
lrp,+,yjfP
lrp,+,yjeH
lrp,-+,fxsA
lrp,-+,ytfB
lrp,-+,ytfJ
lrp,-,ytfK
lrp,-+,ridA
lrp,-,yjiC
lrp,-+,yhhW
lrp,+,yzgL
lrp,+,yhdV
lrp,-,yhcN
lrp,-+,patA
lrp,-,aer
lrp,+,insC5
lrp,-,qseB
lrp,-+,ygiW
lrp,-+,ygiV
lrp,-+,glcA
lrp,-,yqeG
lrp,+,yqeF
lrp,-,amiC
lrp,-+,alaE
lrp,+,glaH
lrp,-,iraD
lrp,-+,yjiL
lrp,-,ilvG
lrp,+,fimR2
lrp,-+,csiE
lrp,+,zipA
lrp,-,lolA
lrp,+,clpS
lrp,+,ybjX
lrp,-,rrsD
lrp,-,rrsC
lrp,-,rrsB
lrp,-,rrsA
lrp,-,rrlH
lrp,-,rrlG
lrp,-,rrlE
lrp,-,rrlD
lrp,-,rrlC
lrp,-,rrlB
lrp,-,rrlA
lrp,-,rrfH
lrp,-,rrfG
lrp,-,rrfE
lrp,-,rrfD
lrp,-,rrfC
lrp,-,rrfB
lrp,-,rrfA
lrp,-,micF
lrp,-,metT
lrp,-,ileV
lrp,+,lipA
lrp,-,ileT
lrp,-,gltW
lrp,-,gltV
lrp,-,gltU
lrp,-,gltT
lrp,-,alaV
lrp,-,alaU
lrp,-,rrsE
lrp,-,rrsG
lrp,-,rrsH
lrp,-,rrfF
lrp,-,ybjS
lrp,-,ybjN
lrp,-,ybiT
lrp,-,ybiO
lrp,-+,ybhQ
lrp,-,pgl
lrp,-+,acrZ
lrp,-+,ybgS
lrp,+,zitB
lrp,-,ybeX
lrp,+,insH3
lrp,-,ybdL
lrp,+,ybdF
lrp,-,ybdG
lrp,-,yciN
lrp,+,borD
lrp,+,yaiY
lrp,+,ykgE
lrp,+,yagU
lrp,+,yaeQ
lrp,+,yaaX
lrp,+,ldhA
lrp,-,sroH
lrp,+,gadY
lrp,+,yoeG
lrp,-,ilvX
lrp,+,yciZ
lrp,+,yibT
lrp,-,thrV
lrp,-,ssrS
lrp,-,mscK
lrp,+,leuL
lrp,-,wecB
lrp,-+,ilvL
lrp,+,fimD
lrp,+,fimC
lrp,+,fimA
lrp,+,fadL
lrp,+,exbB
lrp,+,eno
lrp,-,eco
lrp,+,fimE
lrp,-+,dppA
lrp,-,dedA
lrp,-,deaD
lrp,-,cysB
lrp,+,clpP
lrp,+,cadB
lrp,+,cadA
lrp,-,btuE
lrp,-,deoB
lrp,-+,avtA
lrp,+,fimF
lrp,+,fimH
lrp,-,lpxL
lrp,-,gpt
lrp,+,gltD
lrp,+,gltB
lrp,+,glnQ
lrp,+,glnL
lrp,+,glnH
lrp,+,fimG
lrp,+,glnA
lrp,-,gdhA
lrp,+,gcvH
lrp,+,gabT
lrp,+,fumA
lrp,-,ftsQ
lrp,-,frdB
lrp,-,frdA
lrp,-,glgC
lrp,-,ilvA
lrp,-,atpH
lrp,-,aspS
lrp,+,SoxS
lrp,+,LrhA
lrp,+,MalT
lrp,-,AlaS
lrp,-,CysB
lrp,-+,SlyA
lrp,+,Nac
lrp,-+,LeuO
lrp,-+,YgiV
lrp,-,QseB
lrp,-+,TyrR
lrp,+,Cbl
lrp,+,StpA
lrp,-,AidB
lrp,+,YeiL
lrp,+,ZntR
lrp,-+,ArgR
lrp,-,atpA
lrp,-,RpoN
lrp,-,thrL
lrp,+,aspC
lrp,-+,aspA
lrp,+,asnB
lrp,+,asnA
lrp,-+,aroG
lrp,-+,aroA
lrp,+,argT
lrp,+,YciT
lrp,-,argS
lrp,-,argA
lrp,-,arcB
lrp,-+,ansB
lrp,-,alaS
lrp,-+,adhE
lrp,+,aceB
lrp,-,cydC
lrp,-+,argR
lrp,-,ilvD
lrp,-,gltP
lrp,-+,ilvH
lrp,-,rplF
lrp,+,relA
lrp,+,pyrI
lrp,-,trhO
lrp,-,yceB
lrp,-,yfiB
lrp,-,fau
lrp,-+,rplR
lrp,-,ppsA
lrp,+,pntA
lrp,-,pncB
lrp,+,phoA
lrp,-,pepD
lrp,-,pal
lrp,-,pabB
lrp,-+,osmC
lrp,-,polA
lrp,-,oppF
lrp,-,rpoN
lrp,-,sdaA
lrp,-,topA
lrp,-,ilvE
lrp,-,treA
lrp,-,trxB
lrp,-+,tyrP
lrp,+,tdh
lrp,+,sulA
lrp,-,rpsH
lrp,+,soxS
lrp,-,ybgA
lrp,+,prlF
lrp,+,ytjB
lrp,-,serS
lrp,-+,serC
lrp,+,serB
lrp,-+,serA
lrp,-+,tyrR
lrp,-,oppD
lrp,-+,purM
lrp,-,oppB
lrp,+,yhhA
lrp,+,rdcA
lrp,-,creA
lrp,-+,leuA
lrp,-,lysU
lrp,-,lrp
lrp,-,livM
lrp,-+,livK
lrp,-+,livJ
lrp,-,mscS
lrp,-,livH
lrp,-,livF
lrp,-,uspE
lrp,+,iraP
lrp,-+,rnr
lrp,-,oppC
lrp,-+,kbl
lrp,-+,katE
lrp,-,ilvM
lrp,-+,ilvI
lrp,-,livG
lrp,+,malT
lrp,-+,leuO
lrp,-,metH
lrp,-,nusB
lrp,-,mutY
lrp,-,mtr
lrp,-,oppA
lrp,-,msbA
lrp,-,groS
lrp,-+,groL
lrp,-,metK
lrp,+,ompT
lrp,+,argO
lrp,-,manA
lrp,-,ompC
lsrR,-,lsrR
lsrR,-,lsrA
lsrR,-,lsrC
lsrR,-,lsrD
lsrR,-,tam
lsrR,-,lsrG
lsrR,-,lsrF
lsrR,-,lsrK
lsrR,-,lsrB
lsrR,-,LsrR
lysR,-,LysR
lysR,+,lysA
lysR,-,lysR
malH,-,ompC
malI,-,malI
malI,-,MalI
malI,-,malY
malI,-,malX
malT,+,lamB
malT,+,malF
malT,+,malP
malT,+,malH
malT,+,malS
malT,+,malZ
malT,+,malG
malT,+,malK
malT,+,malM
malT,+,malE
malT,+,malQ
marA,+,ybjC
marA,+,mlaF
marA,+,mlaE
marA,-,slp
marA,+,mdaB
marA,+,micF
marA,-,dctR
marA,+,mlaD
marA,+,nfsB
marA,+,dapD
marA,+,acrZ
marA,+,ybjN
marA,+,pqiA
marA,+,pqiB
marA,+,pqiC
marA,+,ycgZ
marA,+,ariR
marA,+,ymgC
marA,+,yncE
marA,+,yhbW
marA,+,mlaB
marA,+,decR
marA,+,ymgA
marA,+,mlaC
marA,+,ygiC
marA,+,nfsA
marA,+,zwf
marA,+,ygiB
marA,+,tolC
marA,+,sodA
marA,+,rimK
marA,+,acrB
marA,+,putA
marA,-,purA
marA,+,poxB
marA,+,fumC
marA,-,lacA
marA,-,lacY
marA,-,lacZ
marA,+,map
marA,+,acnA
marA,-,rob
marA,-,hdeA
marA,-,hdeB
marA,+,xseA
marA,+,acrA
marA,+,marB
marA,+,marR
marA,+,marA
marA,+,waaZ
marA,+,waaY
marA,+,fpr
marA,+,inaA
marA,-,yhiD
marA,+,aldA
marA,+,DecR
marA,-,Rob
marA,+,MarA
marA,+,MarR
marA,+,PutA
marA,+,glnD
marA,+,nfo
marR,-,MarR
marR,-,marR
marR,-,marB
marR,-,MarA
marR,-,marA
matA,+,MatA
matA,-,FliZ
matA,-,flhD
matA,-,flhC
matA,-,fliC
matA,-,fliA
matA,-,fliX
matA,-,tcyJ
matA,-,fliZ
matA,+,ecpA
matA,+,matA
mazE,-,mazF
mazE,-,MazE
mazE,-,mazG
mazE,-,mazE
mazF;mazE,-,mazF
mazF;mazE,-,mazG
mazF;mazE,-,mazE
mazF;mazE,-,MazE
mcaS,-,csgD
mcaS,-,csgF
mcaS,+,flhC
mcaS,+,flhD
mcaS,-,csgG
mcaS,-,CsgD
mcaS,-,csgE
mcbR,+,rsd
mcbR,-,mcbA
mcbR,+,yciF
mcbR,+,rmf
mcbR,+,yciE
mcbR,+,yciG
melR,-+,MelR
melR,-+,melA
melR,-+,melB
melR,-+,melR
metJ,-,metA
metJ,-,metE
metJ,-,metF
metJ,-,metK
metJ,-,MetR
metJ,-,metL
metJ,-,ahpF
metJ,-,yeiB
metJ,-,folE
metJ,-,ahpC
metJ,-,metQ
metJ,-,metN
metJ,-,metI
metJ,-,metB
metJ,-,metR
metJ,-,metC
metR,-,MetR
metR,+,metE
metR,+,hmp
metR,+,metH
metR,-,metR
metR,-+,glyA
mgrR,-,soxS
mgrR,-,pitA
mgrR,-,eptB
mgrR,-,ygdQ
mgrR,-,SoxS
mhpR,+,mhpE
mhpR,+,mhpA
mhpR,+,mhpB
mhpR,+,mhpC
mhpR,+,mhpD
mhpR,+,mhpF
micA,-,lamB
micA,-,fimB
micA,-,yliM
micA,-,ecnB
micA,-,PhoP
micA,-,ompX
micA,-,ompW
micA,-,tsx
micA,-,tolB
micA,-,phoQ
micA,-,phoP
micA,-,ldtC
micA,-,ygiM
micA,-,cpoB
micA,-,pal
micA,-,lpxT
micA,-,gloA
micA,-,yfeK
micA,-,ompA
micC,-,ompC
micF,-,phoE
micF,-,CpxR
micF,-,Lrp
micF,-,ompF
micF,+,oppA
micF,-,tcyJ
micF,-,lrp
micF,-,cpxR
micF,-,cpxA
micL,-,lpp
mlc,-,MalT
mlc,-,Mlc
mlc,-,manY
mlc,-,mlc
mlc,-,crr
mlc,-,manX
mlc,-,manZ
mlc,-,ptsG
mlc,-,malT
mlc,-,bidA
mlc,-,ptsI
mlc,-,ptsH
mlrA,+,cadC
mlrA,+,yhbE
mlrA,+,rplU
mlrA,+,rpmA
mlrA,+,csgG
mlrA,+,CadC
mlrA,+,csgF
mlrA,+,csgD
mlrA,+,obgE
mlrA,+,ibaG
mlrA,+,CsgD
mlrA,+,csgE
mngR,-,mngA
mngR,-,mngR
mngR,-,mngB
mngR,-,MngR
mntR,-,rybA
mntR,+,mntP
mntR,-,mntH
mntR,-,mntS
mntR,-,dps
modE,-,deoC
modE,+,ccmA
modE,-,oppC
modE,-,oppB
modE,-,oppA
modE,+,narX
modE,+,narL
modE,+,hycH
modE,+,hycG
modE,-,oppD
modE,+,hycF
modE,+,hycD
modE,+,hycC
modE,+,hycB
modE,+,hycA
modE,-,dmsC
modE,-,dmsB
modE,-,dmsA
modE,+,hycE
modE,+,napD
modE,-,oppF
modE,+,moaB
modE,+,napF
modE,+,napA
modE,+,napG
modE,+,napH
modE,+,napB
modE,+,napC
modE,-,modA
modE,+,moaA
modE,+,ccmB
modE,+,ccmE
modE,+,ccmF
modE,+,ccmG
modE,+,ccmH
modE,+,moaC
modE,+,moaE
modE,+,moaD
modE,+,ccmC
modE,+,hycI
modE,-,deoD
modE,-,deoA
modE,+,NarL
modE,-,deoB
modE,+,ccmD
modE,-,modC
modE,-,modB
motR,+,rpsS
motR,+,fliC
motR,+,rplB
motR,+,rplC
motR,+,rplD
motR,+,rplP
motR,+,rplV
motR,+,rplW
motR,+,rpmC
motR,+,rpsC
motR,+,rpsJ
motR,+,rpsQ
mprA,-,MprA
mprA,-,acrB
mprA,-,acrA
mprA,-,nmpC
mprA,-,emrA
mprA,-,emrB
mprA,-,mprA
mqsA,-,MqsA
mqsA,-,mqsR
mqsA,-,cspD
mqsA,-,rpoS
mqsA,-,mqsA
mqsA,-,ypjF
mqsA,-,yfjZ
mqsA,-,lfgA
mqsA,-,csgD
mqsA,-,csgE
mqsA,-,csgF
mqsA,-,csgG
mqsA,-,ypjJ
mqsA,-,lfgB
mqsA,-,CsgD
mraZ,-,MraZ
mraZ,-,lpxC
mraZ,-,murE
mraZ,-,ftsA
mraZ,-,ftsI
mraZ,-,ftsQ
mraZ,-,ftsW
mraZ,-,ftsZ
mraZ,-,mraY
mraZ,-,murC
mraZ,-,murD
mraZ,-,ddlB
mraZ,-,murF
mraZ,-,murG
mraZ,-,mraZ
mraZ,-,rsmH
mraZ,-,ftsL
mraZ,-,mioC
mraZ,-,ftsO
murR,-,murP
murR,-+,MurR
murR,-,murQ
murR,-+,murR
nac,-,CynR
nac,+,AllR
nac,-,GadX
nac,+,DhaR
nac,-,PhoB
nac,-,LeuO
nac,-,LysR
nac,-,YieP
nac,-,YeiE
nac,-,YafC
nac,-,SrsR
nac,-,YdiP
nac,-,YdaT
nac,-,UhpA
nac,-,TdcA
nac,-,AsnC
nac,-,MalI
nac,-,EvgA
nac,-,PdeL
nac,-,SrlR
nac,-,DnaA
nac,-,SdiA
nac,-,KdgR
nac,+,YdcI
nac,-,OmpR
nac,-,XapR
nac,-,HprR
nac,-,Lrp
nac,-,TdcR
nac,-,UvrY
nac,-,MetR
nac,-,CaiF
nac,+,MarR
nac,-+,FeaR
nac,-,CdaR
nac,-,Nac
nac,+,HcaR
nac,+,GadE
nac,+,ybeT
nac,-,ccmA
nac,-,ykgL
nac,+,yagU
nac,-,yafO
nac,-,yafN
nac,-,dinJ
nac,-,yafQ
nac,+,dpaA
nac,+,ivy
nac,+,yafV
nac,-,caiF
nac,+,torI
nac,-,ecnB
nac,-,yoeB
nac,+,micC
nac,-,tff
nac,+,mgtS
nac,+,sibA
nac,-,ecnA
nac,+,shoB
nac,-,ykgE
nac,-,ykgH
nac,+,yaiS
nac,-,tauA
nac,-,ybhH
nac,+,ybhD
nac,-,ybeU
nac,+,ybeR
nac,+,ybeQ
nac,-,nadD
nac,-,ybdR
nac,-,uspG
nac,+,dsbG
nac,-,sibE
nac,+,ybdK
nac,-,borD
nac,+,ybcK
nac,-,glxK
nac,+,allW
nac,+,allR
nac,-,yajO
nac,-,thiL
nac,+,yaiZ
nac,-,yaiY
nac,-,ybcV
nac,-,yciZ
nac,-,yohO
nac,-,rplU
nac,+,iaaA
nac,+,ybgE
nac,+,yecE
nac,+,yecD
nac,-,ppnN
nac,+,ygiL
nac,-,yfaE
nac,-,cdaR
nac,-,yadM
nac,-,rfbB
nac,+,wecH
nac,+,yhjE
nac,-,yhjD
nac,-,gadX
nac,+,mdtE
nac,-,yhiJ
nac,+,yhhQ
nac,-,waaF
nac,-,ygaC
nac,+,gspM
nac,-,yiaD
nac,-,ybhI
nac,-,gatA
nac,-,ygiM
nac,-,spf
nac,+,selC
nac,-,metY
nac,-,leuU
nac,-,asnV
nac,-,asnT
nac,+,argU
nac,-,cobU
nac,+,pitB
nac,+,tomB
nac,-,yecF
nac,-,exuT
nac,+,ycaK
nac,-,lpxH
nac,-,ygiN
nac,-,ybaL
nac,+,cycA
nac,-,yjeM
nac,-,prmB
nac,+,yfiL
nac,+,kbaY
nac,+,ybhM
nac,-,mcbA
nac,+,rlmF
nac,+,ynjF
nac,-,cho
nac,-,hxpB
nac,-,yniB
nac,-,ydiY
nac,+,rflP
nac,-,ydiP
nac,-,ydiO
nac,-,ydiM
nac,-,nudG
nac,+,ydiL
nac,-,ydgH
nac,-,bidA
nac,+,ynfG
nac,-,ynfF
nac,-,ynfE
nac,-,ynfD
nac,+,ynfB
nac,-,ynfA
nac,-,ydfR
nac,-,fumD
nac,-,tfaQ
nac,-,ynjH
nac,-,kdgR
nac,-,wzb
nac,-,wzc
nac,+,wcaE
nac,+,wcaF
nac,-,ugd
nac,-,yeeZ
nac,-,nac
nac,-,shiA
nac,-,mtfA
nac,+,yobF
nac,-,hprR
nac,-,yedL
nac,+,dcyD
nac,+,ftnB
nac,+,uspC
nac,-,znuA
nac,-,yobB
nac,+,yobA
nac,-,rsmF
nac,-,yebQ
nac,-,hchA
nac,-,cobT
nac,-,pinQ
nac,+,yneK
nac,-,ymjA
nac,+,ycgV
nac,+,dhaR
nac,-,dhaK
nac,-,ycgJ
nac,+,ycgX
nac,+,rluE
nac,+,bssS
nac,-,dgcT
nac,-,abgA
nac,+,pgaA
nac,-,yccM
nac,-,elfG
nac,+,elfA
nac,-,ssuE
nac,+,ycaN
nac,-,macA
nac,-,ybjX
nac,+,ybjQ
nac,+,ybjP
nac,+,rutB
nac,-,ydfK
nac,-,abgR
nac,+,ydaU
nac,-,ydeQ
nac,-,ydeP
nac,-,ddpC
nac,-,ansP
nac,-,curA
nac,-,ydcZ
nac,-,ydcY
nac,-,ortT
nac,+,patD
nac,-,ydaT
nac,+,ydcV
nac,+,ydcT
nac,+,ydcS
nac,+,ydcI
nac,-+,feaR
nac,-,ompN
nac,-,pinR
nac,-,tfaR
nac,-,stfR
nac,+,ynaK
nac,+,ydcU
nac,-,yaeF
nac,-,nlpE
nac,-,rhtA
nac,-,yajD
nac,-,sbcD
nac,-,uhpA
nac,-,trxB
nac,-,tolB
nac,-,tnaB
nac,-,tnaA
nac,-,thrS
nac,-,tdcR
nac,-,ybgC
nac,-,tdcA
nac,-,srlR
nac,+,gmk
nac,-,serA
nac,-,sdiA
nac,+,sdhC
nac,-,sdaA
nac,-,rpoZ
nac,+,rpmH
nac,-,fliD
nac,-,sucA
nac,+,rfaH
nac,-,uvrY
nac,+,ppdC
nac,+,wzzE
nac,+,leuL
nac,+,pyrL
nac,+,tnaC
nac,+,ilvL
nac,-,yifB
nac,-,iraP
nac,-,ychA
nac,-,chpS
nac,-,xapR
nac,-,ycaD
nac,-,pdeL
nac,-,ydiB
nac,-,mioC
nac,-,bfd
nac,-,mscL
nac,-,rimP
nac,+,yhaB
nac,+,argO
nac,-,ygdB
nac,-,ycaC
nac,-,dsbA
nac,-,rep
nac,-,pyrB
nac,-,mglB
nac,-,mglA
nac,-,metR
nac,+,metE
nac,-,mcrB
nac,+,map
nac,-,malY
nac,-,malI
nac,-,lysU
nac,+,groS
nac,-,lysR
nac,-,lrp
nac,-,livM
nac,-,livK
nac,+,livH
nac,-,leuO
nac,-,lepB
nac,+,lepA
nac,-,kdsA
nac,-,kbl
nac,+,lysA
nac,-,rcsA
nac,-,mreC
nac,-,narK
nac,-,ptrA
nac,-,pstC
nac,-,ppiB
nac,-,ppc
nac,-,polA
nac,-,pntA
nac,-,pldA
nac,-,pstS
nac,-,phoB
nac,-,nanA
nac,+,pfkB
nac,-,oppC
nac,+,oppA
nac,-,ompT
nac,-,ompR
nac,-,ompF
nac,-,ompA
nac,-,nusB
nac,-,nusA
nac,-,narX
nac,+,osmB
nac,-,wza
nac,+,codA
nac,+,gabD
nac,+,yjaH
nac,-,yijO
nac,-,fdhD
nac,-,fdoG
nac,-,yiiF
nac,-,yiiE
nac,-,yihQ
nac,-,yihO
nac,-,yihL
nac,-,yjbB
nac,-,hemN
nac,-,mobA
nac,-,torA
nac,-,hofC
nac,+,rlmM
nac,+,cmtA
nac,+,cmtB
nac,-,ybbC
nac,-,nfrB
nac,-,rsd
nac,+,yihD
nac,-,phoH
nac,-,yjbQ
nac,+,pdeC
nac,-,prfC
nac,-,yeiE
nac,-,secG
nac,-,napB
nac,-,napC
nac,-,ccmB
nac,-,ccmH
nac,-,lapC
nac,-,yejG
nac,+,yjcB
nac,-,yejB
nac,+,bglX
nac,-,yehE
nac,+,rfbC
nac,-,htrE
nac,-+,nupC
nac,-,yjcO
nac,+,nrfG
nac,+,nrfF
nac,+,yjcF
nac,+,yeiH
nac,+,codB
nac,-,yieP
nac,-,cbrB
nac,-,pabC
nac,+,yigL
nac,+,yigI
nac,-,gcvT
nac,+,marR
nac,+,msrA
nac,-,cynR
nac,+,dadA
nac,-,osmY
nac,-,holE
nac,-,uspA
nac,-,ubiA
nac,-,bglH
nac,-,amiB
nac,+,gspO
nac,-,mdtG
nac,-,waaG
nac,-,lysP
nac,-,ligB
nac,+,gabP
nac,+,ahpC
nac,-,cbrC
nac,-+,gltF
nac,-,ycgB
nac,-,yieH
nac,-,yieE
nac,+,yidQ
nac,-,nudC
nac,+,yicJ
nac,-,yadC
nac,+,yafD
nac,-,yafC
nac,+,ydeE
nac,-,yhcA
nac,-,eamA
nac,-,evgA
nac,-,ygiF
nac,-,greB
nac,-,nadC
nac,+,gadE
nac,+,wrbA
nac,+,ibpA
nac,-,cfa
nac,-,ybfC
nac,-,eptA
nac,+,yegH
nac,-,ygjI
nac,-,yegR
nac,-,yjgN
nac,-,yjhI
nac,-,fhuF
nac,-,feaB
nac,-,nrdG
nac,-,uxaC
nac,+,hcaE
nac,-,ilvN
nac,+,icd
nac,+,hupA
nac,-,htpX
nac,-,htpG
nac,-,hfq
nac,-,hemH
nac,-,hemB
nac,-,gor
nac,-,gltP
nac,+,yjgM
nac,-,yjgH
nac,-,ytfP
nac,-,intD
nac,-,yhcD
nac,+,nanK
nac,-,yhdV
nac,-,gspG
nac,-,gspH
nac,-,yhfL
nac,-,yhfZ
nac,-,yhhZ
nac,-,gltD
nac,+,yrhB
nac,-,yjeH
nac,-,yjeJ
nac,-,blc
nac,-,yjfZ
nac,+,ytfB
nac,-,fklB
nac,+,ytfJ
nac,-,ytfK
nac,+,insK
nac,+,yhcC
nac,-,gltB
nac,-,glpK
nac,-,bglB
nac,+,bfr
nac,-,asnC
nac,-,asnA
nac,-,yegL
nac,-,ispB
nac,-,aceB
nac,+,ackA
nac,-,amn
nac,-,ampD
nac,+,cysQ
nac,-,ansB
nac,-,araE
nac,-,araF
nac,-,aroD
nac,-,aroE
nac,-,aroF
nac,+,bisC
nac,+,cheA
nac,+,moeA
nac,-,cpdB
nac,-,mnmG
nac,-,gdhA
nac,+,gabT
nac,-,fucA
nac,-,fliC
nac,-,fepE
nac,-,dppA
nac,-,mltD
nac,-,gltA
nac,-,dnaA
nac,-,ddlA
nac,+,dcp
nac,-,dcm
nac,-,dapB
nac,-,cysS
nac,-,cysJ
nac,-,cynT
nac,+,cydA
nac,-,dld
nac,+,yhbX
nac,-,acrE
nac,-,ubiT
nac,-,yfjI
nac,-,abpA
nac,-,rnlB
nac,+,ileY
nac,-,glaH
nac,-,ygaV
nac,-,ygaP
nac,-,ygaM
nac,-,ygaZ
nac,-,pphB
nac,-,ispD
nac,-,queD
nac,-,ygcO
nac,-,ygcP
nac,-,ygcS
nac,-,ygcE
nac,-,gudX
nac,-,yfiR
nac,-,queF
nac,-,yfhL
nac,-,csiE
nac,-,yfcO
nac,-,yfbV
nac,+,yfbL
nac,-,yfbK
nac,-,ubiU
nac,-,emrK
nac,-,yfdE
nac,+,yfdV
nac,-,alaC
nac,-,mntH
nac,-,pdxK
nac,+,yfeK
nac,-,yfeS
nac,+,eutS
nac,-,yfcP
nac,+,yfgG
nac,-,yfgH
nac,+,hcaR
nac,-,ygdR
nac,-,pdeF
nac,-,yggP
nac,+,yqeH
nac,+,yqeJ
nac,+,yqeK
nac,-,ygeG
nac,-,xdhA
nac,-,yqeB
nac,-,scpB
nac,-,srsR
nac,+,yghG
nac,+,glcA
nac,-,yghS
nac,-,yghT
nac,-,kduI
nac,-,dkgA
nac,-,katG
nac,-,yhaI
nac,+,ygjH
nac,-,ygiZ
nac,-,yraH
nadR,-,nadB
nadR,-,pncB
nadR,-,nadA
nadR,-,pnuC
nagC,+,fimB
nagC,-,crr
nagC,-,ChbR
nagC,-,CreB
nagC,-,manZ
nagC,-,chbB
nagC,-,chbC
nagC,-,chbA
nagC,-,chbR
nagC,-,chbF
nagC,-,NagC
nagC,-,creD
nagC,-,ydeM
nagC,-,dinI
nagC,-+,glmS
nagC,-,manX
nagC,-,nanC
nagC,-,nanM
nagC,-,chiZ
nagC,-,nanS
nagC,-,manY
nagC,-,nagA
nagC,-,chbG
nagC,-,creB
nagC,-,creA
nagC,-+,glmU
nagC,-,ydeN
nagC,-,ptsI
nagC,-,ptsH
nagC,-,chiQ
nagC,-,creC
nagC,-,ydeP
nagC,-,nagE
nagC,-,umpH
nagC,-,nagB
nagC,-,galP
nagC,-,nagC
nagC,-,chiP
nanR,-,nanA
nanR,-,nanY
nanR,+,fimB
nanR,-,nanX
nanR,-,nanT
nanR,-,nanQ
nanR,-,nanK
nanR,-,nanE
nanR,-,nanS
nanR,-,nanM
nanR,-,nanC
narL,-,napA
narL,-,napG
narL,-,napH
narL,-,ccmE
narL,-,napC
narL,-,napB
narL,-,ccmC
narL,-,ccmB
narL,-,ccmA
narL,-,napF
narL,-,nikA
narL,-,citF
narL,-,nikC
narL,-,ynfE
narL,+,ydeP
narL,+,hcp
narL,+,hcr
narL,-,dpiA
narL,-,dpiB
narL,-,citC
narL,-,citD
narL,-,citE
narL,-,citX
narL,-,citG
narL,-,caiF
narL,-,norW
narL,-,torD
narL,-,ccmD
narL,-,napD
narL,+,nuoN
narL,+,nuoL
narL,+,nuoK
narL,+,nuoJ
narL,+,nuoI
narL,+,nuoH
narL,+,nuoG
narL,+,nuoE
narL,+,nuoC
narL,+,nuoB
narL,+,nuoA
narL,-,nikE
narL,-,nikD
narL,-,nikB
narL,-,ccmG
narL,-,hyaD
narL,-+,nrfG
narL,+,nirB
narL,+,narK
narL,+,narJ
narL,+,narI
narL,+,narH
narL,+,narG
narL,-,hyaF
narL,-,hyaE
narL,-,hyaC
narL,-,hyaB
narL,-,hyaA
narL,-,fumB
narL,-,frdD
narL,+,nirC
narL,-,frdC
narL,-,frdA
narL,-,fdhF
narL,-,dmsC
narL,-,dmsB
narL,-,dmsA
narL,+,cysG
narL,+,moeB
narL,+,moeA
narL,-,aspA
narL,-,adhE
narL,+,cydC
narL,-,dcuB
narL,-,ynfF
narL,-,frdB
narL,-,ccmH
narL,+,nirD
narL,-,pflB
narL,-+,nrfF
narL,-+,nrfE
narL,-+,nrfD
narL,-+,nrfC
narL,-+,nrfB
narL,-,torC
narL,-,torA
narL,-,hybG
narL,-,hybF
narL,-,hybE
narL,-,hybD
narL,-,hybC
narL,-,hybB
narL,+,ogt
narL,-,hybA
narL,+,nuoF
narL,+,nuoM
narL,-,nikR
narL,+,cydD
narL,-,ubiA
narL,-,ubiC
narL,-,focA
narL,+,fdnI
narL,+,fdnH
narL,+,fdnG
narL,-,dcuA
narL,-,ompW
narL,+,poxB
narL,-+,nrfA
narL,-,ynfG
narL,-,ccmF
narL,-,dmsD
narL,-,NikR
narL,-,DpiA
narL,-,CaiF
narL,-,DcuR
narL,+,narS
narL,-,dcuS
narL,-,dcuR
narL,-,hybO
narL,+,ytfE
narL,+,yeaR
narL,-,norV
narL,-,ydhU
narL,-,ydhX
narL,-,ydhW
narL,-,ydhT
narL,-,ydhY
narL,+,yoaG
narL,-,ydhV
narL,-,ynfH
narP,-+,ccmH
narP,-+,napC
narP,-+,ccmA
narP,-+,ccmB
narP,-+,ccmC
narP,-+,ccmE
narP,-+,ccmF
narP,-+,ccmG
narP,+,nrfA
narP,+,nrfF
narP,+,nrfE
narP,+,nrfD
narP,+,nrfC
narP,+,nrfB
narP,-+,napB
narP,-,fdnI
narP,-,fdnH
narP,-,fdnG
narP,+,poxB
narP,+,nirD
narP,+,nirC
narP,+,nrfG
narP,-+,napH
narP,+,hcr
narP,-+,napA
narP,-,hyaE
narP,-,hyaD
narP,-,hyaC
narP,-,hyaB
narP,-,hyaA
narP,+,fdhF
narP,+,cysG
narP,+,ytfE
narP,-,norV
narP,+,yeaR
narP,-+,napG
narP,+,yoaG
narP,-,hyaF
narP,-,ydhV
narP,-,ydhW
narP,-,ydhX
narP,-,ydhU
narP,-,ydhT
narP,-+,napF
narP,-+,napD
narP,-+,ccmD
narP,-,ydhY
narP,-,ydeP
narP,+,hcp
narP,+,nirB
narP,-,norW
nemR,-,gloA
nemR,-,NemR
nemR,-,nemR
nemR,-,nemA
nfeR,-,nfeF
nfeR,-,nfeR
nfeR,-,NfeR
nhaR,-,rrfD
nhaR,-,rrfC
nhaR,+,rrfB
nhaR,+,ileV
nhaR,-,ileU
nhaR,-+,ileT
nhaR,+,gltW
nhaR,-,gltV
nhaR,-,gltU
nhaR,-,rrfE
nhaR,+,gltT
nhaR,-,alaU
nhaR,-,rmf
nhaR,+,pgaD
nhaR,-+,alaT
nhaR,-,rsd
nhaR,+,nhaR
nhaR,+,osmC
nhaR,+,NhaR
nhaR,+,nhaA
nhaR,+,alaV
nhaR,+,rrfG
nhaR,-+,rrfA
nhaR,-,rrsD
nhaR,-,rrlE
nhaR,-+,rrsA
nhaR,+,rrfH
nhaR,+,rrsB
nhaR,-,rrsC
nhaR,-,rrsE
nhaR,+,rrsG
nhaR,+,rrsH
nhaR,+,rrlH
nhaR,-,rrfF
nhaR,+,pgaA
nhaR,-,rrlD
nhaR,+,pgaB
nhaR,+,pgaC
nhaR,-+,rrlA
nhaR,+,rrlB
nhaR,-,rrlC
nhaR,-,thrV
nhaR,+,rrlG
nikR,-,nikD
nikR,-,nikC
nikR,-,NikR
nikR,-,nikB
nikR,-,nikR
nikR,-,nikE
nikR,-,nikA
nimR,-,nimR
nimR,-,NimR
nimR,-,nimT
norR,-,NorR
norR,+,norW
norR,+,norV
norR,-,norR
nrdR,-,nrdG
nrdR,-,nrdD
nrdR,-,nrdA
nrdR,-,nrdI
nrdR,-,nrdH
nrdR,-,nrdE
nrdR,-,nrdF
nrdR,-,yfaE
nrdR,-,nrdB
nsrR,-,sodB
nsrR,-,feaB
nsrR,-,bdcA
nsrR,-,ytfE
nsrR,-,wecF
nsrR,-,hycI
nsrR,-,tcyJ
nsrR,-,yeaE
nsrR,-,yoaG
nsrR,-,norR
nsrR,-,sufS
nsrR,-,sufD
nsrR,-,sufC
nsrR,-,sufB
nsrR,-,rplT
nsrR,-,bamE
nsrR,-,yeaR
nsrR,-,wecA
nsrR,-,nrfG
nsrR,-,pheT
nsrR,-,aceE
nsrR,-,aceF
nsrR,-,cdd
nsrR,+,moeA
nsrR,+,moeB
nsrR,-,sufE
nsrR,-,fhlA
nsrR,-,ihfA
nsrR,-,hmp
nsrR,-,hycA
nsrR,-,hycB
nsrR,-,hycC
nsrR,-,poxB
nsrR,-,hycD
nsrR,-,hycF
nsrR,-,hycG
nsrR,-,hycH
nsrR,-,hypA
nsrR,-,hypB
nsrR,-,hypC
nsrR,-,hypD
nsrR,-,hypE
nsrR,-,infC
nsrR,-,lrp
nsrR,-,ndh
nsrR,-,pheS
nsrR,-,hycE
nsrR,-,mepH
nsrR,-,thrS
nsrR,-,rffC
nsrR,-,NorR
nsrR,-,hcr
nsrR,-,tsgA
nsrR,-,FhlA
nsrR,-,Lrp
nsrR,-,FliZ
nsrR,-,wecE
nsrR,-,fliZ
nsrR,-,rffH
nsrR,-,rffG
nsrR,-,waaH
nsrR,-,pheM
nsrR,-,pgpC
nsrR,-,ygbA
nsrR,-,ydbD
nsrR,-,wecC
nsrR,-,feaR
nsrR,-,fliA
nsrR,-,tadA
nsrR,-,sufA
nsrR,-,wecB
nsrR,-,hcp
nsrR,-,grxD
nsrR,-,dsdC
nsrR,-,rybB
nsrR,-,mhpT
nsrR,-,wzzE
nsrR,-,FeaR
nsrR,-,rpmI
nsrR,-,wzyE
nsrR,-,wzxE
nsrR,-,dkgB
nsrR,-,DsdC
nsrR,-,nrfF
nsrR,-,nrfE
nsrR,-,nrfA
nsrR,-,tehA
nsrR,-,rffM
nsrR,-,tehB
nsrR,-,nrfB
nsrR,-,nrfC
nsrR,-,nrfD
ohsC,-,shoB
ompR,-,copA
ompR,+,csgE
ompR,+,csgF
ompR,+,feoB
ompR,+,acrR
ompR,+,ompX
ompR,+,rhtA
ompR,-,galP
ompR,+,narU
ompR,+,sstT
ompR,+,feoC
ompR,+,micF
ompR,+,csgG
ompR,-,speFL
ompR,+,gmhA
ompR,+,omrA
ompR,-,pgaA
ompR,-,pgaB
ompR,-,alx
ompR,+,queE
ompR,+,znuA
ompR,-,pgaC
ompR,-,yobB
ompR,-,pgaD
ompR,+,dtpA
ompR,+,csgD
ompR,-,csgI
ompR,-,ecnB
ompR,+,fadE
ompR,+,omrB
ompR,-,exoX
ompR,-,htpX
ompR,+,PdhR
ompR,-,lpp
ompR,-,malE
ompR,+,tsgA
ompR,+,pdhR
ompR,+,tolC
ompR,+,narV
ompR,+,rob
ompR,-,sra
ompR,-,flhD
ompR,+,narW
ompR,+,narY
ompR,+,narZ
ompR,+,feoA
ompR,-,nmpC
ompR,-,nuoN
ompR,-,CadC
ompR,-,bolA
ompR,+,ompC
ompR,-,BolA
ompR,-,cadA
ompR,-,cadB
ompR,-,cadC
ompR,+,AcrR
ompR,-,fadL
ompR,+,CsgD
ompR,-,speF
ompR,-,potE
ompR,-+,ompF
ompR,-,flhC
ompR,+,Rob
omrA,-,csgE
omrA,-,CsgD
omrA,-,dgcM
omrA,-,csgD
omrA,-,csgF
omrA,-,OmpR
omrA,-,flgM
omrA,-,ompT
omrA,-,ompR
omrA,-,flhD
omrA,-,flhC
omrA,-,cirA
omrA,-,csgG
omrA,-,fepA
omrB,-,OmpR
omrB,-,CsgD
omrB,-,fepA
omrB,-,flhC
omrB,-,flhD
omrB,-,ompR
omrB,-,ompT
omrB,-,flgM
omrB,-,csgG
omrB,-,csgF
omrB,-,csgE
omrB,-,csgD
omrB,-,dgcM
omrB,-,cirA
oxyR,+,Fur
oxyR,+,MetR
oxyR,-,OxyR
oxyR,+,oxyS
oxyR,+,znuA
oxyR,+,dsbG
oxyR,+,hcp
oxyR,+,hcr
oxyR,-,ybjN
oxyR,-,isrC
oxyR,+,fur
oxyR,+,gor
oxyR,+,grxA
oxyR,+,hemH
oxyR,+,katG
oxyR,+,metE
oxyR,+,metR
oxyR,-,oxyR
oxyR,+,poxB
oxyR,-,rimK
oxyR,-,uxuA
oxyR,+,xthA
oxyR,-,nfsA
oxyR,+,sufA
oxyR,+,uof
oxyR,+,ahpF
oxyR,-,ychF
oxyR,+,dps
oxyR,+,trxC
oxyR,+,hemF
oxyR,+,ccp
oxyR,+,znuB
oxyR,-,gntP
oxyR,-,ybjC
oxyR,-,uxuB
oxyR,+,sufE
oxyR,+,sufS
oxyR,+,ahpC
oxyR,+,sufC
oxyR,+,zinT
oxyR,+,znuC
oxyR,+,yjjZ
oxyR,+,sufB
oxyR,+,mntH
oxyR,+,sufD
oxyR,-,fhuF
oxyR,-+,elaB
oxyR,-,flu
oxyS,-,flhC
oxyS,-,mepS
oxyS,-,flhD
oxyS,-,FhlA
oxyS,-,nusG
oxyS,-,rpoS
oxyS,-,fhlA
paaX,-,paaB
paaX,-,paaC
paaX,-,paaD
paaX,-,PaaX
paaX,-,paaY
paaX,-,paaX
paaX,-,paaF
paaX,-,paaA
paaX,-,paaK
paaX,-,paaI
paaX,-,paaH
paaX,-,paaG
paaX,-,paaZ
paaX,-,paaE
paaX,-,paaJ
pdeL,-,fliH
pdeL,-,fliK
pdeL,-,fliJ
pdeL,-,fliI
pdeL,-,fliG
pdeL,-,fliF
pdeL,+,pdeL
pdeL,-,wecA
pdeL,+,yghJ
pdeL,+,PdeL
pdhR,-,glcD
pdhR,-,glcE
pdhR,-,MraZ
pdhR,-,glcG
pdhR,-,glcA
pdhR,+,fumD
pdhR,+,ybcW
pdhR,+,ybcV
pdhR,-,hha
pdhR,-,lpd
pdhR,-,mraY
pdhR,-,murC
pdhR,-,murD
pdhR,-,murE
pdhR,-,murF
pdhR,-,murG
pdhR,-,ndh
pdhR,+,ppsA
pdhR,-,mraZ
pdhR,-,rsmH
pdhR,-,ftsL
pdhR,-,pdhR
pdhR,+,ppsR
pdhR,-,grcA
pdhR,-,lldP
pdhR,-,tomB
pdhR,-,glcB
pdhR,+,acpP
pdhR,-,ftsO
pdhR,-,glcF
pdhR,+,fadH
pdhR,+,fadE
pdhR,+,gmhA
pdhR,-,PdhR
pdhR,+,fadM
pdhR,+,fecE
pdhR,+,fecD
pdhR,+,fecA
pdhR,-,ftsA
pdhR,-,ftsI
pdhR,-,ftsQ
pdhR,-,ftsW
pdhR,-,ftsZ
pdhR,-,hemL
pdhR,+,fadL
pdhR,+,fecC
pdhR,-,lpxC
pdhR,-,cyoE
pdhR,-,cyoD
pdhR,-,cyoC
pdhR,-,cyoB
pdhR,-,cyoA
pdhR,-,aceF
pdhR,-,aceE
pdhR,-,ddlB
pdhR,+,fecB
pepA,-,carA
pepA,-,carB
pepA,-,pepA
pepA,-,PepA
pgrR,-,mppA
pgrR,-,ycjY
pgrR,-,mpaA
pgrR,-,ycjG
pgrR,-,ycjX
pgrR,-,TyrR
pgrR,-,ymjD
pgrR,-,ymjC
pgrR,-,ycjF
pgrR,-,tyrR
phoB,+,ytfK
phoB,+,yegH
phoB,+,msrQ
phoB,+,msrP
phoB,+,CusR
phoB,+,GadX
phoB,+,YdfH
phoB,-,FeaR
phoB,+,hiuH
phoB,+,ArgP
phoB,-,PrpR
phoB,-,Cra
phoB,+,GadW
phoB,+,PhoB
phoB,+,yoaI
phoB,+,gadW
phoB,+,asr
phoB,+,phoE
phoB,+,phoQ
phoB,+,phoR
phoB,+,pstS
phoB,+,phoU
phoB,+,pstA
phoB,+,pstB
phoB,+,phoB
phoB,+,pstC
phoB,-+,ugpA
phoB,-+,ugpB
phoB,-+,ugpC
phoB,-+,ugpE
phoB,-,sbcD
phoB,+,psiE
phoB,+,waaH
phoB,-,sbcC
phoB,+,phoA
phoB,+,phnP
phoB,+,phnO
phoB,-,agp
phoB,+,amn
phoB,-,eda
phoB,-,cra
phoB,+,argP
phoB,+,ompF
phoB,+,phnC
phoB,+,phnD
phoB,+,phnF
phoB,+,phnG
phoB,+,phnH
phoB,+,phnI
phoB,+,phnJ
phoB,+,phnK
phoB,+,phnL
phoB,+,phnM
phoB,+,phnN
phoB,+,phnE1
phoB,+,psiF
phoB,-+,ugpQ
phoB,+,tktB
phoB,-,prpR
phoB,+,yibT
phoB,+,phoH
phoB,-,pitB
phoB,+,mipA
phoB,+,cusC
phoB,+,cusF
phoB,+,cusB
phoB,-,feaR
phoB,+,cusS
phoB,+,rspR
phoB,+,cusR
phoB,+,gadX
phoB,+,rcdB
phoB,+,cusA
phoB,+,adiC
phoP,+,mgrR
phoP,+,queE
phoP,+,yrbL
phoP,+,rutG
phoP,+,mgtL
phoP,+,gadF
phoP,+,mgtS
phoP,+,borD
phoP,+,ybjG
phoP,+,rutF
phoP,-,clpS
phoP,-,dcuD
phoP,-+,slyB
phoP,+,rstA
phoP,+,ryjB
phoP,+,rutE
phoP,+,rutD
phoP,+,rutC
phoP,+,rutB
phoP,+,rutA
phoP,+,RstA
phoP,-+,PhoP
phoP,+,CysB
phoP,-,YdeO
phoP,+,GadE
phoP,-,TreR
phoP,+,GadW
phoP,+,iraM
phoP,-,ydeO
phoP,-,safA
phoP,-,ydeP
phoP,+,mgrB
phoP,-,rmf
phoP,+,gadE
phoP,+,metB
phoP,+,mgtA
phoP,+,cysB
phoP,+,fadL
phoP,+,glgA
phoP,+,glgB
phoP,+,glgC
phoP,+,glgP
phoP,+,glgX
phoP,+,hemL
phoP,+,metL
phoP,+,nagA
phoP,+,ompT
phoP,-+,phoP
phoP,+,purD
phoP,+,purH
phoP,-+,phoQ
phoP,+,ygiB
phoP,+,gadW
phoP,-,treR
phoP,+,pagP
phoP,-,rsd
phoP,-,acrB
phoP,+,tolC
phoP,-,argD
phoP,+,hdeD
phoP,-,acrA
phoP,+,hdeB
phoP,+,hdeA
phoP,+,malS
phoP,+,rstB
phoP,+,ygiC
phoP,+,yhiD
plaR,-,yiaL
plaR,-,eda
plaR,-,yiaK
plaR,-,plaR
plaR,-,glpT
plaR,-,glpA
plaR,-,yiaO
plaR,-,yiaN
plaR,-,sgbH
plaR,-,sgbU
plaR,-,sgbE
plaR,-,PlaR
plaR,-,ygjV
plaR,-,yiaM
plaR,-,lyxK
pnp,-,pnp
prpR,+,prpC
prpR,+,prpE
prpR,+,prpD
prpR,+,prpB
prpR,-,prpR
prpR,-,PrpR
pspF,+,pspG
pspF,+,pspE
pspF,+,pspD
pspF,+,pspC
pspF,+,pspB
pspF,+,pspA
pspF,+,pspH
pspF,-,pspF
pspF,-,PspF
ptrR,-,gadA
ptrR,+,acrB
ptrR,+,acrA
ptrR,-,gadB
ptrR,+,gabD
ptrR,-,puuC
ptrR,-,puuA
ptrR,-,puuE
ptrR,+,yneG
ptrR,+,glsB
ptrR,-,acrR
ptrR,-,puuB
ptrR,+,sad
ptrR,-,AcrR
punR,+,punC
purR,-,purT
purR,-,carB
purR,-,gcvH
purR,-,glnB
purR,-,glyA
purR,-,guaA
purR,-,guaB
purR,-,prs
purR,-,purA
purR,-,purC
purR,-,purD
purR,-,PurR
purR,-,purE
purR,-,purF
purR,-,purH
purR,-,purK
purR,-,carA
purR,-,purM
purR,-,purN
purR,-,purR
purR,-,pyrC
purR,-,pyrD
purR,-,speA
purR,-,speB
purR,-,ubiX
purR,-,purB
purR,-,codA
purR,-,codB
purR,-,hflD
purR,-,gcvT
purR,-,gcvP
purR,-,purL
purR,-,cvpA
putA,-,putP
putA,-,PutA
putA,-,putA
puuR,-,puuP
puuR,-,ymjE
puuR,-,puuE
puuR,-,puuD
puuR,-,puuA
puuR,-,puuR
puuR,-,puuB
puuR,-,puuC
puuR,-,PuuR
pyrR,+,yhjX
qseB,+,QseB
qseB,-,DnaA
qseB,+,fimG
qseB,+,fimI
qseB,-+,FeaR
qseB,+,fimC
qseB,+,fimD
qseB,+,fimR2
qseB,+,qseB
qseB,-+,feaR
qseB,+,qseC
qseB,+,flhD
qseB,+,flhC
qseB,+,fimH
qseB,-,dnaA
qseB,+,fimA
qseB,+,fimF
racR,-,ydaV
racR,-,ydaT
racR,-,YdaT
racR,-,rzpR
racR,-,ydaW
racR,-,ydaS
racR,-,ydaU
ralA,-,ralR
rbsR,-,RbsR
rbsR,-,rbsZ
rbsR,+,dcd
rbsR,+,udk
rbsR,-,rbsK
rbsR,-,rbsD
rbsR,-,rbsC
rbsR,-,rbsB
rbsR,-,rbsA
rbsR,-,purH
rbsR,-,purD
rbsR,+,add
rbsR,-,rbsR
rcdA,-,ybjJ
rcdA,+,rcdA
rcdA,+,csgG
rcdA,+,csgF
rcdA,-,sulA
rcdA,+,RcdA
rcdA,+,csgD
rcdA,-,ybjI
rcdA,+,csgE
rcdA,-,yagK
rcdA,+,CsgD
rcdA,+,rsd
rcdA,+,ydeI
rcdA,+,asr
rcdA,+,bluF
rcdA,+,rmf
rclR,+,rclA
rclR,+,rclB
rclR,+,rclC
rcnR,-,rcnB
rcnR,-,rcnA
rcnR,-,RcnR
rcnR,-,rcnR
rcsB,+,lolA
rcsB,+,bdm
rcsB,+,rseA
rcsB,+,YdeO
rcsB,+,rseB
rcsB,+,rseC
rcsB,+,ydeP
rcsB,+,safA
rcsB,+,ydeO
rcsB,+,gadC
rcsB,-,GadX
rcsB,+,gadY
rcsB,+,osmB
rcsB,+,rseD
rcsB,+,ftsA
rcsB,+,rprA
rcsB,+,osmC
rcsB,+,hdeA
rcsB,+,hdeB
rcsB,+,yhiD
rcsB,+,gadB
rcsB,+,hdeD
rcsB,+,ftsZ
rcsB,-,gadX
rcsB,-,gadA
rcsB,+,rarA
rcsB,+,sra
rcsB,+,rpoE
rcsB;gadE,+,cadB
rcsB;gadE,+,yhiM
rcsB;gadE,+,aslB
rcsB;gadE,+,gadX
rcsB;gadE,+,adiC
rcsB;gadE,+,GadX
rcsB;gadE,+,gadA
rcsB;gadE,+,cadA
rcsB;gadE,+,dctR
rcsB;gadE,+,slp
rcsB;rcsA,-,flhD
rcsB;rcsA,-,flhC
rcsB;rcsA,+,wza
rcsB;rcsA,-,csgF
rcsB;rcsA,-,csgE
rcsB;rcsA,-,csgD
rcsB;rcsA,+,wcaB
rcsB;rcsA,+,wzb
rcsB;rcsA,+,yjbF
rcsB;rcsA,-,CsgD
rcsB;rcsA,-,csgG
rcsB;rcsA,+,wcaA
rcsB;rcsA,+,yjbH
rcsB;rcsA,+,rcsA
rcsB;rcsA,+,yjbE
rcsB;rcsA,+,yjbG
rcsB;rcsA,+,wzc
relB,-,RelB
relB,-,relE
relB,-,relB
relB,-,hokD
relB;relE,-,relB
relB;relE,-,hokD
relB;relE,-,RelB
relB;relE,-,relE
rhaR,+,rhaR
rhaR,+,RhaS
rhaR,+,RhaR
rhaR,+,rhaS
rhaS,+,RhaR
rhaS,+,rhaB
rhaS,+,rhaA
rhaS,+,RhaS
rhaS,+,rhaT
rhaS,+,rhaS
rhaS,+,rhaR
rhaS,+,rhaD
rne,-,rne
rob,+,acrB
rob,-,actP
rob,-,yjcH
rob,+,marB
rob,+,mdtD
rob,+,yacH
rob,+,chaC
rob,-,fadD
rob,+,acrA
rob,-,elaB
rob,-,yhbO
rob,-,acs
rob,-,astC
rob,+,ydcL
rob,+,ybjN
rob,+,ybiT
rob,+,mdaB
rob,+,ldtB
rob,+,acrZ
rob,+,nfsB
rob,+,micF
rob,+,ybjC
rob,+,yhbW
rob,+,marR
rob,-,yiaG
rob,+,inaA
rob,-,Rob
rob,+,MarA
rob,+,marA
rob,+,aldA
rob,+,aslB
rob,+,dapD
rob,-,fadA
rob,-,fadB
rob,-,fadL
rob,+,fumC
rob,+,map
rob,+,narG
rob,+,nfo
rob,+,MarR
rob,+,acnA
rob,+,glgS
rob,+,mltF
rob,+,glnD
rob,-,rob
rob,+,rimK
rob,+,sodA
rob,+,tolC
rob,+,ygiB
rob,+,ygiC
rob,+,zwf
rob,+,nfsA
rplA,-,rplK
rplA,-,rplL
rplA,-,rpoB
rplA,-,rplJ
rplA,-,rpoC
rplA,-,rplA
rplD,-,tnaA
rplM,-,rplM
rplM,-,rpsI
rplT,-,rpmI
rplT,-,rplT
rplY,-,rplY
rpmE,-,rpmE
rpoN,-,fadL
rpoN,-,mutM
rpoN,-,nth
rpoN,-,cspC
rpoN,-,yobF
rpoN,-,yfcZ
rprA,-,NarP
rprA,-,CsgD
rprA,-,hdeD
rprA,-,lrhA
rprA,-,csgG
rprA,-,csgF
rprA,-,csgE
rprA,-,csgD
rprA,-,dgcM
rprA,-,LrhA
rprA,-,narP
rprA,+,rpoS
rpsA,+,rpsO
rpsA,-,rpsA
rpsA,+,pnp
rpsA,+,manY
rpsA,+,fis
rpsA,+,Fis
rpsB,-,tsf
rpsB,-,tff
rpsB,-,rpsB
rpsD,-,rplQ
rpsD,-,rpsD
rpsD,-,rpsK
rpsD,-,rpsM
rpsG,-,fusA
rpsG,-,rpsG
rpsG,-,rpsL
rpsG,-,tufA
rpsH,-,rpmJ
rpsH,-,rpsN
rpsH,-,rpsH
rpsH,-,rpsE
rpsH,-,rplE
rpsH,-,rplR
rpsH,-,rplN
rpsH,-,rplF
rpsH,-,secY
rpsH,-,rpmD
rpsH,-,rplX
rpsH,-,rplO
rpsO,-,rpsO
rpsR;rpsF,-,rplI
rpsR;rpsF,-,rpsF
rpsR;rpsF,-,rpsR
rpsR;rpsF,-,priB
rseX,-,fimB
rseX,-,ompC
rseX,-,ompA
rseX,-,ihfB
rspR,-,rspB
rspR,-,rspA
rstA,+,narG
rstA,+,narI
rstA,+,narJ
rstA,-,ompF
rstA,-,csgG
rstA,-,csgF
rstA,-,csgE
rstA,-,csgD
rstA,+,asr
rstA,-,CsgD
rstA,+,narH
rtcR,+,rtcA
rtcR,+,rtcB
rutR,-,rutF
rutR,-,GadX
rutR,-,GadW
rutR,-,gloA
rutR,-,fepB
rutR,-,gadW
rutR,-,NemR
rutR,-,nemA
rutR,+,carB
rutR,-,nemR
rutR,-,rutA
rutR,-,rutB
rutR,-,rutC
rutR,-,rutD
rutR,-,gadX
rutR,-,rutR
rutR,-,rutG
rutR,-,pdeR
rutR,-,rutE
rutR,-,RutR
rutR,+,carA
rybB,-,tsx
rybB,-,csgF
rybB,-,csgG
rybB,-,fiu
rybB,-,rluD
rybB,+,maoP
rybB,-,ompW
rybB,-,sdhC
rybB,-,csgD
rybB,-,CsgD
rybB,-,rbsB
rybB,-,ompF
rybB,-,fadL
rybB,-,nmpC
rybB,-,ompC
rybB,-,csgE
rydC,-,CsgD
rydC,-,pheA
rydC,+,trpC
rydC,+,trpA
rydC,+,trpB
rydC,+,trpE
rydC,+,trpL
rydC,+,trpD
rydC,-,csgE
rydC,-,csgF
rydC,-,csgG
rydC,+,cfa
rydC,-,csgD
ryhB,-,cysE
ryhB,+,cirA
ryhB,-,bfr
ryhB,-,nuoA
ryhB,-,sdhB
ryhB,-,nuoE
ryhB,-,nuoG
ryhB,-,nuoH
ryhB,-,nuoI
ryhB,-,nuoJ
ryhB,-,nuoK
ryhB,-,nuoL
ryhB,-,nuoC
ryhB,-,nuoB
ryhB,-,sucC
ryhB,-,sucB
ryhB,-,nirB
ryhB,-,hemH
ryhB,-,IscR
ryhB,-,MarA
ryhB,-,Fur
ryhB,-,sucD
ryhB,-,sdhC
ryhB,-,iscA
ryhB,-,sdhA
ryhB,-,sdhD
ryhB,-,sodA
ryhB,-,marA
ryhB,-,nuoM
ryhB,-,nuoF
ryhB,-,fur
ryhB,-,sodB
ryhB,-,sucA
ryhB,-,fumA
ryhB,-,hemB
ryhB,-,grxD
ryhB,-,nuoN
ryhB,-,erpA
ryhB,-,iscR
ryhB,-,iscS
ryhB,-,acnB
ryhB,-,iscU
ryhB,+,shiA
ryhB,-,b0725
ryhB,-,sdhX
ryhB,-,uof
ryhB,-,msrB
sdhX,-,ackA
sdhX,-,fdhE
sdhX,-,katG
sdhX,-,fdoI
sdhX,-,fdoG
sdhX,-,fdoH
sdiA,+,rflP
sdiA,+,rsd
sdiA,+,gadY
sdiA,+,GadW
sdiA,+,rmf
sdiA,-,ftsA
sdiA,-,ftsZ
sdiA,-+,ftsQ
sdiA,+,gadW
sdsN,-,NarP
sdsN,-,hmp
sdsN,-,nfsA
sdsN,-,narP
sdsR,-,yhcB
sdsR,-,tolC
sdsR,-,mutS
selB,-,selA
selB,-,selB
sgrR,-,SgrR
sgrR,+,sgrS
sgrR,+,alaC
sgrR,-,sroA
sgrR,+,sgrT
sgrR,+,setA
sgrR,-,thiB
sgrR,-,thiP
sgrR,-,thiQ
sgrR,-,sgrR
sgrS,-,ptsG
sgrS,-,AdiY
sgrS,-,PurR
sgrS,-,folE
sgrS,-,manY
sgrS,-,adiY
sgrS,+,yigL
sgrS,-,yeiB
sgrS,-,asd
sgrS,-,manX
sgrS,-,manZ
sgrS,-,purR
sibC,-,ibsC
slyA,+,gspL
slyA,+,gspJ
slyA,+,gspI
slyA,+,gspH
slyA,+,LeuO
slyA,+,yjiN
slyA,+,gspD
slyA,-,sgcQ
slyA,+,SlyA
slyA,-,sgcR
slyA,+,gspG
slyA,+,gspF
slyA,-,sgcE
slyA,+,gspE
slyA,+,gspK
slyA,+,gspC
slyA,+,paaA
slyA,+,leuO
slyA,+,casA
slyA,+,gspO
slyA,+,rsd
slyA,+,gspM
slyA,+,pagP
slyA,-,sgcA
slyA,-,sgcC
slyA,-,sgcX
slyA,+,mdtM
slyA,+,cas2
slyA,+,rmf
slyA,-,sgcB
slyA,-,fecI
slyA,+,hlyE
slyA,+,paaB
slyA,+,elfA
slyA,+,paaD
slyA,+,casB
slyA,+,casC
slyA,+,casD
slyA,+,casE
slyA,+,paaC
slyA,+,slyA
slyA,+,cas1
slyA,+,paaJ
slyA,+,paaI
slyA,+,paaH
slyA,+,paaG
slyA,+,paaF
slyA,+,paaE
slyA,+,paaK
slyA,-,fecR
soxR,+,yrbL
soxR,+,SoxS
soxR,-,SoxR
soxR,+,yjcB
soxR,+,aroF
soxR,+,soxS
soxR,-,soxR
soxR,+,sodA
soxR,+,fumC
soxR,+,tyrA
soxS,+,ribA
soxS,+,pgi
soxS,+,poxB
soxS,+,ptsG
soxS,+,rimK
soxS,+,tolC
soxS,-,soxS
soxS,-,ompW
soxS,+,glnD
soxS,+,ygiB
soxS,+,sodA
soxS,+,nfo
soxS,+,map
soxS,+,fpr
soxS,+,fur
soxS,+,fumC
soxS,+,fldA
soxS,+,dapD
soxS,+,cadA
soxS,+,aldA
soxS,+,ygiC
soxS,+,zwf
soxS,+,nfsA
soxS,+,acnA
soxS,-,rob
soxS,-,Rob
soxS,+,waaY
soxS,+,pqiC
soxS,+,marA
soxS,+,waaZ
soxS,+,acrZ
soxS,+,marR
soxS,+,DecR
soxS,+,decR
soxS,+,uof
soxS,+,nfsB
soxS,+,micF
soxS,+,ybjC
soxS,+,ybjN
soxS,+,pqiA
soxS,+,pqiB
soxS,+,marB
soxS,+,inaA
soxS,+,MarR
soxS,+,acrA
soxS,+,ompN
soxS,+,ydbK
soxS,+,acrB
soxS,+,mdaB
soxS,-,SoxS
soxS,+,nepI
soxS,+,Fur
soxS,+,fldB
soxS,+,zinT
soxS,+,yhbW
soxS,+,yrbL
soxS,+,MarA
spf,-,srlA
spf,-,nanC
spf,-,fucP
spf,-,fucK
spf,+,dppB
spf,-,paaK
spf,-,maeA
spf,-,sdhC
spf,-,gltA
spf,-,glpF
spf,-,gdhA
spf,-,yjiA
spf,-,araF
spf,-,ascF
spf,-,galK
spf,-,sthA
spf,-,caiA
spf,-,sucC
spf,-,lldP
spf,+,gss
spf,-,ebgC
spf,-,fucI
spf,-,ytfJ
spf,-,xylF
spf,-,nanT
spf,-,puuE
spf,-,atoD
sraG,-,pnp
srlR,-,srlD
srlR,-,srlR
srlR,-,gutQ
srlR,-,srlA
srlR,-,gutM
srlR,-,srlB
srlR,-,GutM
srlR,-,SrlR
srlR,-,srlE
srsR,+,paaD
srsR,+,paaE
srsR,+,paaZ
srsR,+,paaG
srsR,+,paaC
srsR,+,paaH
srsR,+,paaB
srsR,+,paaA
srsR,+,dhaK
srsR,+,fucP
srsR,+,bluR
srsR,+,BluR
srsR,+,FucR
srsR,+,adhE
srsR,+,fucA
srsR,+,fucI
srsR,+,fucK
srsR,+,fucO
srsR,+,paaI
srsR,+,fucR
srsR,+,fucU
srsR,+,hycB
srsR,+,narZ
srsR,+,pflB
srsR,+,dhaM
srsR,+,yafQ
srsR,+,dinJ
srsR,+,yafL
srsR,+,dhaL
srsR,+,paaJ
srsR,+,paaF
srsR,+,cdgI
srsR,+,yfdP
srsR,+,yfdM
srsR,+,yfdL
srsR,+,yfdQ
srsR,+,yfdN
srsR,+,paaK
srsR,+,yfdO
srsR,+,yfdK
stfZ,-,ftsZ
stpA,-,fau
stpA,+,cas1
stpA,+,casB
stpA,+,casC
stpA,+,malH
stpA,-,ssrS
stpA,-,LeuO
stpA,-,StpA
stpA,+,cas2
stpA,+,malE
stpA,+,malF
stpA,+,malG
stpA,-,stpA
stpA,-,proW
stpA,+,casD
stpA,+,casE
stpA,-,proX
stpA,-,proV
stpA,+,casA
stpA,-,leuO
stpA,-,bglG
stpA,-,bglB
stpA,-,bglF
sutR,-,ydcO
sutR,-,fliZ
sutR,-+,sutR
sutR,-,fliA
sutR,-,pfkB
sutR,-,FliZ
sutR,-+,SutR
sutR,-,tcyJ
sutR,+,ypfN
sutR,-,cysE
sxy;crp,+,sxy
symR,-,symE
tdcA,+,TdcA
tdcA,+,tdcE
tdcA,+,tdcA
tdcA,+,tdcB
tdcA,+,tdcC
tdcA,+,tdcD
tdcA,+,tdcG
tdcA,+,tdcF
tdcR,+,tdcG
tdcR,+,tdcF
tdcR,+,tdcE
tdcR,+,tdcB
tdcR,+,tdcA
tdcR,+,TdcA
tdcR,+,tdcC
tdcR,+,tdcD
thrS,-,thrS
torR,-,TorR
torR,+,GadE
torR,+,gadC
torR,-+,gadA
torR,-,torR
torR,-+,gadX
torR,+,mdtF
torR,+,mdtE
torR,+,torD
torR,+,slp
torR,+,torC
torR,+,torA
torR,+,gadE
torR,+,adiA
torR,+,gadB
torR,+,adiC
torR,+,hdeB
torR,+,hdeA
torR,+,tnaC
torR,+,tnaB
torR,-+,GadX
torR,+,yhiD
torR,+,rpoS
torR,+,tnaA
treR,-,treC
treR,-,treB
trpR,-,yaiA
trpR,-,aroH
trpR,-,aroL
trpR,-,aroM
trpR,-,mtr
trpR,-,trpA
trpR,-,trpB
trpR,-,trpR
trpR,-,trpD
trpR,-,trpC
trpR,-,TrpR
trpR,-,trpE
trpR,-,trpL
ttdR,+,Dan
ttdR,+,ttdA
ttdR,+,ttdT
ttdR,+,ttdR
ttdR,+,ttdB
tyrR,-,aroM
tyrR,+,folA
tyrR,-,yaiA
tyrR,-,tyrR
tyrR,-+,tyrP
tyrR,-,tyrB
tyrR,-,aroF
tyrR,-,aroG
tyrR,-,TyrR
tyrR,-,aroL
tyrR,-,aroP
tyrR,+,mtr
tyrR,-,tyrA
uhpA,+,uhpT
uhpA,+,uhpU
uhpU,-,lrhA
uhpU,+,fliC
uhpU,-,LrhA
uidR,-,uidC
uidR,-,uidB
uidR,-,uidA
uidR,-,uidR
uidR,-,UidR
ulaR,-,ulaE
ulaR,-,ulaA
ulaR,-,ulaB
ulaR,-,ulaG
ulaR,-,ulaC
ulaR,-,ulaD
ulaR,-,ulaF
uvrY,+,ydeP
uvrY,+,csrC
uvrY,+,csrB
uvrY,+,luxS
uvrY,+,uhpT
uvrY,+,uhpU
uxuR,-,lgoR
uxuR,-,uxuA
uxuR,-,ExuR
uxuR,-,lgoD
uxuR,-,uidC
uxuR,-,uidA
uxuR,-,uxuB
uxuR,-,UxuR
uxuR,-,gntP
uxuR,-,uidB
uxuR,-,fliC
uxuR,-,uxuR
uxuR,-,exuR
xapR,+,xapA
xapR,+,xapB
xylR,-,araC
xylR,+,xylA
xylR,+,xylB
xylR,+,xylE
xylR,+,xylG
xylR,+,xylR
xylR,+,xylH
xylR,-,AraC
xylR,+,XylR
xylR,+,xylF
xynR,-,yagF
xynR,-,yagE
xynR,-,insX
xynR,-,yagB
xynR,-,yagA
yafC,+,cysJ
yafQ;dinJ,-,cspE
yafQ;dinJ,-,yafQ
yafQ;dinJ,-,dinJ
yciT,+,bsmA
yciT,+,ybiY
yciT,-,rdcA
yciT,-,cusF
ycjW,-,ycjP
ycjW,-,ycjV
ycjW,-,ycjU
ycjW,-,ymjB
ycjW,-,ycjN
ycjW,-,ycjS
ycjW,-,ycjR
ycjW,-,ycjQ
ycjW,-,ycjO
ycjW,-,ycjM
ycjW,-,ycjT
ycjW,-,ompG
ydaT,+,rcsA
ydcI,+,flu
ydcI,+,iraP
ydcI,+,gadB
ydcI,+,smrB
ydcI,+,isrC
ydeO,+,gadF
ydeO,+,gadW
ydeO,+,gadB
ydeO,+,mdtE
ydeO,+,slp
ydeO,-,safA
ydeO,+,dctR
ydeO,+,uspD
ydeO,+,yiiS
ydeO,+,gadE
ydeO,-,adiA
ydeO,+,appX
ydeO,+,mdtF
ydeO,+,appC
ydeO,+,nhaR
ydeO,+,appA
ydeO,+,hyaA
ydeO,+,hyaB
ydeO,+,appB
ydeO,+,hyaC
ydeO,+,hyaD
ydeO,-,ydeO
ydeO,+,hyaF
ydeO,-,YdeO
ydeO,+,NhaR
ydeO,+,GadE
ydeO,+,GadW
ydeO,+,hyaE
ydiP,+,cspE
ydiP,+,cspA
yebK,-,YebK
yebK,-,yebK
yefM,-,yoeB
yefM,-,yefM
yefM,-,YefM
yegW,-,yegT
yeiE,+,yoaC
yeiE,-,cysJ
yeiE,-,infA
yeiE,-,pflB
yeiE,-,putA
yeiE,-,argO
yeiE,+,gltF
yeiE,-,ftp
yeiE,-,mdtF
yeiE,-,dcuC
yeiE,-,yibQ
yeiE,+,uspF
yeiE,-,ydcT
yeiE,+,sodC
yeiE,-,PutA
yeiE,-,ssuA
yeiL,+,YeiL
yeiL,+,yeiL
yfeC,-,ygdR
yfeC,-,rpmH
yfeC,-,rpmB
yfeC,+,YfeC
yfeC,-,rpsU
yfeC,+,yfeC
yfeC,-,hybE
ygbI,-,ygbK
ygbI,-,ygbJ
ygiV,-,McbR
ygiV,-,mcbR
yhaJ,+,yhhW
yhaJ,+,yhaL
yhaJ,+,yhaK
yhaJ,+,ygiD
yhaJ,+,ybiJ
yhaJ,+,YhaJ
yhaJ,+,yhaJ
yhaJ,+,yqjF
yhaJ,+,bssS
yiaU,+,yiaW
yiaU,+,yiaT
yiaU,+,adeP
yiaU,+,yiaV
yiaU,+,waaP
yiaU,+,gltD
yidZ,-,rbsD
yidZ,-,malE
yidZ,-,rof
yidZ,-,ppiC
yieP,+,ybiX
yieP,-,ykgE
yieP,-,dauA
yieP,-,cusA
yieP,-,yohJ
yjjQ,-,flhD
yjjQ,-,flhC
yjjQ,-,ompC
yjjQ,-,yfiB
yjjQ,-,yciX
yjjQ,-,yfiR
yjjQ,-,ymiA
yjjQ,-,ybhL
yjjQ,-,gfcA
yjjQ,-,dgcN
yoeB;yefM,-,yefM
yoeB;yefM,-,yoeB
yoeB;yefM,-,YefM
yqhC,+,dkgA
yqhC,+,yqhD
yrdG,-,mscL
zntR,-+,zntA
zntR,-,rsd
zntR,-,rmf
zraR,+,rfaD
zraR,+,pnp
zraR,+,zraR
zraR,+,glnH
zraR,+,glnA
zraR,-,fhuA
zraR,+,yjjY
zraR,+,rpoH
zraR,+,zraS
zraR,+,ExuR
zraR,+,GadW
zraR,-,CspA
zraR,+,ZraR
zraR,+,acrE
zraR,-,cspA
zraR,+,tnaB
zraR,+,cspB
zraR,+,cpxP
zraR,+,yhhY
zraR,+,yrdD
zraR,-,rmf
zraR,+,sspA
zraR,+,tnaA
zraR,+,raiA
zraR,+,fliA
zraR,+,mdtL
zraR,+,zraP
zraR,+,ssrA
zraR,+,gadW
zraR,+,mgtA
zraR,+,exuR
zraR,+,yhdW
zur,-,zinT
zur,-,znuB
zur,-,ykgO
zur,-,ykgM
zur,-,pliG
zur,-,znuC
zur,-,znuA
